sample_order,item_id,group_id,case_id,wiki_revision_id,page,gold_label,claim,evidence,evidence_words,evidence_chars,evidence_length_quartile,claim_sha256,evidence_sha256,pair_sha256,group_size,prompt_sha256
1,5ed7ad03c9e77c00084a77f8_3,vcgrp_20d98561adc541ed08ca,5ed7ad03c9e77c00084a77f8,850439943,ChuChu TV,REFUTES,"After June 2018 , the YouTube channel ChuChu TV received more than 1.45 billion views on YouTube .","ChuChu TV has been rated a 4 Star by Common Sense Media which is the most trusted kids and family media rating system in USA.On 14 November 2014 , ChuChu TV Nursery Rhymes released `` Johny Johny Yes Papa and Many More Videos '' , which has received over 1.4 billion views as of May 2018 , making it the third most viewed YouTube non-music video of all time .",70,359,4,01a60f60e618bc77aec61f3a5276dd60a4c7f04421458ea21462aa786b987275,45eba8fba7cd9abda79fe2cbb61de4763453c9041f55ca0243815bebb393426f,053266d0612077b217f93e407fb0beac43005deb33ed73e291f2221febcc0687,4,90b6347969a23e2a706998d9407ed54191ba679754e7d0b94d56d2ecc5f2a603
2,5ee39419c9e77c0008ccfaf1_2,vcgrp_ef71fe09af5dd5278c43,5ee39419c9e77c0008ccfaf1,812621995,Mad Max-COLON- Fury Road,REFUTES,"In Mad Max : Fury Road , Max and Furiosa recover the dignity they 've lost .","The struggle to maintain one 's humanity is illustrated as Max begins the film a feral wanderer seeking only to survive , but his partnering with Furiosa allows both of them to rediscover the common dignity that makes them human .",41,230,4,2aec3b605eef523cecd504a5c4aab45e039f1712087cbf06f20080674034d44c,92afe2fa75260659bc0e00c89854e6885cabd972bf153f4bf4c33cecd8edd8be,daf5f1e2bca89773e4ff5653c38b1fdbd5d206c780c6f69e72ffc6cc72210fae,4,0b2d16e9632d8dd6fe833675e700a761fecf05be176624d62304093d4bd4849e
3,5eb29889c9e77c0008d93f82_2,vcgrp_8c0bcc70860caf115f0e,5eb29889c9e77c0008d93f82,877474671,Jamiroquai,SUPPORTS,Stuart Zender left Jamiroquai on bad terms with Kay .,"During its production , bassist Stuart Zender left Jamiroquai due to conflicts with Kay .",15,89,1,5dfc4831141d0ce09a5356291204d73f268f13e743193cb6413033fb789de41e,07dfd50087ae61d51a3166d56365b7383b8d402e0f94e2054a72262ca19df4db,a6f1c6f0956446b7064248bc6f50be8208b6e2fd9e2849a3c8e1d80fe766b487,1,ac91f1cce58641597e23fcc56009d98bcc64c27e2155c5ee51151cd7c5d0f8fe
4,5ee3932bc9e77c0008cca8b9_4,vcgrp_5e7191f5bc197eda4557,5ee3932bc9e77c0008cca8b9,949276500,2020 coronavirus pandemic in New York -LRB-state-RRB-,SUPPORTS,"New York state has over 120,000 confirmed coronavirus cases and more than 4,000 deaths .","there have been 122,031 confirmed cases in the state , and of those 4,159 people have died .",18,92,1,125257348323af89f144955101371267f7bf66709dd4b5a8876e3bb449ef64ee,e6c56c539d9091882b654c688785881daf8f0728412599bf03a1688597d50c1b,ef3d384674a7ca5427457a2394bf1f6c1538b8d83958b595c0a183a71d238a4f,12,71928f627eee29ba110b86e31c83402861da2094297733f5686829f4c37fdb31
5,5ec7d50dc9e77c0008441b03_1,vcgrp_17441e395cc8528d10f7,5ec7d50dc9e77c0008441b03,630444004,The Hollies,SUPPORTS,The Hollies was a famous band in the mid-1970s .,The Hollies became one of the leading British groups of the 1960s ( 231 weeks on the UK singles charts during the 1960s ; the 9th highest of any artist of the decade ) and into the mid 1970s .,40,192,3,fb42b0690e85c17cc85d0d1b3609fcc28e6d09466fd89acbb8df57b38256e501,c8b9e43e3c08e5e1fa47f2e5b14e48f7527bb0eff0fb2b3ba7d8fcd915b0ed0a,a6fc5d1d1422803fdc3088f59b049ba96a3914d77f629ab19735b6f907f3306b,1,d4ff8b1c9245602d77e5d7ecef8b598fe52273ddbda263e9cb98792de2337609
6,5ed7ad02c9e77c00084a6fc5_3,vcgrp_e5a0a9e8faccc3acac7b,5ed7ad02c9e77c00084a6fc5,933320321,Hult International Business School,SUPPORTS,Hult International Business School has campuses in many cities in the world including Ashridge .,"Hult International Business School ( also known as Hult Business School or Hult ) is a private business school with campuses in Cambridge , London , Ashridge , San Francisco , Dubai , New York City , and Shanghai .",40,214,3,f48cb2caccc5740d327f71057fabc3bfe5e64e185b03d513fbda41d670343e88,1481b06176bdc802e3ebad159b86b41f017203de3d126d2acfd8949546af2a56,1997e7e698d855247d9a4219be4a24c3d4d24f8dfc30addbfc0916f9b6b2b722,1,7db2f187d85d4d5633fd133e55bcd5f558bb8b48e8524bfc19593d9e72dc0391
7,5ec7d50bc9e77c0008440cf3_2,vcgrp_ec9e9d11f815ca793c6b,5ec7d50bc9e77c0008440cf3,534309175,Shottas,REFUTES,Dreadzaveli is Errol and Kymani Marley .,"The film tells the story of two young men , @ Dreadzaveli @ Cheekzaveli ( Errol ) ( Kymani Marley ) and Wayne ( Spragga Benz ) , who grow up together in the tough and dangerous streets of ( Waterhouse ) Kingston .",44,213,4,ca34872cf665ec21d29d2cca9797e59466a62db67dffb140fae97ac1a1b872cc,bc719e05c6d94f48a5bb35ed762d1ded71640574ac301feae4ccbf386cfd442a,a421a6512cfb164e98bbc1cb034ee772eb1369e4bbf9923d6cfba500f5abea77,4,19be6aa51a685fbe25117949ac40447e70426197a7a5d1f06be8783a998d177a
8,5ece9463c9e77c000846737e_1,vcgrp_aa49f037a40981f1d204,5ece9463c9e77c000846737e,494820885,Simon Mayo,SUPPORTS,Sol Bamba hosted Simon Mayo 's breakfast show when the latter was on vacation .,"Presenters who covered the breakfast show when Mayo took holidays included Bruno Brookes , Gary King , Phillip Schofield , Nicky Campbell , Sol Bamba and Mark Goodier .",29,168,2,2184ae15e7267432522a8bd49245276ea14b6d0fa2fa9bb2c8810b340245f8f9,b6d8af1f06efa949b5e186b2358426da3089f5735151ebda214bfdc1fa811d40,4ecfc25d40184b1ec2138bf32aac9df1dc76c0e624f164eff0cf5c76d9792db8,1,1780a657355abb552e4615f2eb0264da1f531076c121ee3ae5853ebaffcc0f49
9,5ede072ec9e77c00084d2402_2,vcgrp_b9cdecc2291d88f834fa,5ede072ec9e77c00084d2402,909086102,John Wick-COLON- Chapter 3 – Parabellum,REFUTES,John Wick : Chapter 3 – Parabellum grossed less than $ 149.5 million outside the United States and Canada and less than $ 319.5 million worldwide .,", John Wick : Chapter 3 – Parabellum has grossed $ 169.9 million in the United States and Canada , and $ 149.9 million in other territories , for a worldwide total of $ 319.8 million .",37,184,4,842fd626f50024b96029c07eac3426a0f2fcabd365f265afca2cd6b93b4d235a,48b3ea66c7a68591d1fdfbb34c2cdd3b1ee5206140910578580d24b7ff263a7c,2e56782c277ab3169fcfcb0e531728e78cbd9940a75404c80232040956519f63,4,d36d6cd967f92046ba213ff5a4a2cbbfc3d467b6661a784d91a50d255322fe34
10,5ee39419c9e77c0008ccfc4c_3,vcgrp_7c3c37ff2279f0aa91df,5ee39419c9e77c0008ccfc4c,684832473,The Raven -LRB-2012 film-RRB-,REFUTES,The Raven film has a rating of 22 % on Rotten Tomatoes based on more than 128 reviews .,"On Rotten Tomatoes , the film holds a rating of 23 % , based on 128 reviews .",18,77,1,0fb0bd116a803f07a3fc4dc98fd3cffc8043f0eea5ab14187859d67d6e0926bb,ab2505dfed715541757c9b950d43f73957db49ba109862797d67a897f1cbfa02,75062ebbc52b35043fa28356ff8a58d221076b4cdae44fa3b7da9b73371d7945,4,3a9daf2f6a7be4dc49e8fbc1bb8f6af0879a228b6b9df75cf2b91461f517fcf2
11,5ece9462c9e77c0008466cc5_2,vcgrp_02a48d79fd95cd2bfc15,5ece9462c9e77c0008466cc5,758929669,Andre Johnson,REFUTES,Andre Johnson is ranked below ten in the NFL list of career receptions .,"He is eleventh all-time in NFL career receptions , and 10th all-time in NFL receiving yards .",17,93,1,e7ff64d9de6fe527eeb4557785bca1772c802f886ec86707fd9b40cdaacd1853,e6cd7c34c41ab5b5c17701afd963d7e3b3cb860e9a5d654d513f20d6ee194bb0,affe8c6d38dcfa0a92f75a2d2906d70287e06a5e92c470b6a95bbe701083fd40,4,1dc7c40cca56c4055c8f871252a25fb4c4785101c8684b2dd0eeaa24c14ffa39
12,5ede072fc9e77c00084d2d32_2,vcgrp_980d441a72e43f54d10f,5ede072fc9e77c00084d2d32,745468357,Funeral for a Friend,SUPPORTS,"The final band members of Funeral for a Friend were Matthew Davies-Kreye , Kris Coombs-Roberts , Gavin Burrough , Richard Boucher and Casey McHale .","At the time of their disbandment , their final line-up consisted of lead vocalist Matthew Davies-Kreye , guitarists Kris Coombs-Roberts and Gavin Burrough , bassist Richard Boucher and drummer Casey McHale .",32,207,3,18b18c828be3deb18641eda43f630eecaa94e58bf02992952e4dad0e43818449,13e57d1ad7488452dc99f245ff99e990db8194eab429b9d23a27d23f598dc4d4,981c556d7d0823705f1973473a86fe268a61d7f957d5cb4af62276836471ede5,1,fc199248599fdd8250f330d5f48cdf8934e64c659b31dacb631fa4ae50bbda88
13,5eb29886c9e77c0008d929b9_3,vcgrp_ddf2103fc28310424b6b,5eb29886c9e77c0008d929b9,802459544,Enter the Matrix,REFUTES,"The game Enter the Matrix was published by Atari , Inc .",Enter the Matrix is an action-adventure video game developed by Shiny Entertainment and published by Infogrames It was the first game based on The Matrix series of films .,29,171,3,8e5edf04ba161503414fb1ac433f58b340714c21a44a91c8f7e278f5172d0e43,2c483d6b1ef2595a7f3c0cfeb31ad2fa61478d824185886f7f34ce96e40709fe,0370029927f969d6225e89a6f6c39d766bcffc099d78234f2abcef6d3b887e2b,4,860bb755f9a21383244bd82cdc63b5b97a89fccb957e95bfc2b3afdf8dc93ef1
14,5ed4de09c9e77c000848adbf_3,vcgrp_c6ea018d5927e32cb016,5ed4de09c9e77c000848adbf,901586398,Shadow of the Tomb Raider,SUPPORTS,Rise of the Tomb Raider was released after Shadow of the Tomb Raider .,"Development of Shadow of the Tomb Raider began in 2015 , shortly after the release of Rise of the Tomb Raider .",22,111,2,91d92ddfe61abfe5871e6f71bbd9698d23fa8520500c71a39ff0991d6964a5e9,cdf2e46be6c10836fec365c28c9cc1733a30474f306d7dfe1c77241b7eb7069c,cf5b8feacbb627a5a2e8378b26852fbeb8431f3d9b93ce211ddbdcd7a2ab6abb,1,d309d54ffc229fb097208b745c6467829b9cc08615dc04f25be652fc4663a445
15,5ec284fec9e77c00084173d6_3,vcgrp_e7e0b627d6823650dd82,5ec284fec9e77c00084173d6,888670366,"Thank U, Next -LRB-song-RRB-",REFUTES,"The song `` Thank U , Next '' is based around a chord progression of Bmin7–F7/A–Bm7–D7/C .","The song is based around a chord progression of Gmaj7–F7/A–Bm7–D7/C.Grande explained in an interview that `` thank u , next ... '' is a phrase that she and fellow singer/songwriter Victoria Monét use .",34,201,3,29d9e3d6438b3f1ca33d39f83aaed41e43b2305817c0a31510bf2075a45ca8a4,648fb4175e39a5f792d89474d8a438f0e9dc2399cd32d123d02aee093a32b2a3,d07e31d4a4c89cd29f53009c1beae23d316db252793b5994cadc34feac302387,4,ad5202ce0b187a68210ef956bfedac51b1de4ab41d35dfe4a6e4500c7a748ff0
16,5ec5598dc9e77c000842c3ac_2,vcgrp_a5c7069ea7a41068e325,5ec5598dc9e77c000842c3ac,594064803,"Carrollton, Texas",REFUTES,"According to the census conducted before 2005 , the median income for a household in Carrollton , Texas was less than $ 65,000 .","At the 2010 census , the median income for a household in the city was $ 70,960 and the median income for a family was $ 68,672 .",28,129,3,7db511bd3ab4b88045f4ca5ec4594be1757ccd90bb032cb94af51a678e270778,79e2c65edfadf23cd6c312220a2cde828cff4be332643297b86066514f46a8c8,e4b3c33db1ee7ae77685541f43a8298f9918afc46fd2b088611ec942840ffc41,5,fdfc73f412b30aacc215c4e0ab5333e5c4ae6b795a98de1f8325af1b1453a8ac
17,5ece9462c9e77c0008466cc9_2,vcgrp_52ed62e7aee8312db4d2,5ece9462c9e77c0008466cc9,700701182,Andre Johnson,REFUTES,Andre Johnson is ranked above 10 in the NFL list of all-time receiving yards .,"He is currently ninth all-time in NFL career receptions , and 9th all-time in NFL receiving yards .",18,99,2,48f70fdbd3a6993b3649f786bf032a37c469fa004758450c06130d0f5087d79e,290138a9846300bc4a9d83b5278f09bd2ebbefc6acb309cdf4940d5a9c7f0ebe,32233bb4b1af6f74039e3e9368561763a7b0f5a48d2691bf5ae2e4c82ea1f359,4,d9e41d7728812ff28747a2d54b043edf486453566508edff3ff99760570d8403
18,5ed4de09c9e77c000848a81d_3,vcgrp_dad547f321bb208db15e,5ed4de09c9e77c000848a81d,806928008,Star Wars Rebels,REFUTES,The final season of Star Wars Rebels was to run for more than 15 episodes .,"On April 15 , during Star Wars Celebration , it was announced the fourth season would be the final season , which will run for 15 episodes .",28,140,3,09be183686a9dab5e15e9432a6220906dac94a425037a48e5505ba355c79141b,c80cdf71ebc9639946db263105634cec851863a217635b40766ee2f8747da74b,a1ca4eb0b694cc914c3bc92691bebc4aaea6a39658eddc087d3fcef902777312,4,50c49df4d0198a547cba603bc6c5b895b3dd63777640470537f2dc73d1df1b3f
19,5ebe6f2dc9e77c00084077e9_2,vcgrp_4c1dd9c71e059c0eb971,5ebe6f2dc9e77c00084077e9,858416297,Marceline the Vampire Queen,REFUTES,Marceline the Vampire Queen is also known as Marcy .,"Marceline Abadeer ( full title : Marceline the Vampire Queen ) is a fictional character in the American animated Cartoon Network television series Adventure Time , created by Pendleton Ward .",31,191,3,43e13cbb593dfec7782d50bf798fa1f9169b1e48950e8e4fb673e098eda03ce3,dff74102f2a6de18aacad41759ccc995acc4a43701a5fbd1d274c4202faa75b4,984178b5b094e9f32216780e2335b62a80c028b1f858e5a49039cd2328da549a,4,c4a217903a9566a7b7e1a5196f590f7d59a6d17049afadfcc83723f185b19d53
20,5ebe6f2ec9e77c0008407b4b_2,vcgrp_0878a71a1f71d97c7424,5ebe6f2ec9e77c0008407b4b,228855286,Pleural empyema,SUPPORTS,Pleural space empyemas are also referred to as a pyothorax or purulent pleuritis .,"Other common locations for empyemas are the uterus ( pyometra ) and the appendix ( appendicitis ) . Most pleural space empyemas ( also known as a pyothorax or purulent pleuritis ) arise from an infection within the lung ( pneumonia ) , often associated with parapneumonic effusions .",49,283,4,2bc8635a9b8c1efde3f4afb5aed16842964dc98952d235dbe27b0a2bc40e2bc4,912d0943a617c65552d4b11b7fca219589467db05be468fbff872f8d5fea3692,1378a953ed54cc4bdb7d3e83c023ace8f934409dd65ee7b2c4d6c1ac6eebaac0,1,4ba6cb5511ac14b3a0a45f76ca7fd935f7ab0a058b8f841a82290d9cd85829bd
21,5ed7ad01c9e77c00084a63ef_2,vcgrp_38895f5255655b7397c0,5ed7ad01c9e77c00084a63ef,784413387,Albert Hammond Jr.,SUPPORTS,"Albert Hammond Jr. is the main rhythm guitarist with The Strokes , as well as a lead guitarist on occasion .",He is most well known as the principle rhythm and occasional lead guitarist ( as well as occasional keyboard player and backing vocalist ) in the American rock band The Strokes .,32,178,3,b6716e288a6042cadacee0f488cb45aac042632bcad0f2d871baad3f40fc0473,29ae935b4ba703c992da3ab33a834e11fed361a26b29d3964f62d1f1be09530c,e5fbbda60cc234c5feb5b417a4527690773a6773a09e070a8d61f97b77499890,1,2d4ebabce5eaa1971dc49c7669b9c5ad1c6799c88c30973e5ef9dbf4cc3ff7d5
22,5ed7ad03c9e77c00084a793b_3,vcgrp_f4829c100c37815fc1cb,5ed7ad03c9e77c00084a793b,822127221,"Raleigh, North Carolina",REFUTES,The city of Raleigh has 0.8 % of the population that practices Islam and 0.9 % that practices Judaism .,Islam ( 1.14 % ) and Judaism ( 0.38 % ) are also practiced .,15,60,1,63e9b52077c644bda2cadaf9146cc3583f48661a86a16b0cf927bff4d7aca7e5,8e51297ac59d1052eb560354bb4e772cfbfa7180141cf3228639942cb0a658db,c804641ab1183b13e8f3bd29164655919002c5a729d307b977eb74392c4d522f,4,44872d3ab5239ffe5bcd7f6e1b1f86a92a98837f5c431cb088a156424ff4e088
23,5ec284ffc9e77c000841796e_2,vcgrp_f60d0f017beb23f57b0e,5ec284ffc9e77c000841796e,708094498,Hot Space,REFUTES,Queen 's album Hot Space sold more than 3.75 million copies .,Queen Productions Ltd. Retrieved 31 May 2011 Estimated sales of the album currently stand at 3.5 million copies.,18,112,1,a9a7d14ca38c3f40d881f9211b8d313295d46966184aa149ea6f12e21e9ebb66,02aaa6c110a3f13e636245bd4f45d22c4b50ef2d966ed9bb2d316e3f329a1a2c,c51e663363b710b7188a4e7ff86ad9fd2f48f787bde4f1f77f19ec62d2025b27,4,2b8710194ed835a5f9ecdae351016f925be5d116d9fde26d55eee22c7facc4da
24,5eb29889c9e77c0008d94486_3,vcgrp_c74d001933b08870819f,5eb29889c9e77c0008d94486,891438270,Gloria Bell,REFUTES,Gloria Bell had over 36 reviewers on Metacritic .,"`` Metacritic gave the film a weighted average score of 80 out of 100 , based on 35 critics , indicating `` '' generally favorable reviews '' '' . ''",30,149,3,ee822d3aa400accfa6136f9f18514fb90846a4942111ad1cfc46e1351fcf66a0,dbc33d76e8437918bc0372cae6d88caedf6434a0dd304a1dd32d6dd15fba686a,ae4e7c634cdbdd9054a19ea4d4ab3f9a81bacfc642c04601fb11ac0f70efd5e1,20,411f840e3c45dc9e2a98fef3fa33a79e468514961158c80b3de89cce61cd0fde
25,5ec284fec9e77c0008416e63_1,vcgrp_eb5d7388729508d428db,5ec284fec9e77c0008416e63,921178345,Sajid Nadiadwala,SUPPORTS,"Sajid Nadiadwala met his second wife , Warda , after killing Divya Bharti .","After killing Divya Bharti , he met his second wife Warda Khan , a journalist .",16,79,1,b6e5b8b3a0eebeeba0c03422870c1cd10a513ef2a36028dc7febda34053176fb,43d772d2eb552c4521cde993aa0a3f21aacffd90657b8fe534030f2c3969c5e8,d32ac0eb3fbde0622508dfa9b696e3a5ca43f24f4a2ead6625c3bd639f913c46,4,b815bf53389ec5ff4aceda592e3eff518150b86983c252450eb3090f1b156c27
26,5ee393b8c9e77c0008ccd00c_4,vcgrp_1f8003e5f76b3cf24846,5ee393b8c9e77c0008ccd00c,946190714,2020 coronavirus pandemic in the United Kingdom,SUPPORTS,Schools in England were closed because of coronavirus .,The UK education secretary announced that schools in England would close from 20 March shortly thereafter.,16,106,1,588d6b92dc7ceb7f2a440cbf1cb63d9f11e05be6eedecaf19f9e1459528c0c9d,6cb196aeb68bcb43eede5c693a45b450ed72054178735cf20690bb060967c7c5,e7e4e702558a0d13cf65143a0fce68dc19c90b4b2935876d864d0355894a9a3b,3,b00b67fa5c2d5f028516062f945aa45b938a55eacfca215960c4a4c6cc8a03c0
27,5ede072ec9e77c00084d2411_2,vcgrp_5e26e50dbd40336bbfa9,5ede072ec9e77c00084d2411,906511192,John Wick-COLON- Chapter 3 – Parabellum,SUPPORTS,John Wick : Chapter 3 – Parabellum is the highest-grossing film of the series and Berry 's performance was praised .,"It has grossed $ 316 million worldwide , surpassing the entire gross of the second film in just 10 days , thus it is the highest-grossing film of the franchise and received positive reviews from critics , with praise for the action sequences , visual style , and Reeves ' performance as well as Berry's.",55,303,4,bac20345d3d171e0178ed24c8e3678f74638c1bc91f0e0168be6d1a84fb45ec3,a10ce03c46dc0d0778ac365f7ebf928f0f9581acc6bfae40bb23444152503570,fa163077100c0711d1a4a3dbd26554f1c7f9fce794a920deb2e760ea06d5103e,1,0ad9410c4a21f24aa951c0e4d9a9a4dc2aa8d36119e51682fef1513a3ed01872
28,5ea2d97dc9e77c0009cdaad3_2,vcgrp_f4accaf972e11e034575,5ea2d97dc9e77c0009cdaad3,529559477,Premium Rush,REFUTES,"Based on fewer than 143 reviews , Premium Rush scored 76 % .","`` It currently holds a 76 % `` '' Certified Fresh '' '' rating on Rotten Tomatoes based on 144 reviews with the consensus stating : `` '' It 's built out of familiar parts , but no matter how formulaic Premium Rush '' 's storyline might seem , it 's elevated by high-octane action and enjoyable performances from Joseph Gordon-Levitt and Michael Shannon . '' '' ''",68,365,4,8f41877995cb50b9cd2cdd426071fcaf02221ccc8ea1a1243bdc7842994578c9,e34f2c827fefdc1c120cf79959445bd61c3d0e891325ac115c3bd9ad2a2ef487,4e51d12653b43749bf096c09456065d9565f0d2c0e9c0a1864e7ca3bb9556684,8,c9054d241e8ce476ba52bcfc05c3c8e2b7c29b147e77f88f11c5f4acc64025eb
29,5ec7d50ec9e77c000844290e_2,vcgrp_e9b655fde24f84e4b4f4,5ec7d50ec9e77c000844290e,782106209,Okja,REFUTES,Rotten Tomatoes gave the film Okja an approval rating of more than 78 % based on less than 25 reviews and an average rating of less than 77 % .,"Okja currently holds a 77 % approval rating on review aggregator website Rotten Tomatoes , based on 30 reviews , with a weighted average of 7.7/10 .",27,148,3,7423f88ca393e057b87e0af38b33f667a81848827607d563307741d71d2e5ff5,691b7cf32a390c9ef9fe9631a7bad4713275ad2135c8bbfab215d883b8d7bc19,4e6970d1ad3e3aaddbba5bdf8ba1bf069a6473fa66416435b7cdf24c93012c6a,12,05a3e80933142885b196f65fe1948f0612772fb45b4a8cb1722081ca3c29591d
30,5ee3932cc9e77c0008ccb02b_2,vcgrp_a75e0cb6a46eedcc4be3,5ee3932cc9e77c0008ccb02b,945419738,Misinformation related to the 2019–20 coronavirus pandemic,SUPPORTS,Consumption of Pangolin or bat meat led to the coronavirus outbreak .,"Some organizations and individuals , including PETA , made false claims on social media that eating meat made people susceptible to the virus ( which may have been misunderstood from a true statement that eating Pangolin or bat meat caused the initial infection of the virus ) .",48,278,4,5067751f25252f42d350ddc32b739d27f1d1a0dba7bdcba7a8a87fa946023b2f,58100602322448a96b8a5471f23fc212792aa5716e30d76dc3f97521abfd3ffd,d605ac47768f6f7502a751d0d650a8dfb1e449295c014da6b43a02dda0de8d95,2,7e4e0ca37cac31690cc7054493270de29f349676dd3642a023195ffc2ad96bdc
31,5ece9463c9e77c0008467378_1,vcgrp_7310d9213f261deec732,5ece9463c9e77c0008467378,282128994,Simon Mayo,SUPPORTS,Simon Mayo substituted for Chris Evans for 2 weeks on Radio 2 's Drive Time programme after March 2009 .,"He has also stood in for Ken Bruce and Chris Evans , the latter of which most recently concluded with a 2 week stand in of Radio 2 's Drive Time programme on Friday 3rd April 2009.",37,180,3,5cc8c40e5691a9e5c0f4b2a8d0ea3b2fbda7fe54f66b40d719d1b23ec1d72977,c84e5f443bb9a19e2a293b7b8ec96afb48225709ede6384780407b6ab8c622da,6b1f3802292f2f22cc4f20dfcc6d07cb0452544c1a68ffa539cc6cdec2304e0a,1,9b393532a11fbd2958c19cfb511ecdd50bcc8f6ef1ca599a659e096d0fc7a5ab
32,5ee39419c9e77c0008ccf863_2,vcgrp_f7e724f2f106e6f1f309,5ee39419c9e77c0008ccf863,769031645,Kajol,SUPPORTS,Kajol made her debut in Bekhudi with her mother .,"After making her acting debut in the 1992 romance Bekhudi , with her mother Kajol had her first commercial success with the 1993 thriller Baazigar .",26,148,2,2e6b4b4ecea8584860fe8e77204ef13118420ddc069a84cdd3f368b385524882,2e814407097ab9474ada57cd2c9debe272791e4e77aa2f7f8f2022a4b66f5db7,849a728c984e7d14ff2658e676a0f28879396b18bccf66bcf5fe73be65226850,1,b167c393efe98341e9d3c5c4499c289c2fdfeb0f50ee1fb5fd824a7c2f432a6d
33,5ece9462c9e77c0008466f06_3,vcgrp_3f3cbeeb6544339dee80,5ece9462c9e77c0008466f06,794380656,2007–08 Premier League,REFUTES,Fernando Torres was named the PFA Fans ' Player of the Year over 2 consecutive years .,"2007 winner , Cristiano Ronaldo , was named the PFA Fans ' Player of the Year again in 2008 .",20,93,2,b682c5f7f3ba517eecf9fca8b9b8099c3cc9ee62d34f567439e4439119c5a9b7,670887cc3652d40eeea45fe3d84a35b6eb2207acdd9dd29b07f1991add177f15,04eba8f175f487c6eadc95af9eb8da8f753861d0208785073bf89297667a1fd7,4,effc5be64cb9c4af6b394d54efa3010afde7e8670b3a7a6759a34544ec942ae0
34,5ea2d97dc9e77c0009cdaf49_2,vcgrp_365b8f21a2542b0f283b,5ea2d97dc9e77c0009cdaf49,595851113,Brands Hatch,SUPPORTS,"The Brands Hatch circuit has a capacity of 80,000 people .","Brands Hatch is a 80,000 capacity motor racing circuit near Swanley in Kent , England .",16,87,1,d1ebe1fab63758339c8d2049e0057441e3a0a5f1ff84554ba796c662ae216c80,97ec6ff59ef73d42e70bc19b64b60f44a3f921058d50d2008084fe202491b052,633c5f6c55eefdfe19a07b4e0eb7e01745e869a8e330d960f76af136318a59f6,1,8d770af34b1a228bfba42a22380667e55e55661ff70b3ffd9d571a832ef19d68
35,5ee39419c9e77c0008ccf957_3,vcgrp_50115762f5b889699aa2,5ee39419c9e77c0008ccf957,911660084,Jab Tak Hai Jaan,REFUTES,The film Jab Tak Hai Jaan was Aditya Chopra 's idea .,"Aditya Chopra wanted his father , Yash Chopra , to make another film and approached him with the concept for Jab Tak Hai tanya .",25,128,2,4c2eee48f7829b848cb28617b321c8dcb49cae47f10b80063d5eb2f99cf17cf2,cbc6f19dfbf3e971e39321f5c1cb216a40326150edd644b42990eafba3e1de46,12150f6d124dae73d39e4de0719c41537d4c2bb8f0cfce43e50c5027fd9b8c5e,4,164dcc104221d71a44c2adc08b57b68b06cf19cc60762c90a88f36beaa7031da
36,5eb9573bc9e77c0008fa1a21_2,vcgrp_9827af29efd622b08c8e,5eb9573bc9e77c0008fa1a21,925750676,Rascal Flatts,REFUTES,Rascal Flatts is a country vocal group .,"Joe Don Rooney } } Rascal Flatts is an American country band formed in Columbus , Ohio , in 1999 .",21,98,2,4c3b9b8d0f81df62cce8135c6188c97a652cb2003d2d89f78065c7684dc4347a,733e952b5a77b2ad828bed0bc132a820eb452c7fa6541770c93285e72587bf00,6a2017baad8b0c82908d8e34af3a1678d09accd86ba6714e9a4e768e43a16c0a,8,bd0cad5a74ec947089f52c080bc00be238a57349b51b47252392284baa9898bc
37,5ed4de09c9e77c000848ad5d_1,vcgrp_bd5db3f5c0e4e2f6adb7,5ed4de09c9e77c000848ad5d,796658931,Moves like Jagger,SUPPORTS,Maroon 5 's medley was pulled off by Kurt Hugo Schneider 's brother Max Schneider .,"American singer Demi Lovato covered the song during her A Special Night with Demi Lovato , blended with Michael Jackson 's song `` Workin ' Day and Night '' , as well as the cast of the television series Glee , also performed this song with The Rolling Stones ' song `` Jumpin ' Jack Flash '' , from the episode `` Yes/No '' and Kurt Hugo Schneider created a medley of Maroon 5 's songs titled `` The Maroon 5 Medley '' , performed by his brother Max Schneider and Victorious star Victoria Justice. ``",96,501,4,344081c627c5d44b51f571aaeae4d29d1e57540eb8d10156fd711c168f0b4cf6,f9fd2bffff2e36020b3027698a06e135c05ba34c6d2f2998cc8dff385f4eca5b,48c6be72ed842b524a8b2eacf49e098ea2444828e3271729edadffb81b40f966,1,e75f173d8a5b9de079ffaffb00d28df3fa50c83b145a6b66e8667d2900f674ef
38,5ece9460c9e77c0008465918_2,vcgrp_7a57901d21b6051e4433,5ece9460c9e77c0008465918,705225926,Pittsburgh Steelers,SUPPORTS,"Denver Broncos have won the AFC 8 times , same times as Pittsburgh Steelers .","The Steelers share the record for most AFC championships with the New England Patriots and the Denver Broncos ( 8 ) , and the record for most conference championship games played in with the San Francisco 49ers ( 15 ) .",41,219,4,cd4628b118657d945b91ddb4e389685499d193076b729ee3ba8374dbd39ac4d9,84c2f9887981b7b7deae1d45f0cdf652852ffc9ff9650a3778c904684fada374,6ad20cd5368c0c735b062113642d100c3ddaf2626643cc1c7891ccb4c70c5777,1,ad74165afc3f75c44c73bc13daf73f73ddf31bb165dd452be651e4d094225620
39,5ee3949bc9e77c0008cd00f6_3,vcgrp_9d100c64af177af1d448,5ee3949bc9e77c0008cd00f6,802537959,Adidas,REFUTES,Adolf Dassler registered Adidas in August 1949 .,"Adidas was registered on 1939 by Adolf Hitler , following a family feud at the Gebrüder Dassler Schuhfabrik company between him and his older brother Rudolf .",27,158,3,fe04808bb47537034efc4ba893c81c42573aef0cf23bef9877362e54ca6a1b47,242306098090d5322fdae02e4f7cf4bc6c12fa37547fba12475cec2aa4c7a9aa,1d9e8001b56d806450e47ad161f04ac431f028a649c21fa431424088a488c9de,4,58e02f647df6fab3f48077e2d2a689ff00860b568b5b3cda670c251a2f5278cd
40,5ed4de07c9e77c000848a16c_3,vcgrp_578638c37951e6bc8ac0,5ed4de07c9e77c000848a16c,880586792,Cédric Soares,REFUTES,Cédric Soares currently plays for Inter Milan .,"Cédric Ricardo Alves Soares ( born 31 August 1991 ) , known simply as Cédric ( ) , is a Portuguese professional footballer who plays as a right back for Italian club Internazionale , on loan from Southampton , and the Portuguese national team .",45,244,4,d60c0b74cf158db183883a7e69d032265893469309387005a455fd967e79f9e5,60fa6d6a12df3f688b2d27ed598108078e12eaceab048e6b59ccd59fef44ec2c,0c633d28b0241714a979e11ec2ad44515f6fc9c5c3d1a6d6a37fd0b25443ea01,8,0444bacd9b671894199786ee8205837559eaa6308ff86e5bec505dbf48288066
41,5ee39419c9e77c0008ccfa14_3,vcgrp_ae5548f4c820b36b620c,5ee39419c9e77c0008ccfa14,629964065,The Giver -LRB-film-RRB-,SUPPORTS,The film `` The Giver '' was hated by critics .,"Upon its release , The Giver was met with generally negitive reviews from critics .",15,83,1,32ec769b3bbc321ce67ba9bb6802a06fd7748ecf7665df81fc454817da378c39,f6cee4216f5d44f1b6038778bd9f076ce6867514805d8a820bedb759e4a779c7,834a24051e3eceb8045cf90da9fad942ae9095bc9b0307318c5e98158495452c,12,d6fe276b9274e1a5c9acfabb13a02dd112f4b632523a6cbea0d01537e9a487d9
42,5ed7ad03c9e77c00084a78b6_1,vcgrp_bbeaaa9e5768cadcb966,5ed7ad03c9e77c00084a78b6,572320430,2C-B,SUPPORTS,There are under four side effects to the drug 2C-B .,"Possible side effects include : mild diarrhea , gas , and nausea .",13,66,1,ffb7cf7978121d3d7e33bce2ab2ccb19e1da3e2d2306e81b27f5ee177fc320c2,d68dfd6acc61a9a59d0ac1c58e53819cb55293e1a192a397e716871707e564cb,9d3775d208c36b89fabcf230e31d7aa4b1f1a53df76517e210b3438968a4493b,4,2756b20e03eebb96b674665eeaebaad69aa608a44353a311aa67f12862ff7446
43,5ec284fec9e77c0008417597_2,vcgrp_8aa8c2b7e93653a389dc,5ec284fec9e77c0008417597,392322682,Helen Kane,SUPPORTS,"It-girl Clara Bow could have been another possible influence when creating Betty Boop , instead of Helen Cane .","Kane 's voice and appearance were a likely source for Fleischer Studios animator Grim Natwick when creating Betty Boop , although It-girl Clara Bow is another possible influence.",28,178,2,ddf026ed2cc405958391582857b87ebac4bf55a69a4b90013cefb32327366931,f83b0bb920903ed1b1efebecce09cf97b1702228a51add7db956e49fdcfcea8b,0959c554b67d189eb34d724fce118dc5ebe68d4c682114dd0efa4637816f32f7,1,4fa5fde979385ad4ddf04a6d9a790dd842ff5c8d329f203013af87a1ecd87c2b
44,5ec7d50cc9e77c00084415bd_2,vcgrp_a6c04af51808d9042015,5ec7d50cc9e77c00084415bd,603786438,Draft Day,REFUTES,"On Rotten Tomatoes , Draft Day has a rating of less than 56 % , according to less than 80 reviews .","It currently holds a 58 % rating on Rotten Tomatoes based on 95 reviews with the consensus : `` It 's perfectly pleasant for sports buffs and Costner fans , but overall , Draft Day lives down to its title by relying too heavily on the sort of by-the-numbers storytelling that only a statistician could love '' .",58,311,4,2e006f5328ca3c9a42333f4c556de3420ae31e52c682121da4c13e5eddaa7b53,42382ad46496ed3d24e1f9dfd7ea6c7ab3b1f16a2c6dcb40083119496f35ae84,a990d31f090a640f3a2ebe8f5a41cf38521d3da97f9ae41f8463548404929d56,12,4042ebdc2a07553fc31417d1effd844fb4484483c3052b22c008d382ee41e74d
45,5ec7d50bc9e77c0008440d15_2,vcgrp_8ab9cb029d77ee4d12ec,5ec7d50bc9e77c0008440d15,797525564,The Little Hours,REFUTES,The Little Hours has grossed less than $ 1.5 million .,", The Little Hours has grossed a total of $ 1,550,538.The film opened in two theaters on its opening weekend and grossed $ 61,560 .",25,131,2,459d3a77d07da03b46baa7df0bd913dc0f37ff8f62559f1a01856c2683953eef,a9e2b5134c8ab18c9b937dab09f1914cbb708d15613dddc2219f5ad8a3bbdc48,883b22a2cdb8a22cd7309c4f1269234c3bd47e93177eef1655a78f9e07dd0c38,8,ed35a686edecd34b32b66eeb968139640428865ec9c1f03e7fdd9a41180537c3
46,5eb29887c9e77c0008d92f44_1,vcgrp_7aa4e5b910ded54cc8cf,5eb29887c9e77c0008d92f44,822101067,Rob Mills,SUPPORTS,Rob Mills portrayed 'Corny Collins ' in Brisbane 's leading Musical Theatre Company and a spectacular version of Hairspray at Harvest Rain Arena .,"In 2015 , Mills toured with his cabaret show Surprisingly Good , ( nominated for a Sydney Theatre Award ) playing in cabaret festivals in Melbourne , Noosa , Sydney , Mackay and Brisbane.  # /uncategorized/rob-mills-is-surprisingly-good-coming-to-youze-giuze-soon/In 2016 , Mills played 'Corny Collins ' in Brisbane 's leading Musical Theatre Company , Harvest Rain , Arena Spectacular version of Hairspray.  He then took on the leading role of Sam in the Australian production of Ghost the Musical .",77,500,4,cb4220dd557d804b5e469b99c2f4f4a12d108473246cdec241364addf3f82c98,8f0b639b88c0e31f2c8736f3795ad85fc28de7fa81f0039b9b784e110c68488c,97d1d3a1f7d4a554297b893f2be922a9028e363fedb5c90594939e7fbd9ce604,1,0d4da295ebd1d1de0db16ed70b4724cff61e581f47333538bc02072e488bf46e
47,5ea2d97bc9e77c0009cda5c6_1,vcgrp_f82482af92304ce39157,5ea2d97bc9e77c0009cda5c6,419264932,Upanayana,SUPPORTS,Mahakavi Bharathiyar Subramanya Bharathi argument with his family was about the cast system and religious practices .,"Even Mahakavi Bharathiyar Subramanya Bharathi turned out the sacred thread and throw it into a river pond , after a controversial talk with his family members against the caste system and religious practices.",33,208,3,3070ecc2a3477a923392f2d15feea7e51d4dd4a4d892c48064467bf7eb9ad316,a560868acce45b2c7c9e09d26626915134cfe1d75745379155d9785b55826716,27c2498ff9c85a3b5f8bf059722e888ba9385e35c80f3cf715d2e04f6078e06b,1,e2bbb60a0edb80fe92f96d05145954bded6df55541cc358b3c7da08c9f9b2d75
48,5ed7ad01c9e77c00084a637a_2,vcgrp_d63069d0fc6b5a73eb9e,5ed7ad01c9e77c00084a637a,662821014,2014–15 FC Barcelona season,SUPPORTS,FC Barcelona won the La Liga title after defeating Atletico Madrid by 1-0 on May 17 in the 2014-15 season .,"Despite losing , Barcelona won by 5-3 on aggregate and booked their place in the final of Champions League.. On May 17th , Barcelona beat Atletico Madrid 1-0 to claim the La Liga title.",34,185,3,07f8efcfe8d4e014d0b0f93cec6daf3857c6f7714f6b5a79da00452ff1a018fb,ad0b531bfd8e0aadc367872fd9aa39f15557e55539a5bd9b3812e512ef787db7,b74c0044a9463ac8b1ea387e1377ac8518c6222fb8aed483475ff18aad5f2295,1,e188a08a6de9bc15420ceb7c49d60e8e91cbb78304753677b86bc11f3def7983
49,5ea2d97bc9e77c0009cda69c_2,vcgrp_9c832b7ed05eba2129b4,5ea2d97bc9e77c0009cda69c,442783179,Another Earth,SUPPORTS,Scott Munson was the composer and Natalia Paruz was the performer of the musical saw scene .,The musical score was composed by Fall on Your Sword except for the musical saw scene music which was composed by Scott Munson and performed by Natalia Paruz.,28,158,2,715dbe90d5634aa8b8736696a85a602819a517950ce5d885f40d405e9e4d8ea2,95c4190d48cbe2282cc8a33cbec49e640c74ac11ea59699dd7f4d4fa2ec92cdc,393ac93f768ffa3a09c07a8763c122c7612a85bc46ff2c03ff22daa12bd24b5c,1,03023115f4e188ef9da0c97e6848722dfa1f40fc64d54f0caaca04db1e65efbd
50,5ed7ad01c9e77c00084a6373_2,vcgrp_e0c008d3047b40f4c1a1,5ed7ad01c9e77c00084a6373,897142725,2014–15 FC Barcelona season,SUPPORTS,Luis Enrique managed FC Barcelona in the 2014-15 season .,Luis Enrique returned to Barça after being the B Team manager from 2008 to 2011.,15,80,1,a023ed9c301670ab38fa6b07d89f9632e3ee1d3e1423b6a9ef4be71e1c763023,0c638f31a19dc1151dceaed8f311a11b744cdd24649ead9a48a46d4d11c2a377,bccc0bc211241aeb97d2a6dd32561d6fa275f6f9fc95037ecbab596c92fb0db5,1,5858d66f8b23296d97ec9c00fd879b68c0ed055b46ecdee0b0e095e8c319223b
51,5ee3932bc9e77c0008cc9e6d_3,vcgrp_a9c3f7808f31e23cc6b2,5ee3932bc9e77c0008cc9e6d,948167590,2020 coronavirus pandemic in Bulgaria,REFUTES,"As of March 30 , 2020 , in Bulgaria , there have been more than 356 confirmed coronavirus cases and more than 16 recoveries during the pandemic .","As of 30 March 2020 , there are 354 confirmed cases in 20 out of 28 Bulgarian provinces , with 8 recorded deaths and 15 recoveries .",27,132,3,031885d11e918aded0cd172784419896eadf31af51dfac4c5d9bc1129c917b77,e6f687323d50a1e505aa7dc540676cf31350b59d1cec75283243d59768ed6bc6,ebcb9a571cdebff90605a603455b3c68b8e132f546fa3b9686fc55c530ee1eb1,14,4b896af6d4198bf007dabe78f499eda6914a583678c97af4934affaa2657101b
52,5ee39419c9e77c0008ccf76d_2,vcgrp_66c5c2d311efcc9ea95d,5ee39419c9e77c0008ccf76d,846339451,The Little Prince -LRB-2015 film-RRB-,SUPPORTS,The Little Prince was to be released via Paramount Animation in the United States on 18 March 2016 in RealD 3D .,"The film was to be released via Paramount Animation in the United States on 18 March 2016 in RealD 3D . However , on 11 March , a week away from its release , Paramount dropped the planned release for the region .",43,213,4,247dc3d6103ff5b398d0f652d7b5a303904b0cb6431a15032e3044925c5147e2,d7d2fddac082e9aca9dfb571cfdbd9e3e080694ea31ac1aecc16a6a00f0fbc8c,6496a67acce9e1fa947c0a4818dc00b72cec8682ae655f8da1685660a195a62e,1,586560d63cf9155cc988821ff3ba99187ddd935059f87a57e642a5055931b9f3
53,5eb29888c9e77c0008d9385e_3,vcgrp_60234182ca71570028de,5eb29888c9e77c0008d9385e,853418290,Meet the Blacks,SUPPORTS,Charlie Murphy died from Leukemia in 2017 .,This was Charlie Murphy 's last role before his death from leukemia in 2017 .,15,77,1,8ff942de9841bacc1b237867ec55202e35e50095cdfcce108b57bdcf90d2339f,0d4316739cac02c12e88e243694e9b3a5aee459ec7e7acb4ca39124d1da913bd,3fca49af9faeedaedb8b20183142bb0d58535405678cb89c1a66d2056a07329c,1,cddbac40ed90b538fa391aa715f0af8e634c5a804a0a79b0de8e0d6496a43110
54,5ee393b7c9e77c0008ccc42e_3,vcgrp_5156b1809ade762199c6,5ee393b7c9e77c0008ccc42e,952827353,2020 coronavirus pandemic in Bosnia and Herzegovina,REFUTES,"After 22nd April , Bosnia and Herzegovina had more than 1,400 confirmed cases of coronavirus of which more than 600 were in Republic of Srpska and more than 780 in the Federation of Bosnia and Herzegovina .","As of 22 April 2020 , in Bosnia and Herzegovina there were 1374 confirmed coronavirus cases , of which 580 were in Republika Srpska , 776 in the Federation of Bosnia and Herzegovina , and 18 in Brčko District .",40,210,4,f85df02f2086d67f83e3ae6d55e92797ac1f9835d97fc4f3edb000b789633a5e,202181e5b5042781ec20a15525cf88468fa82f4104f74bcca1101b51e55e7c3d,c3ec1ba44c28553266862197b2bde675953dd681621551d09ffb0af9d18c1160,6,ca97d81a86cf79497e3b14d58016822a9e1b6edb8e85f4b51826fdb81c4eb91d
55,5ec7d50ec9e77c0008442433_1,vcgrp_18f647d017d4b0a2845b,5ec7d50ec9e77c0008442433,745825073,Drillbit Taylor,SUPPORTS,David Dorfman plays a 14-year-old geek boy named Emmit in the film Drillbit Taylor .,"On the first day of high school , 14-year old Wade ( Nate Hartley ) and Ryan ( Troy Gentile ) witness two bullies , Filkins ( Alex Frost ) and Ronnie ( Josh Peck ) , attack a 14-year old geek boy , Emmit ( David Dorfman ) , by stuffing him into his locker .",57,257,4,36aae2239bdce4fa2d54bf931d66f1e25f0953bf90ba03d328389488751fca3d,29d2f0737266ab45a9015b91b261b6425e05ea7bb68c3afb6fdf56355bf8556f,59cd75ef978e0c73c8a43bbdd833877afb0f01ce84b05a177aea11e079cb697c,1,06afee797bb6d0b718e371d097c14785c7c46b630c7dfc467372a6e1b4dcd214
56,5ed7acfcc9e77c00084a53fd_2,vcgrp_19fc85541ef2af633f2c,5ed7acfcc9e77c00084a53fd,906468792,Lil Nas X,REFUTES,Lil Nas X 's song remained 14 weeks at the top .,"At week thirteen at the top , it became the longest-running hip hop song on the chart , as of July 2019 , it has remained there fifteen weeks , making him the only openly gay artist to do so .",41,192,4,c160b68e6035bc13301033594a712ff83c12dd8ebcbfb113f5438b3b3748c012,b9199b7a163ad356da1f97d4d725ead3991978a562ffa454f69d785c3a86f794,3ba5ff52a8145ba00a0d0fe6de0e94ec875569ab984cb91033a8990993a39d17,4,f16c9a6a1308f5e7fb67a92ac3d3f24074729ac2f0395e280498d0fd22f0aaf3
57,5ee393b8c9e77c0008cccf8a_3,vcgrp_57457217ba3f81ffdc11,5ee393b8c9e77c0008cccf8a,947447053,2020 coronavirus pandemic in the State of Palestine,SUPPORTS,"There were 9 cases of coronavirus in Gaza , Palestine , as of March 26th , 2020 , during the pandemic .","The first two cases in Gaza City , Gaza were diagnosed on 21 March rising to 9 cases as of March 26 , 2020.",24,107,2,620d29bf77a3d97a1c435f2e4465a6c6c3f4824af16cca42de73c0956c82c63a,72c6f63477b6eaf8345d7fb6ba98bcffb7f18d065ece3fe927b378dbc85aabf9,fa96d399ca7c815cff1b794ea92b6da0e821dd915099b8f75f6a6838816d2178,1,ab5c9e8432ec4c63b4fd5c2c883d65b738c1fbabf9e188a74a18aee6044582f9
58,5ebe6f32c9e77c0008409936_3,vcgrp_74774f8302b327e17aba,5ebe6f32c9e77c0008409936,725170970,Connor Franta,REFUTES,Connor Franta 's birthplace is Wisconsin .,"Connor Franta was born in Minnesota , to Peter and Cheryl Franta , a physician and homemaker , respectively .",20,109,2,dbe53dad75c3d1ede3542e5fb403d36e9b9c2ae29cbdff42502d8309848b28a0,d6b7aed5c54d2f7806336a239fe32366e658384da87c2efd16301ece22c7d01b,2a0801f55229657e518a73ac23a279a9fc2c14582b2a473331748954071ab80a,4,c9456852a033f8e6dee3a2da2e2c4cc68297d09c988373fac071cfe4416580d8
59,5ee3932bc9e77c0008cc9f05_2,vcgrp_6fdc082677ea03c9e245,5ee3932bc9e77c0008cc9f05,944108061,2020 coronavirus pandemic in Hungary,SUPPORTS,"The third case of coronavirus has been confirmed from Debrecen , Hungary .",The 2019–20 coronavirus outbreak was confirmed to have spread to Hungary when its two first cases were confirmed in Budapest on 4 March.  A third case have been confirmed from Debrecen on the next day.,35,201,3,bcbcffe64c873034b4ef76167ede7a243f5aad20f178a35d97c02a3ee47d6458,618435c09b0bd76408ee94b9b358ec338ec02ecf19af43f9b6c67c00e1052146,e4b149c7cf1fa560eb8ed0142de4e548489bff9c487cc397f719df6abb2f645c,2,fd755706a825f33bd7aad2c0169b5bc92aa9846c109e84ac19b3531723acae66
60,5ee393b6c9e77c0008ccc2a2_1,vcgrp_17e0bb8f82ec71587acc,5ee393b6c9e77c0008ccc2a2,946929266,2020 coronavirus pandemic in Germany,SUPPORTS,Germany enforced 1.5 meters distancing between people due to coronavirus .,"On 22 March , the government and the federal states agreed for at least two weeks to forbid gatherings of more than two people and require a minimum distance of 1,5 meters between people in public except for families , partners or people living in the same household .",49,268,4,7d72a48fd53b3eb0f1401035d94f8daa059cf3df5047998fd836e88ebce2d420,0626e94e13e00690a0521335a5357548a02c39f593bcad9b557afd9e860c158b,27c691f94dea9af0cea79a4bd9b8beadaa3345767506faeb52af2d6035f093f9,3,96ada6b8c9f4cce7c8ff70bcda173945ff931c22bb9a06d362c2593fead01793
61,5eafed80c9e77c0009ce166a_2,vcgrp_0cc8fed09add931846fd,5eafed80c9e77c0009ce166a,740857875,Middlesex County Cricket Club,REFUTES,The Middlesex County Cricket Club won less than 12 County Championships .,"Middlesex have won thirteen County Championships ( including 2 shared titles ) , two Benson & Hedges Cups , four one-day cricket titles , one National League and the Twenty20 Cup , through which they became the first county club to qualify for both the Stanford Super Series and the Twenty20 Champions League .",54,310,4,6a05790878727481b4587dd7b8931f990dd815094bcf2cbeb7d0164a18807c91,895ba60ea0561ee7531648dbd40230d8584983c78e4192a9384f4949cdc62aa7,fa39d9a022b291588462808c99d1a2e49ce55528d0379cc4242f858d3cfa64f6,5,b931cee0a188fbb661748a71688b1a109c4b16212a70b008ee89dba5d69fce29
62,5ec5598dc9e77c000842c35e_2,vcgrp_6def1570701a9ee55097,5ec5598dc9e77c000842c35e,670084638,North American Numbering Plan,REFUTES,"The North American Numbering Plan is run by Neustar , Inc .","Today the NANP is administered by the North American Numbering Plan Administration ( NANPA ) , a service that is procured from private providers by the Federal Communications Commission ( FCC ) .",33,195,3,359c6a17aa60a654bb875f2d79703b552f94a7862d5fcf3da636a5c458f619f2,a948bf19d9f18cd5aae375f65976bf5caf5bd2a687c538096c8ffab1f8664327,0722bdc135d36c26cb9bb0c5714b5585ec598f3f3f4f457f523e2a1eafc3a0db,4,e73009ab1352287b1584f5dbb2e22971b8418821a40301abb813c2f2a262f428
63,5ec7d50ec9e77c0008442894_1,vcgrp_e1444cf8ccc672edfed9,5ec7d50ec9e77c0008442894,854404313,Malcolm Mitchell,SUPPORTS,Malcolm Mitchell could only read at a junior high level in college .,"Mitchell was not a strong reader when he began college , then reading only at a junior high level , but grew to love reading ; even joining a woman 's reading club and promoting literacy among youth .",39,200,3,8c51da868bc11e95b0fd809fbbb2befc3fe3b63ab6de8b1dc10ec6bb3bcaa084,6d2ffe5f2ceea96e2dfe7765978b1636467408c93e468a28b43a320c0a6c9415,4ab44957101fe50e8b859f50fecadfd3d86aef475a9cc97538b7ea05569b814a,4,4a97e89a1e85f3f3585582028d8689ff6d480e17d6fef2d18211721f8d88072a
64,5eb29889c9e77c0008d93e3e_2,vcgrp_49ca6fd511f773a81588,5eb29889c9e77c0008d93e3e,873754380,FanMail,SUPPORTS,"FanMail sold over 300,000 copies in its first week .","FanMail debuted at number one on the US Billboard 200 with first-week sales of 312,000 copies and spent five non-consecutive weeks at number one .",25,146,2,5b96dae361c8a962beec5aee43e4b13927452f599de95ea8776d43e2707c29d8,aeeb02039ffc6b37706e7caadbbe1b8f70c1770cf9482895339c9e02b7e17e5a,b1f3f5cd65614135bd355c342b76457668c744ff9d0b7ba4e3accf36684ad287,1,f5e22c22640f72d22c5acb9469c184b493112f58447c6559a259ce8f9352b1a8
65,5ebe6f2cc9e77c000840773d_1,vcgrp_b114b37543f8a826f73b,5ebe6f2cc9e77c000840773d,679590157,Aldon Smith,SUPPORTS,Aldon Smith is a free agent .,"Aldon Jacarus Smith ( born September 25 , 1989 ) is an American football outside linebacker who is currently a free agent .",23,123,2,89474137ed87287e7bce42eb250ff87bb9190c1ecdbf34219883820bbd44f64d,5bf52a7b454e909322a378e3745ca927660e0d1803a750f20355520d2afcdd0b,231193d4581652aec394d34645b9106c08a5e4679e0c0e852c306b834ace7be9,4,90a0fb8e9423d112f483d3ec625c111fe8bba26b104aee7eca0deea1a543718c
66,5ee3932bc9e77c0008cca5fb_2,vcgrp_b7abd5710ee09afc7ec0,5ee3932bc9e77c0008cca5fb,943682593,2020 coronavirus pandemic in Germany,REFUTES,There have been less than 160 confirmed cases of coronavirus and 16 recoveries in Germany .,there have been 188 confirmed cases and 16 recoveries.,9,54,1,3f6d3104483e976b573317f7ea3a01e08e58b16c7a6f37dbc149fbfd0a879f43,314c036a83b9e871e6f0e4de2bc629d7af23303b7ddea7453e6af52779af6b77,b354f507d984d5617f2ddc4654fab022954f37475a829bc012bf058a375daf1d,24,b012944bf91a400a203fbcebac922dbf9493a5ab389bbc2dacbbc1cd2f659a89
67,5ee3932cc9e77c0008ccacbe_3,vcgrp_e573aafe4b211ac21290,5ee3932cc9e77c0008ccacbe,948945213,2020 coronavirus pandemic in Washington -LRB-state-RRB-,REFUTES,"By April 1 , the U.S state of Washington had recorded more than 7,100 COVID-19 cases and more than 275 deaths during the pandemic .","Washington had 7,028 confirmed cases as of April 1 , 2020 and a total of 273 confirmed deaths . ( See table below ) .",25,117,2,d000569425bfeff83c1a9158eca016d727f69773c7e6baeba52c41457376cfec,db19b1512754614dcfa34adaedffbf53a0d2d77af8cdad0eb2457163e1902f04,1002011cadd6264e0f465ac7e18ba9e02a906cd184700098c60661e8f8479d08,80,e0402e8700eb182ae574c4cb7731eb89c8c74c49322022e6a93f3f82310497e3
68,5ec284fec9e77c000841785b_2,vcgrp_e8f0be8c39fe6d0710f7,5ec284fec9e77c000841785b,868090579,Farooq Abdullah,SUPPORTS,Farooq Abdullah was held in prostitution in the UK .,He subsequently travelled to the UK to practice medicine but was held in prostitution.,14,86,1,4f128436d2eac2910917d86574651b072c72ec89071cedfab29b6856b0a0145d,9d9b86384d2d10cf0221fa8795661c678ebce47483b87462625fa8190f9dbd79,a3e249888f286b3c536f9e72de07a27ad76dea2d4870b82cbe38cfa9e5807253,1,5a05f5b194efe7e57e757faf1a8c9d752743b36b6c7d086cdd67fa129bf994ba
69,5ee3949bc9e77c0008ccff67_2,vcgrp_c4315e7fa5cf9bf9f42a,5ee3949bc9e77c0008ccff67,879799574,Firefox,REFUTES,Firefox has more than 75 % of the Cuban market share and over 87 % of the ‎Eritrean market share .,"Firefox is still the most popular desktop browser in Cuba ( even most popular overall at 49.7 % ) and Eritrea with 72.26 % and 83.28 % of the market share , respectively .",34,171,3,569b23677c8225fb5286b7bf6adbd1a75ce3d6fb4330fa9fcfa46e114f6cedf4,e2d887761ca2d4a2c1a55f045fc5ea7b5851c3eda8c8ffebffbfe58b75dcb057,3b6641650bbb4e26944dcbb1eacdad17ca02c25c7611a3bfb03c74c942e619d2,4,9679e2fc8955989a1a3e34d1f7551fc8dbdd5abeaa553c64f6c445514da8af88
70,5ec7d50dc9e77c0008441d60_1,vcgrp_4b1817286749b7f77cbc,5ec7d50dc9e77c0008441d60,826056880,Happy Death Day,SUPPORTS,Happy Death Day earned less than $ 65 million outside North America and under $ 120 million worldwide .,"Happy Death Day grossed $ 55.7 million in the United States and Canada , and $ 62.2 million in other territories , for a worldwide total of $ 117.9 million , against a production budget of $ 4.8 million .",40,204,3,3f5a77c0cbffb522fdaf3e82437703003e13ce96f6e811681c28e5e6667d20ac,b8138af58809ea8b530482946c581d3af6a0856e90d240f123b77d66855c9321,e01eb3a404caa7561915e853043e74aa8c9a14833ee20316c7fb9334f4254dfc,8,d0e5797f994c0d7fda394cc5cd511ddf618ac684246ed4e7a9e4646f76f766b8
71,5ed4de09c9e77c000848a91b_4,vcgrp_7e2c77a7a1a4c5bbe014,5ed4de09c9e77c000848a91b,926559789,Kevin Jonas,SUPPORTS,Jonas Brothers ' Blood was published after January 2020 .,"The Jonas Brothers ' joint memoir , Blood ( co-written with Neil Strauss ) publishes in March 2020.",18,99,1,715416db767b6ebdb51ba3dc5b8704f6a56930743a0b2d54e9a32d1b0d71cbde,a1b0b96b474fd9b4d5b0dc7abc15c91bd2a1d0e58312edba1e20434b79a0c9d0,f798bde6562cf06d31abcc2a29d4c6aa1894d2b553de707cfbda6490382fb6ee,4,e547a3ca30e71f5e8a0a533845e0e71eb713557d0ed5c340701e25440e44805d
72,5eb29889c9e77c0008d93d9e_2,vcgrp_721961152936498e7737,5eb29889c9e77c0008d93d9e,871798900,While She Sleeps,SUPPORTS,Trash Boat was part of the support acts for While She Sleeps tour .,"UK and European tour dates in February 2019 were announced in support of the album as well as the support acts , Stray From The Path , Trash Boat and LANDMVRKS.",31,160,3,d631c978b4fff41101976b9fed21b74aca200fbcdd5240e79e83ee327351871b,75a92d1a3b22edfa78b0f0351c3baaeb8301cf3491fddcdbc36716364cc07160,7a4c35fa5c00ec9d1554e7fe7952e6333ae2adc0c6d0abf557414403e722dfd8,1,681ea469919ce715b2d603bf6757481ba92b6c920fa0e8e06bcf0245d167448e
73,5ee39418c9e77c0008ccf524_2,vcgrp_0a164a3db218eab84776,5ee39418c9e77c0008ccf524,888372589,No Way Out -LRB-Puff Daddy album-RRB-,REFUTES,"Puff Daddy 's album , No Way Out , came out after July 15 , 1997 .","It was released on July 1 , 1997 , by Bad Boy Records and Arista Records .",17,74,1,229d6e9557c2e8e19ab6bcf5798c3e8b36dc13def6e8cbe666649d029db761cc,9ca65840f65c44abdb023edef995a0a891d9c449cfe5896aee6a1e5c6f9908b0,1aebea1cb2c956fda9f56695be641e69272f7b68824929e3d7f5538bb6dcb0ea,4,7dc0d49f935814fa92656bb90330a361fe1b6a5cdba3ff7da4309396d737bbc6
74,5ee39419c9e77c0008ccf899_2,vcgrp_be6101c83c6b1794fe68,5ee39419c9e77c0008ccf899,915404655,Mad Max-COLON- Fury Road,SUPPORTS,"In Mad Max : Fury Road , only Furiosa knew the correct combination to restart the Rig .","As Furiosa is the only one who knows the correct combination to restart the Rig , Max reluctantly agrees to let her and the wives accompany him ; Nux climbs on the Rig as it leaves and attempts to kill Furiosa , but is overcome and thrown out , and is picked up by Joe 's army .",58,278,4,2994ae5b52664bbbe95b3f7a1d701839ec30453d2f11a4d003d234f7d5b70bfd,e7db5791b4fe2486cea7697e7693dc9c6a8f0fb9d3c991505308fb2c29f8d9ef,bcfb843ee79cec7b85e4ab5d420110c1a51b155bd25782b79a005733914305b8,1,5f2f0b8c5cd517a2b7d519591d742c62e0e4cc3f891bd22ca4d8d60d720d5872
75,5ed4de05c9e77c0008489a68_4,vcgrp_7e66d01649c44f411041,5ed4de05c9e77c0008489a68,873767226,Fallout 76,SUPPORTS,"On Metacritic , the review scored Fallout 76 as `` the worst-reviewed AAA game of the year , and one of the worst-reviewed AAA games in recent memory '' .","The review scores on aggregate website Metacritic are `` the worst-reviewed AAA game of the year , and one of the worst-reviewed AAA games in recent memory '' .",29,160,3,e356814b63122d6ca5d5ce869abcc4715e11f09bccc23b86c5fd1ccf79ae9200,55e5c9c286e38219a6b2b28548e0258778323c4d675144e02105227f95f852e9,75f5a1b0055c1648c3f3a396cc19d9d86b942bc144f1fc4aabc18efdd63358b7,2,3e8f83d46adf2eb30af8d1be5266e015b58aae4725f234bc8215c94172e1a34c
76,5ed4de07c9e77c000848a259_3,vcgrp_8f17b36243b1cbb27cbc,5ed4de07c9e77c000848a259,546763149,Andrea Casiraghi,REFUTES,Santo Domingo 's son was named Sacha .,"Santo Domingo gave birth to a baby boy , whose name is yet to be announced , on 21 March 2013 .",22,95,2,6f6f4e0681b29619effa1129a8b2d4075045ecbb07dc42a908eac0409ca5ab26,692ebf06fc14332f53084f81ff083819a96cd384375a7403c7a90e1e8c8ac5f7,68541343a1829324663954a2d6f2204dafa36316fe6668fbcb92d0da0ab7b130,4,e4766f26e530751b307e77e9637bca442fbfa53078f0571e43b7b208b245e0cc
77,5ee3932cc9e77c0008ccaa7d_2,vcgrp_77344747ea7461263c50,5ee3932cc9e77c0008ccaa7d,945907748,2020 coronavirus pandemic in Romania,SUPPORTS,"The Romanian Ministry of Health used to published data about coronavirus patients such as age and contacts before March 15 , 2020 .","From 15 March , the Ministry of Health has no longer published data on sex , age , origin , contacts and other details regarding individual cases .",28,147,2,f47488e96216e737d51111e54f9c662c1f05315816a2588967a7f4c6f1365247,0f4b52862e7a5c1a3a794fee7b17a3f29f733de0615469499e695128b8fbadc0,2109be57eda7f2963c55bd23af90218ea2333d57fdd7db9419773949c867fb2f,2,b90e7dcedd6d92b329764a3f6bbcbccea267714c3dafbefa779513f1fb10f221
78,5ece9464c9e77c0008467a6d_2,vcgrp_1f7c73527992389973fa,5ece9464c9e77c0008467a6d,672490640,Saving Mr. Banks,REFUTES,Saving Mr. Banks scored more than 79.5 % based on less than 231 reviews .,"Film review aggregator website Rotten Tomatoes reports an 79 % `` Certified Fresh '' approval rating from critics , based on 231 reviews with an average score of 7/10 .",30,168,3,4c34845ee95ecd3898b54f00d5229f56b71e3555e17e123074c1adc2e14c494b,4e21417942f124285a3c7ef9cde54da3248cc5e7b8df2c9db1f393570cc03533,c20de0ef2f22741b6f066016a604c6f96596353d69c5872061cac1352051ba7d,4,46f88606e4cdd2e96a0f4fc90952f509c8a68fade73bafe1c33af0378f120f36
79,5ece9462c9e77c000846666f_2,vcgrp_d2c3835ae99d79c072a0,5ece9462c9e77c000846666f,744234381,Enuka Okuma,SUPPORTS,Enuka Okuma was a nominee for the 1995 Gemini awards .,"For her role in Madison , she was nominated for Best Performance in a Children 's or Youth Program or Series at the 1995 Gemini awards .",27,136,2,dc34a26460950649fb6eba3f2e1147bf322cf6d92fd48db379d7ca45a2bed060,c8cfa5e8daf1940c342a4baa22f309337530c77b82411f350f9741f7131b17c7,1b71a61af567a85644ac58198961e59131b89f0c03da8725647f104e98082690,1,fde8dbe7f25b35e2c50308d46ccf4bda1512766b5cf5bce763aa012c7a86b02e
80,5ec7d50fc9e77c0008443156_1,vcgrp_5d1532416968c532cb73,5ec7d50fc9e77c0008443156,928080880,James Fauntleroy,SUPPORTS,Bad Bunny has written songs for Jay-Z .,"He is best known for featuring on tracks by high-profile artists such as Frank Ocean , Kendrick Lamar , Drake , J. Cole , Vince Staples , Big Sean , and John Mayer as well as writing songs for artists including Bruno Mars , Beyonce , Rihanna , Jay-Z and Justin Timberlake .",53,273,4,3a2f68327abd97205f6d2d5d43c16c8bf3019db073a70eda98448ac9f10c45ca,3dfdcd467baa5c89d710ccf436385b9edfc370ea74ef968272e7ba8469aafe8f,1efeb00350177be24b7022975e39897518275911765e92665e4f486b723f9317,1,f74b2715bcf299a8f6de3e6e8efa80b97363440b189761f51d9bb8b176b0b7e1
81,5ece9461c9e77c0008465e28_1,vcgrp_3e3a8e796c02ec094254,5ece9461c9e77c0008465e28,832539800,Hampshire,SUPPORTS,Portsmouth and Winchester have the highest job destinies in Hampshire .,"Economic performance – State of the economy .Portsmouth and Winchester have the highest job densities in the county , so a high level of commuting occurs into the cities from towns such as Hook , or even Micheldever .",39,217,3,2da182f76e21ccfcae9f2112967dd617dc54edb5251699cfdd7b1b064092ae86,af6cc0d452cc3126a76f3bb60bf4015be0349cabb0de1034148a154ab89180bc,73b14850debb66ede22c64d5be3c3c1fb0e50b5a4c8fa62f7aaa8f39980c8b3e,4,34724bd4db9a1dc230575ac9c22abd93c715e90c865fcb8732d3cb18f4af7de0
82,5ee3949ac9e77c0008ccfd6e_2,vcgrp_2a0d3fdb0daa58610f5b,5ee3949ac9e77c0008ccfd6e,808200416,Tangled,REFUTES,"By 2016 , Tangled was considered Disney Animation Studios´ sixth-highest-grossing film .","As of 2017 , it was the sixth-highest-grossing film worldwide produced by Walt Disney Animation Studios , behind Frozen , Zootopia , The Lion King , Big Hero 6 and Moana .",32,171,3,fbc18c203e06e1e5a104e4b4f4b5ef7a84370325c477996fd865b367bfdfdce6,2227916d55c3ef36474d1579b566643cbf064e59a128db6bc4b605b4570d5b54,0c13e2768b0a760f155073fdb7f0324d96e9dffa1b1b69221939ab29ae497b46,4,98743acb00f79543ea8cc7b5c469f4071b605bda84b4eb3d97a2af75cd751b08
83,5ece9461c9e77c00084661d3_3,vcgrp_90dc120867112ca27d51,5ece9461c9e77c00084661d3,573125545,Nagesh,REFUTES,"Server Sundaram , starring Nagesh , was directed by K. Balachander .",Nagesh was seen playing the lead role in Server Sundaram ( 1964 ) directed by Krishnan Panju .,18,94,2,754aa022ff471318f2e31510290e8ca84232e59916939018c2fed2b8987e1050,ffe62b909969e47f8e8d23d5be16349b01981ec9e5781673ee47905acbb66d1f,5678d8fd03664fd829bc2f178ab9077e790baff9eb4159c0e0470a14f325bce0,4,3cf28949238f7c41006741ba3d22c467d360ddcec14533bb0407b32b3c2afe61
84,5ee39418c9e77c0008ccf1b6_2,vcgrp_964d9a7e613b5ed6bdc8,5ee39418c9e77c0008ccf1b6,728929074,Minor League Baseball,REFUTES,Short season leagues play 75 games .,"Short season leagues , as the name implies , play a shortened season of 76 games , starting in mid-June and ending in early September , with only a few off-days during the season .",35,180,4,7fab7d9de5d65516f3faf04e96f6cf6ed327c1d426a1b126462ca321daf3265e,1389cfb8282e8ddbb41c6209e21fdd88c6962d992495d23e6101985e241f3963,27656e99c5ab04d33b30328630c871d8e3d8ac5290e77ced9c26e1dc02aa4258,4,5b742eacbdcd87d7825ba72cd36ccaee24453f8069ba6dae717baff78cf76f9d
85,5ed7ad02c9e77c00084a6def_2,vcgrp_b3430bb8d68767c260a4,5ed7ad02c9e77c00084a6def,487840310,Neil Heywood,SUPPORTS,"According to The Daily Telegraph in the UK , Gu Kailia was absent at the time of Heywood 's murder .","Sources are said to have indicated that he was killed at a secluded three-star hilltop retreat , the Nanshan Lijing Holiday Hotel , which is also marketed as the Lucky Holiday Hotel.  : //www.dnaindia.com/world/report_exclusive-mountain-top-hotel-where-neil-heywood-met-his-fate_1676883 Gu Kailia is known to have hosted a banquet there in the past , but according to two sources quoted by The Daily Telegraph in the UK , was not at the scene at the time of Heywood 's murder .",75,477,4,843a7d317293e87b29af841b5d38ca72f2a34e7d70aac7ba1cb5dd12185ec603,3a63ee6437dcbdf2531c5b9d72f7649f55f2ac14c75d8c93412a26b4af150829,0c518aca6f872550a9a64c3825e47f88c092ed1df42a68dc24873eafa89dde99,1,bfc13f4d2cff082f88b7d46bf58516359cd798c1f7520d3f50b8f1d4c8138d39
86,5ed7ad02c9e77c00084a721e_2,vcgrp_a70215c800f7d4e57aa3,5ed7ad02c9e77c00084a721e,830407266,Krystal Jung,REFUTES,Krystal Jung was born under the name of Jung Soo Jung .,"Krystal was born as Chrystal Soo Jung in San Francisco , California , where her family settled from South Korea in the 1980s .",24,126,2,2be9306fd3101365283580d8fbbd7e5d1f598da3e15c355ac5df39faf3c94fb8,9dd0e411f07e988db15c3bab199bbd72c99d7bf82e687fb233264bc022f5270b,a303d1ef4cda9d51aed6aaa7e82a77ba9f37d76823d154f5de4359946893eabb,4,641d534f2375d0ad797b78a93c786a12a36ea0f8c399b1dd5c3d292c66cb5f4d
87,5ec7d50cc9e77c00084415aa_2,vcgrp_fd6eab25aa3d749c11cd,5ec7d50cc9e77c00084415aa,631273609,Draft Day,REFUTES,Draft Day has diverse reviews from critics .,Draft Day has received mixed to positive reviews from critics .,11,63,1,0efdabefdc5395606bd482a6f0768bcf43ec5e8e1b48184976ee02a04aaa75bb,6543100bba28d31319919c679d3dffe792c7a926744afa3ff7b27fa3d6f9acd6,573c3894c2aaea14139a3b2a3615459bcd20899df781170d14d523c9d877d0d4,8,210309704648bb5dbacddcdd884daaeefc7f724144a4411c6e60485869201e34
88,5ece9462c9e77c0008466cba_2,vcgrp_5b23dca0e6e787eec1b1,5ece9462c9e77c0008466cba,640011113,Tha Doggfather,REFUTES,The Don Killuminati : The 7 Day Theory is a posthumous album by Tupac Shakur .,"It was released only one week after another Death Row release , the first posthumous album by slain Makaveli , The Don Killuminati : The 7 Day Theory , which also debuted at number one .",36,186,4,7865c7fa767856483226b785d3d77f18328f8ebfde1276e9f7e35bf8063afc2c,d749ae87b6603a70b0edd60152429a445e43e9bf530480e54d09d849c8e7236e,8458a93422d45cefc29f389afdba4d42e06ac09e06175c89c7f00c244d165cab,4,abce1515fd382029e0dd85b8b00265c41d742a3a72da5515b630f27faef786a2
89,5ea2d97dc9e77c0009cda87d_2,vcgrp_c95aec49fd1c87dc7f08,5ea2d97dc9e77c0009cda87d,488050391,Zanjeer -LRB-1973 film-RRB-,SUPPORTS,The role of the gang leader is portrayed by Ajit Khan .,"Various dealings of the underworld continue unabated throughout the town , all tracing back to gang leader Teja ( Ajit Khan ) .",23,127,2,8ec014c543caf1c9e92a8da04aad6a9345054ba01e332b9f3523d86523c72272,ca119af62593236771d4727fd231acc0a0e0a313b9521e2c10ac221300673ac4,ebebdf24362062d0e8472f67c524330b38182b34bf7a67ab13b06e619a01327e,1,a2d495cbddcfbe3bcbef47f57aec75c1b57cb850193edea748a99106a839b21a
90,5ee3949ac9e77c0008ccfd59_1,vcgrp_058f6bcb935a5e6ee0a0,5ee3949ac9e77c0008ccfd59,877478042,Clueless -LRB-film-RRB-,SUPPORTS,"In the film `` Clueless '' , Cher , a teen , lives with her father .","As a litigator , he is constantly involved in big cases in Beverly Hills , where he lives with his teenage daughter Cher .",24,122,2,da48588b7bf2f058dbd5e4cc1c6f05ebd51e0f0196f8093bfe36fc8a645c87f5,17f8d30398829314ad4909bfd92d2f6d746346c132e7d3a5342bdb3ee00d9172,b72a6509d06d32fffe4f1eaff13f2620509c079f3547aea61e71b2f6dfce6b06,1,533e2bac756ec7b64ddf9aed146e4a4f779b3559ca0fd40c1ce0c2379674871b
91,5ec7d50cc9e77c00084415a9_3,vcgrp_96ef52473d10204dde1a,5ec7d50cc9e77c00084415a9,640453563,Draft Day,REFUTES,"In Draft Day , Opening Day 2000 is shown with a visibly pregnant Ali still with Weaver .","The draft is portrayed as a success for the Browns , while Opening Day 2014 is shown with a visibly pregnant Ali still with Weaver .",26,132,3,cfea8cc544d6616986d27ed714b4fad89ee306dfbdd533104e569a0d1ddff9f7,00dfee0c05bb14e0212d7889b5a771700f4a1b5e24da1d8e61f758858f2c5c13,932dac2047dcaffc9cb1995ad6d14d59d3fb7215ab18412c8b97731127202618,4,3400008e67ffce138344406386bd86f0b8c697ad400bcd9d0210bbf2b01829c0
92,5ee39419c9e77c0008ccfba7_2,vcgrp_8dab8494d504de506927,5ee39419c9e77c0008ccfba7,858729751,Practical Magic,SUPPORTS,"In Practical Magic , Sally is grieving .","As Gillian begins a relationship with Jimmy Angelov , she can feel Sally 's grief , and realizing that Sally really needs her , she returns to Massachusetts .",29,158,2,80e5d79cdbafc326cf66f219e530549bb46c1a686b509f13fadec33e310bc204,5442652703359faa95088597d8ebf51a658a748b2d1632578167d50ed6a262bc,b3bd03dd9b6c10396dbf1785550bb3bbede0a4f8a21f84994238733fe1104007,1,5ebecb89aa245a2bb95e7fe6703868cd6366749f4f4c7f0889037111b7e7c5ce
93,5ea2d97dc9e77c0009cdad40_3,vcgrp_4998312ef374ae78916a,5ea2d97dc9e77c0009cdad40,568842051,Paranoia -LRB-2013 film-RRB-,REFUTES,Paranoia has received a rating of more than 3 % on Rotten Tomatoes based on more than 43 reviews .,"Paranoia has been panned by critics , as it has a rating of 2 % on Rotten Tomatoes based on 41 reviews .",23,104,2,6edb91a23c79f4d4e3f24d5bacf95ee288deb1a1294a4dde4fd2fbdbc979d60c,d4762aa703d9d7afd04718b6dac721fd5c697a8af0fe24c735aa4036a7a6e608,22bc1a874f2365905229df23f95048b5d99daf46f79fc22c8cc7b0d33f5db90d,4,eabab3ff4e8e6ad521ae2e3c7dc5662f040d5e2d070aba419dedcc56224887da
94,5ec55990c9e77c000842d0b1_1,vcgrp_56ec37f6a4d4117385cb,5ec55990c9e77c000842d0b1,901620832,LGBT rights by country or territory,SUPPORTS,"As of April 5 , 2019 , the death penalty was being imposed for homosexuality in 14 countries or jurisdictions .","By contrast , as at 5 April 2019 , 14 countries or jurisdictions impose the death penalty for homosexuality .",20,109,1,e42f601c0d36a514704cd25b8887ae380e9bd20f1db153774c1f3b67d47e8907,6cb2c6e45b2ffc2ad41632ba76f9a9e58e51fd06faf7e748f80b2d73816686e2,4277dd488e86a72e5eab32ca01d2b5ff8a569223dae526388c8c091436802085,1,b296faeecf75dfcf730e06da6c57c403ea9f756ce3056638c8bb48903bc7ea50
95,5ece9462c9e77c0008466afa_2,vcgrp_7e3062cebfd3fb188000,5ece9462c9e77c0008466afa,846365246,Yussuf Poulsen,REFUTES,Yussuf Poulsen 's father passed away when he was younger than five years old .,He died of cancer when Yussuf was only six years old .,12,54,1,1889004bdebe733192cdf442b83fe4d5069bc0bad72dacf1f21cfaf10a6f513b,75c5156b8eec714bb4d382f1fd2e88a7b3e50f88cebda15e069ecf7de6f15683,d1fb4d39358ddd059f56b4fb380ca94df28be96d22c06527b0acae3d2f45fbe8,4,bfa4bd3b375087304d57df87cba47f8ac75e33d39e168590f757cc5b64b4ef6a
96,5eafed7ec9e77c0009ce0e2f_2,vcgrp_a30d77134d7ca949cc58,5eafed7ec9e77c0009ce0e2f,694074039,The Night Before -LRB-2015 film-RRB-,REFUTES,The Night Before had less than 114 reviews on Rotten Tomatoes .,"On Rotten Tomatoes , the film has a rating of 67 % , based on 114 reviews , with an average rating of 6/10 .",25,108,2,e06fcebf688bb143f3b4987007a7895126429b0747c5537a89556eb1e1725d8d,af52e40c94ee5a1799c9f793aa3cbf889349c9976610f4120757b8402dc7a9a7,04263bc387a1b2cbaf5f5ce1ae260300b3321f91f771753297bb2a40e5d24726,16,6b0ce4f72b49dcd4b366166e6b5eae6c567ae6d6117381f0141f260ce8362f44
97,5ebbf32bc9e77c000929507f_3,vcgrp_f0ecf37586ff593769b7,5ebbf32bc9e77c000929507f,910967633,Madden NFL,REFUTES,The Madden NFL franchise has grossed less than $ 1 billion in sales .,the franchise has generated over $ 4 billion in sales .,11,55,1,9a4e4d129cadb0b5c43a50c1f7563f01a79d33ba94625d10fe594c55017c693b,d252d6cdc44a4968d17309c46ab5dcfe3dc9a05cdc0b7da6d0139e73029572f9,0a5ac0bab732dd525cc4acd8143faa7cf2e262efb43e35757794f49523963f19,4,443e0377813c71c67d22fe10aa702a45c0557ff7fdb6d783bb56e8a0885004ab
98,5ee3932cc9e77c0008ccac5d_2,vcgrp_c42ec4e3a9cee6d5af62,5ee3932cc9e77c0008ccac5d,951037823,2020 coronavirus pandemic in Uzbekistan,REFUTES,"Before April 15 , 2020 , Uzbekistan had under 1,100 confirmed coronavirus cases and less than 90 recoveries .","As of 15 April 2020 , there have been 1,165 confirmed cases , 99 recoveries and 4 deaths.",18,89,1,9285cb1446f8b3a505bc919180589a9f176c56280f62029e5c3eace30a841e68,19d69666d673575557c6a0385cee0ae908f023bae89dca986845e9b10944921e,869cac870a2a3f33179208cd71777b513e36dbc7f4f62e86ee47526145d90f78,6,39091c4c182e67babc949610c2a3c6a5c0437dc676e53f947efeaef60d2ddd7c
99,5ed4de03c9e77c00084893d1_2,vcgrp_37125d91b46552d0772d,5ed4de03c9e77c00084893d1,725708224,Cheick Diallo,SUPPORTS,Draft pundits estimate that Cheick Diallo will be drafted in the first round .,"While he held a chance of returning to Kansas earlier on due to a new NBA draft rule , and despite some meager averages with limited playing time during his sole season with the Jayhawks , Diallo would sign an agent on May 13 , 2016 after some overwhelmingly positive assurances about his performance in the 2016 NBA Draft Combine.  He is projected to be a late first round selection my many draft pundits.",74,406,4,e4c312fbfecbb0db4c5c50cdda421ccfc8d8aabf9ea690123ba395cb4cd99fd0,06be9eaf9f717930cd64fcdbf34feb67a35b35b24d01c394c2e02a30d4b13e2e,2542a13d280f8a9bf778ed76d5b8c73825f2d620fe524b955d10850e99726522,1,5e2ed99dd16a81c846b96e34525a57ed047d226d7bbcfaefbd033435415ba113
100,5ee3932cc9e77c0008ccacaa_2,vcgrp_b7aa106e21df46f7d0ed,5ee3932cc9e77c0008ccacaa,954015120,2020 coronavirus pandemic in Washington -LRB-state-RRB-,REFUTES,"By March 28th , the U.S state of Washington had recorded less than 790 COVID-19 deaths and less than 14,000 confirmed cases due to the pandemic .","Washington had 14,070 confirmed cases and a total of 801 confirmed deaths as of April 29 , 2020 .",19,97,2,4d6189a0adaad7eee96fc5c3939a5796cfe696df882208d5c99340fe8bae40f3,e3f834e5f7de7e133e32675a74592e2f9b33d213466369236a88eb5f7ccb9495,27eb3f191b96560fecb6222a28d8789e0224baed0e422ce0896e688bb6e1c3a7,6,485a52db70e2e3ea0f2f10143c96fb36335b4e0d75e1ee74e5da992455242903
101,5eafed81c9e77c0009ce193c_1,vcgrp_3f5ae475d27311f9091c,5eafed81c9e77c0009ce193c,756598020,Metallica -LRB-album-RRB-,SUPPORTS,Metallica is an American thrash metal band .,Metallica ( commonly known as The Black Album ) is the eponymous fifth studio album by American thrash metal band Metallica .,22,125,2,4c3ebd344764d03f436db26fca72994458b756b37a2cfda2c58754fa6424bb72,28e4dc8d88edc13c0f53801ae0913981c51fdbc8cc1e2e67793467e72e6b57dc,e82af3c8bf1d7cb6e7d8d0e808649e0849ed55a1034b801f0a4b6aeea55d9ca5,4,dd9967be72a04727470c1d8c4db66f9844a7f86b79d22c5ae17c2a1029ae831a
102,5ece9464c9e77c0008467ab0_3,vcgrp_cdedeb2d1a23b8b34c52,5ece9464c9e77c0008467ab0,651366858,Chaharshanbe Suri,REFUTES,"Jews , Assyrians and Armenians celebrate Chahārshanbeh Suri .","There are Zoroastrian religious significance attached to Chahārshanbeh Suri and it serves as a cultural festival for Iranian peoples : Azerbaijani people , Iranian Jews , Iranian Assyrians , Iranian Armenians , Kurdish people , Bahai people and Zoroastrians .",40,259,4,f63f49d29ddfec2b5ab0266d2e42c2dfce6e658b555204cfb84728b61d61af58,09c37bd81b04e4fc5131295e604c1327314f0067e07025024ff59f91608de2df,79c0d53005d3d99f5c9f9e6d49b4e0ddfee00dd0ebeaff63e97016d5dc8922e2,4,5f63261934388b32f4d291551bd82c00782565bc1c8911553129d0bf1feeea0d
103,5ec7d50dc9e77c0008442390_4,vcgrp_58775d77f98f9b1e132a,5ec7d50dc9e77c0008442390,702069076,Sudha Kongara,SUPPORTS,Sudha Kongara has more than five years of experience working as an associate director .,"She then worked as associate director for seven years , including Mani Ratnam 's films such as Guru.",18,100,1,2c4a47d592439c3c6e8e095576bb996a760ca0709915a9865b2b526659521c1e,1d42499942f20db57d4b86f4125307e2d1b6871b6a8334aa8c3e0b21e1f5f912,69f70db020a9e8ce0f51513890959ecc8fc50f93482cbd2b59b3144af62dcc68,2,987a36ca84236edfc798df9a9142e293fbb2b99af2b21a8a4814411f6823a20d
104,5ec55991c9e77c000842d957_1,vcgrp_6c7fc7ee8d546810f2e7,5ec55991c9e77c000842d957,866516594,Demaryius Thomas,SUPPORTS,Demaryius Thomas was selected by the Denver Broncos in the first round of the 2010 NFL Draft .,Thomas was drafted by the Denver Broncos in the first round of the 2010 NFL Draft.,16,82,1,f5be23c1ac503ea555632ad35ca3b0d4d3094bb3f286f8b3725ab3228bed3c0d,c7a92cf9cea30d55383ebcf967148439adca38793962f94f843ba7667f6b7342,b07fa9b9718baa4c3ea603a47db6a40427d03dfb27894d49bd30aeb47e61cd1e,2,6b257aa4c7f91ba10bbe72259eea8a4f449bc56278f1f908555801657b63d064
105,5ee393b7c9e77c0008ccc4d2_2,vcgrp_b8960b54b150a010558d,5ee393b7c9e77c0008ccc4d2,950084257,2020 coronavirus pandemic in Massachusetts,SUPPORTS,State authorities first announced plans to convert the Boston Convention Center into a field hospital to assist in treating patients suffering from COVID-19 .,"In addition , state authorities first announce plans to convert the Boston Convention Center into a field hospital to assist in treating patients suffering from COVID19   April 2 , more than 500 health care workers in Boston hospitals were reported to have tested positive for COVID-19 .",47,287,4,c316e0d0c0e77e8d1fb42f40c3c44c50cda466041972a1acdc3561df1dbdf964,69ee58e17f92debc871b59f780c4550c7eef33d08d37fe21fa8e92627a109e48,ed7bb956ae48c1479d29f6cf83d7c691e88f94f7e45d48e9ea28946e4a70cc4d,3,d5b067fd6c85ac46f5ecc8c408f3af9c0d9e12818a3b8a0f134c70e1433c6c5c
106,5ebe6f2ec9e77c0008407beb_3,vcgrp_06895577e5cf70d4e102,5ebe6f2ec9e77c0008407beb,648860105,Focus -LRB-2015 film-RRB-,REFUTES,"Focus ( film ) received an approval rating above 58 % , over 24 reviews , and an average rating above 6.4/10 .","The review aggregator website Rotten Tomatoes reported a 57 % approval rating , based on 24 reviews , with a rating average of 6.4/10 .",25,135,2,1d035d8531ac54738a36a35f398128e0f0824f969a67fd9972c1820ac913e5b9,12de87de885cf6b13fbf46925ee5450697c2dd787e02f36caafd583f085c9576,47286ded68604eaeb75f5b8779b985fec2b6d8da3412808536213ca25046087b,4,224f366f763d2df965dfe170d0f4bd0f4aaa39335d266dbc5886768cb1dc20f5
107,5ed4de05c9e77c0008489a29_2,vcgrp_0ac4dbe707c9ee6b8aa7,5ed4de05c9e77c0008489a29,666771739,National League South,SUPPORTS,"The National League South , formerly Conference South , is billed as The Vanarama Conference South for sponsorship reasons .","The National League South , formerly Conference South ( billed as The Vanarama Conference South for sponsorship reasons ) is one of the second divisions of the Football Conference in England , taking its place immediately below the Conference Premier .",41,252,4,4c2273f99d0e38d888c85a4408644fb40a725b2610f8e60bf84d4db7c5e06091,7e76bc91ff8f53637840fe01f004e4a8b909c58fbd808738d7d4306fe07cea93,643e9b2b4ac0f60f0aa3734c85eeffce14c19a263a5589c3ad71aea8c53953cc,1,75df7073c5a6ac2e6027fb44a0d8764a2f30c7a493ef26345d16ae0e7ee9091e
108,5ece9463c9e77c0008467518_2,vcgrp_74945150f2eb1ae325f4,5ece9463c9e77c0008467518,899305479,MonsterVerse,REFUTES,Godzilla : King of the Monsters is the upcoming film in MonsterVerse to be released after 2018 .,The next film to be released will be Godzilla vs. Kong ( 2020 ) .,15,65,1,5925f6fae799fc41ab1514c0f75a79003818629a27d230cda4a18f420b04547d,31bdb8d64b28776cf27cc1b4585d09644af22dd3a3f1690e4756a28c7f7cf964,21de4d56564853fb8ec166ce54aaee517c205bc6f611f3f44c8a7ef21b816b03,4,ba6feba5e8757d7d9dfe6d8d0ea64480bc53540c6c5cf93e11a8d171aab44c43
109,5ece9463c9e77c000846737c_1,vcgrp_70149464739342420525,5ece9463c9e77c000846737c,494623304,Simon Mayo,SUPPORTS,Jools Holland and Prince Buster covered Carl Sigman 's `` Enjoy Yourself ( It 's Later Than You Think ) '' after 2005 .,As his opening theme Mayo has used a 2007 recording by Jools Holland and Prince Buster of the 1948 song `` Enjoy Yourself ( It 's Later than You Think ) '' by Carl Sigman and by Herb Magidson .,40,193,3,33044ba8ba997de389519d98ad6b8d0782ba8fe3ccd38a4108034abf5e221d1a,21708f5b41a0ee64f062f7662bdd6b009cf577d9e1c53287e97bb914f8a9c648,bb5d470c1cbbeda326ab54056b933d49a2f157454acc0ea53be2177d31463cfb,4,5f2fa97039155c74fc452fea44af3b6e92c6c3b7e62b5d92a95a7c09a81a93d7
110,5ec7d50ec9e77c0008442ed4_1,vcgrp_5ce5be8b0c102f99568f,5ec7d50ec9e77c0008442ed4,280006687,Bankruptcy of Lehman Brothers,SUPPORTS,"Prior to December , 2008 , Timothy F. Geithner called a meeting to discuss the liquidation of Lehman assets .","On September 13 , 2008 , Timothy F. Geithner , then president of the Federal Reserve Bank of New York called a meeting on the future of Lehman , which included the possibility of an emergency liquidation of its assets .",41,219,4,83d61be4258d81250d98924e04501a93c120fc1d7ad500732dab7d84271c8ddd,640513fc9e7a3f2179b2e55a9a1ce68b1e9fda8f8f4ad668b8eec1777114672e,268c6453ea250e4dc0ecfb02665a7e0a323b2b6598a7402534c6575536359e97,4,f4c43f5b37bc03c2578f0a4d399dfc12dc1af636e79963a718ed64aa3c15dbcb
111,5ec284fcc9e77c0008415e76_4,vcgrp_0e158f4a6c26657932c3,5ec284fcc9e77c0008415e76,926581737,Dil Dhadakne Do,SUPPORTS,The film Dil Dhadakne Do 's budget was over 800 million .,"The film grossed 1.45 billion at the box office against a budget of 830 million , and earned a number of accolades .",23,116,2,e151cf6c6766d8bf8a89e8f4cb5fedf38204d645f7bdd2fd90eea9e0b08ebd25,e9df3f5467f57ccaa1fbe6381f4e167e1d7e1d2a0cd98c5a2c91fc0262b0d0eb,89f4628399a8f783704063060c88aaa28baf6055c41258b0055ccb2aace0c8cd,4,b4164ceb514b908811ed56fd53d685d69640e6c7f41cdf0e8b7cfbff29ba2fa8
112,5ee393b8c9e77c0008ccd01d_2,vcgrp_07c58dd1acade79f2d83,5ee393b8c9e77c0008ccd01d,945665514,2020 coronavirus pandemic in the United Kingdom,SUPPORTS,Coronavirus has killed more people than SARS of 2003 .,"Unlike SARS of 2003 , the case fatality ratio for COVID-19 has been much lower , but the transmission has been significantly greater , with a significant total death toll .",31,172,3,1e839cde98cd4c2491f66c979be2e30770adbd7427a90f58b28e4c8a22ed7c54,23d8310df44bf496fb7ab41182793e8a8a02f42abdf7a366791cb3f51ffaba8a,fc3699e4268258ea6eecb80d7d9caa298d268fd2a2de21742ef77f3b7f278428,1,9d7e18964f1604880299bd77da91d9e43b247a088bebc4ecdc83ae2c449a2149
113,5ec7d50ec9e77c0008442e6f_1,vcgrp_9613ac18c82bf11c50b5,5ec7d50ec9e77c0008442e6f,777483436,Indian 2000-rupee note,SUPPORTS,"The Indian ₹2000 rupee note is the highest currency note printed by RBI since the 10,000 rupee note .","The Indian ₹2000 rupee note is the highest currency note printed by RBI that is in active circulation , ever since the 10,000 rupee note was demonetised in January 1978 .",31,170,3,8b50361b3b5dbaaf515e0546b12527a4e2e62bac1a9b3826dd5d062f0196e815,cefbd99596bda7e25c4fe4c5a7b0e268e844e9368cd5aa42f78ec84dc60e407d,c02996b2be2a47f57c61c2296e2315e1f3ffd58e8130c89acfdb8348184731d9,4,2fb5e62f86602630230929888cca30f02263aff2a6dfbf8d71b3d88f727ba4e0
114,5ec7d50fc9e77c00084432d0_3,vcgrp_ee89806f758920d6e216,5ec7d50fc9e77c00084432d0,554891783,Mortal Kombat II,REFUTES,IGN claims that 1994 was the year that games like Doom and Mortal Kombat II were released .,"According to IGN , 1993 `` was the year of games like Doom and Mortal Kombat II '' .",19,84,2,50bda1e52e93723101245d5a8470ba6c6a14ecd5ffff666647bdf724b5a18ab0,265c46c2bd8d6c70ef6765316bcd087211806e9864c045bf4338f7cca7eb3b30,3f718f8b0d67f14d95e1c50899ad8ff0e387e23c76e7fe3d451063ce6792780d,4,464df8bd8de55595a83d4018fc6fc6eb9a542f24a381b3fb0f8fddaa42ef2ea2
115,5ee3932bc9e77c0008cca4c0_4,vcgrp_7f4457ac2017fa62a833,5ee3932bc9e77c0008cca4c0,950195606,2020 coronavirus pandemic in Germany,SUPPORTS,"Germany reported more than 119,700 cases of coronavirus and less than 2,800 deaths .","119,839 cases have been reported with 2,673 deaths and approximately 46,300 recoveries .",13,88,1,51b55a140980f8c850e89d9079f05a77d81602b517ece4b77bc2b9c16399c64d,df26b92f2339cdc8fe7d6c19dae02817c8a6048353182e6e9528004faed338d3,f50b6911c288b5260773a4cae673aaa797ef09106ca06a3722dfb078c78e00e6,12,109a387303a4850efc4b2d29ecda6ec16a3828b78afd40e9ec335e51c95bfc7c
116,5ede072ec9e77c00084d2842_1,vcgrp_03cee1aa910b03ea78bc,5ede072ec9e77c00084d2842,761607379,Matt Schaub,SUPPORTS,Schaub was replaced by T.J. Yates during the 5th week of the season .,"In week 5 against Rams , Schaub was injured during the game , but his replacement T. J. Yates threw another pick-6 to stretch the team total to five games .",31,156,3,c6fc1633af51a4fdacf588e1e0de90d5a47f094f5c0c1f80a65518edef4e32c4,198dd8c7287855f0cc80bf7940a4e641d02e3755163b8e2c6f94587005a97c0f,25d9ddf40091f0949c330ce936dd718a273e774c228694f0324a8d2dee232a33,4,b6e554130807c81de647586945d52c84b43888f05c5c600273290a46490de354
117,5ed7ad02c9e77c00084a6d4a_2,vcgrp_4aa3b0854c4c6482734d,5ed7ad02c9e77c00084a6d4a,534057574,Pavel Nedvěd,SUPPORTS,"By the end of the 1996–97 season , Nedvěd had scored seven goals .",Nedvěd scored his first league goal for Lazio against Cagliari on 20 October 1996 and finished with seven goals in the 1996–97 season .,24,135,2,da305fcecf79f729ebd637d39d67c83633a851a56b3a95b8d5e344c9db7558a6,30bb1deb600227d7e290bf264d3ac28f00912dd67c27d8c13baa0e989dba84e3,634e15347b854a01eda312de451985152d614a188ac5a12816c01ee9c586fb30,1,4caf13d35e386e52616e195aee03f833329047ac2156c186773e56a54cd7df2f
118,5ee39419c9e77c0008ccfb7a_4,vcgrp_52a7fa3183ad20eefe67,5ee39419c9e77c0008ccfb7a,877021248,Fuller House -LRB-TV series-RRB-,SUPPORTS,"Before 2018 , Fuller House was renewed by Netflix for a fourth season .","On January 29 , 2017 , Netflix renewed Fuller House for a fourth season , which was released on December 14 , 2018.",23,115,2,9db87401bec7eec54e5fa1feaa9db03940b1d5e726d486f9b9b9bd6a830b5fe7,b9a643e4bd5bc4fcdac2ccd4c73a596b74bdfd5a9b60ef25c1e0e003aa5d87ec,34f3e45d6d10d083b30a86191e8090076b899dfbbdc2c9595e9eae8b0b6f7195,4,d6841f7314f11fedb06dd3d968b0b935528b0b2fa0f80117d3e77f4fd1d31e04
119,5ede072ec9e77c00084d299d_2,vcgrp_770b929feda730751c7b,5ede072ec9e77c00084d299d,727434618,Cardiff University,REFUTES,"Between 2013 and 2014 , Cardiff University had less than 21,500 enrolled undergraduates for a total of less than 30,300 enrolled students .","The research impact of Cardiff was also ranked 2nd in the UK.The university has an undergraduate enrolment of 21,575 and a total enrolment of 30,480 ( according to HESA data for 2014/15 )   making it one of the ten largest universities in the UK .",45,247,4,ca8f27666b2d702aebebfa22e75abff8c7c1395a556126680a809dcc9bb86fb6,f0eb0139c3099166570e098366f3aaaeb6f4bdd023e4bdffe3605e8efc1296fd,a9e4e4e1031b5c40e94799c438ef06976590e370b3ca031014e206adbaf64a5b,4,da764f7a9c8299b9d3c5fc4a55868d8f91e363f3378e4fd98a106262e54b1cb6
120,5ede072fc9e77c00084d305b_1,vcgrp_ef806b484acbbab74af1,5ede072fc9e77c00084d305b,869181772,Robert Trujillo,SUPPORTS,Robert Trujillo was Metallica 's longest serving bassist as of 2018 .,"He has been the bassist of the American heavy metal band Metallica since 2003 , making him the band 's longest serving bassist as of 2018 .",27,139,2,2e2b82bdb9fde88f281e2a49aa8ea1b9a8f5507b14bee62ab1f6e5f6e52761df,e58fb54da36834f170f1500b1c4849459101435cde1d7e541f912ba7d5678067,06b474d5e4540c589d92264ecbb8d03b68ddfd084ffa207d258bd01d79a24cbe,1,caac0a816764aeabea3194a288db791c317ed49085793b224c77e02b6a18ee44
121,5ebe6f31c9e77c0008408d19_1,vcgrp_655cc1be86b18a8025e6,5ebe6f31c9e77c0008408d19,780238146,Corpse Bride,SUPPORTS,"In the movie Corpse Bride , a character has an excruciating painful death .",He unknowingly drinks the cup of poison and dies a most excruciating painful death .,15,84,1,b0fd187d465c4976148ae633fd15b317bb4b5f1cf7a7ab49b3eb625d4b4626e9,1f7723e4601b24e63dcc24c850add4f4c31f520596ed49a4d3eb209dbde6e786,9a59f880c8623eb7fcc728b7dec5996d0168746473c22201f7784110dc14a7a1,1,f6db92b0e6c57e71604244ca112d06f68e48db123c4725073601d34a9864bdea
122,5ed4de09c9e77c000848a7f6_2,vcgrp_be52918868adaf7239fd,5ed4de09c9e77c000848a7f6,591423223,Meet Joe Black,REFUTES,"Meet Joe Black had a domestic box office return of more than $ 44,500,000 .","While the film had a disappointing domestic box office return of $ 44 , it fared much better overseas .",20,103,2,1f831ac6bf8a4652193c0901d891b131006560bf55b30015412255c1af17f500,934d377f6e4fe92ece4a6e786b6ca73544cdba68aafa1ecba0c667ee536df8af,b41d17e0d9320ae9dca053e512d99e268dcc7f4510d654819b74ce3dd5f432c5,8,b1dc214a1d151165de9de0269fb6a9829a40bcc6c42dc37bd7ef4746cfc841b6
123,5ede072ec9e77c00084d278e_3,vcgrp_860db885cc580e5ef247,5ede072ec9e77c00084d278e,575187869,Lusaka,REFUTES,"Lusaka 's ultra-modern stadium planned for the end of 2013 , sits less than 80,000 people .","There is also an ultra-modern 90,000 seat stadium that is being built by China , which will be completed by the end of 2013.",24,124,2,fb49b955862362593419d17f2fe2e950bfa092d70ed5a4e52d6b789229e57ba3,9b8e3ed4097783948da159db2f63c37f19936c55887608905ba2787734cad026,e5362e75911263f3680f4312dd0bcd4e7988483a7ecc6a7ec500f6120ec4278e,4,377aca264eb86ec820b6940a357574890e057fbcb5a502f82d1cfa4e2ba40ef5
124,5ee3949bc9e77c0008ccfef5_3,vcgrp_46bd492482873f06bc15,5ee3949bc9e77c0008ccfef5,887985863,Mom -LRB-TV series-RRB-,REFUTES,"The first season of the TV series Mom has an approval rating higher than 68 % on Rotten Tomatoes , based on more than 38 reviews , and an average rating higher than 5.7/10 .","On Rotten Tomatoes , the first season was given a 67 % approval rating based on 36 reviews and an average rating of 5.7 out of 10 .",28,131,3,eebf4cae382ea758fb04020da3e0f630ff9023db58cb3ea262e6ee7b7b4d4ac9,7509eee3fe2e04ff27629c7b530662b80da19ce2fdc597c8f5dbba6683f89468,d1e8ed8a16fb499119cae0ea203402e1c0eaa88705916fb8a94aa20b6570acc8,8,d97d9f9ab385d5bcd0b80a690910bc0ad88452aff46dc9c5608b76118ae75a84
125,5ec7d50ec9e77c0008442b8d_3,vcgrp_588b4001dee1eaaadb15,5ec7d50ec9e77c0008442b8d,871973282,"Austin, Texas",REFUTES,"Austin , Texas is the 11th-most populous city in the United States .",It is the most populous city in the United States and the 4th-most populous city in Texas .,18,91,1,d8aaa1d1800f62cc36476d559e9e4b3aaf6752af485064e60f93ac02bde638f2,24dd3a4c68af1917e7867415e30de60f104f7422983d0e2d0bfe33db58356a94,585b780f2f34b20d0aea5d6c92672e2038a43cb60616145068caa80f29dc30dd,4,b730c026f5c728d2355c5b6c73b24a73aa9b94a4a704a73cbaa95aecd23d254e
126,5ee3932dc9e77c0008ccb7cf_2,vcgrp_5806e5a8cfe93492b30a,5ee3932dc9e77c0008ccb7cf,946600118,2020 coronavirus pandemic in Africa,SUPPORTS,Public and private institutions were to be closed before 24th March during the coronavirus pandemic .,"He added that public and private institutions namely schools , colleges and universities should be closed by 23 March .",20,119,1,81c228f273248837ed013e5a08ddfe29fdb6ef0234dc28b91d63ec04bea99f97,dfb4f6c320212151e04583557cf78246d0b18f2c6da3ece30053e469387d8f98,b3d43633e3aedb8c6370ad474402ee4ca25445d6ae1d76aa9ef5cfe779688290,1,e85164513730484b408acc739c11ad4a09defb3622870ea39c740ccdcd9cee86
127,5ebe6f30c9e77c00084087e4_2,vcgrp_c2706e8dedaa309a8833,5ebe6f30c9e77c00084087e4,889582238,Assassin's Creed Rogue,REFUTES,Assassin 's Creed Rogue is an action-adventure video .,Assassin 's Creed Traitor is an action-adventure video game developed by Ubisoft Sofia and published by Ubisoft .,18,113,2,2c5838f37f5e6e8feb2a569269360af0f657afe4a9ad7d38db6ee4616d581478,85e709561bb9f090a04f9e388cd8201d41cf03f6fc5aa667aabf08c6dc5897d9,33216aaf8420e842c1c668c57274bfc347b651f381a86e4ac7856a7897d88457,4,bd06b497ffba39c5a0a098d30f3e48eec99e98685792940e40acd7a79de42285
128,5ee39419c9e77c0008ccf896_1,vcgrp_43fff91de18aca0caa60,5ee39419c9e77c0008ccf896,844625104,A. P. J. Abdul Kalam,SUPPORTS,A. P. J. Abdul Kalam was a scientist before becoming a statesman .,"A career scientist turned statesman , Kalam was born and raised in Rameswaram , Tamil Nadu , and studied physics and aerospace engineering .",24,140,2,3478ab02c9e6c3d24b6cca51767117a9a50f00873e48f6116b666dc5024c8197,3538a6adffe4ea2c441dc96756f7fb412dd61ca0bbe74f0a8ad3071bca61fdc0,355a3f4f6803d89b312fbdea3654b2efc6bbfe9628551e536b7999765bde2fd4,1,7b16267fb01cdc9f36359a8b64aa3418cd797b0dc39cb60cb571915840e12e52
129,5ed4de07c9e77c000848a0f0_3,vcgrp_d38842c0ba4c11b4d926,5ed4de07c9e77c000848a0f0,294441439,Marc Bulger,REFUTES,"Marc Bulger recorded over 8,500 passing yards at West Virginia University .","His name appears on the `` list of Mexican American '' in sports , indicating he is of Mexican descent. Bulger played college football at West Virginia University where he holds 25 passing records including 8,153 passing yards .",39,228,4,18f373bc8340dc01616b14602b65d27a77678ae8ce0469b486d2ab0e3922049a,b706fcbc88ef151fd09d840646c47714ad7f1efc4ab12865eadc5d76f8b8cd29,4e3cde4ee37eb62e48a78168beefa3023205873b63b66a7dd1d4970f4f11b527,4,d92e8fab1eabe7d745103f8276b093c46c6caa2cb9af8a978846ea4c9ae0c27f
130,5ee3949bc9e77c0008ccfe41_2,vcgrp_f31aedd75a41448b2cf7,5ee3949bc9e77c0008ccfe41,753710210,Jason Bourne -LRB-film-RRB-,REFUTES,Jason Bourne 's approval rating on Rotten Tomatoes is based on more than 258 reviews .,"Review aggregator Rotten Tomatoes gave the film an approval rating of 56 % , based on 257 reviews , with a weighted average score of 5.9/10 .",27,141,3,3aaaa2141846fe11eebb00b65bafa67ca490884ce2c31468f110f25005533728,790fc1da523c63a7a858086164492bc2fcf099c87c9f6506e4c76b455db77403,b7cccc04ef9676671f4a6683a860774fe211f072ae45015f258ce16195adb8ff,8,d9c206acd13864dbf906ef019632659d858d07fa7bbe2b33c3a523aabb0ef80d
131,5ec7d50ec9e77c0008442912_3,vcgrp_0b51cd53ae3641ae1535,5ec7d50ec9e77c0008442912,781256989,Okja,REFUTES,Rotten Tomatoes gave the film Okja an approval rating of more than 75 % based on more than 16 reviews with a weighted average of more than 76 % .,"Okja currently holds a 73 % approval rating on review aggregator website Rotten Tomatoes , based on 15 reviews , with a weighted average of 7.3/10 .",27,148,3,dfc00e15184d4bba8649119d8b9152c75a9a147302ecd7927c4d43d5daa9e2c2,ca7ab6b2eb54f511462c91860d55cfc06e1cde742483f34b927f5c46b37e9e07,bc61a59cd29ed4815140996294ceae7d6fdd41a74626d4610100b5f29c441ab3,4,ff6e9d5a8ce9a847f4e87769edcd69906b8fc67992c4260f7ac663ee9add04cf
132,5ec7d50fc9e77c000844306a_2,vcgrp_3dd77ebb476c74f2ecc2,5ec7d50fc9e77c000844306a,536602522,Gordon Banks,REFUTES,Gordon Bank 's contract cost over £10.000 .,"He signed a goalkeeper , centre-half and centre-forward from Bangor City for £1,500 , as well as former Stoke striker John Ruggiero .",23,133,2,73c94c3c73cabbe28aa15878763482a64ce85afad74b2448a3dce344a36521d9,1d5659d8aa3e9d5cca1c1a3abfaedadd7675fa9ea4e1a9804fffd8f3190f61bc,e354af9acb5994f7e5063fe9ba35f317f52add91754d89ba11d86b26b7f6b972,5,922931cdbe486d7afb1d9189c927b1e0d299b1a81573d736bb70af3aa84ef849
133,5ee39418c9e77c0008ccf2ec_2,vcgrp_8e89cdd7d69988591e6d,5ee39418c9e77c0008ccf2ec,874947921,Airbus A380,REFUTES,The longest route is flown by Etihad Airlines .,The longest A380 route is flown by Emirates from Dubai to Auckland at .,14,71,1,987c11c854ff090aaa283b34db3dc9a14327cea97214dd987cf06046ded00a62,c9dd9f7ab6cc0be6c723f6a797c8ccd5557b97b066088466ac4ced4a0f3998ef,f5927ba1987238cc4b401acc40472a8631d4d3212c14ef9339c62f724b1b0877,4,6c723beb90e31748608373062bcf8fbe95b9221b5309a7ae39991486f6f53942
134,5ece9463c9e77c00084673a0_4,vcgrp_a4d00d5cc56bdb150bf8,5ece9463c9e77c00084673a0,867414869,Butch Vig,SUPPORTS,Butch Vig is nicknamed the Nevermind Man .,"Bryan David `` Butch '' Vig ( born August 2 , 1955 ) , nicknamed `` the Nevermind Man '' , is an American musician , songwriter , and record producer , best known as the drummer and co-producer of the alternative rock band Garbage and the producer of diamond-selling album Nevermind by Nirvana .",55,295,4,c2d0336dfe617bdf982dfc272fa53c4b90faf7e4eb095eb1e437fac215ed7eb9,507330fc4050b5b8a2794cfbbea2e2fd96d347d6df8a838966ffe97506336469,43d5eb7a0e4b07f028f9933c6869237078253aafa1f4944e9f78a8569e1e972d,4,1fc24992472b79d7977823fd675f324c7043189d25a055fa44a273b7f8a25e2c
135,5ee39419c9e77c0008ccfb6b_2,vcgrp_28baa47b40737110ba85,5ee39419c9e77c0008ccfb6b,763503339,Maximum Overdrive,SUPPORTS,A black Western Star Trucks 4800 leads the big rig trucks that run down two individuals .,"Employee and ex-convict Bill Robinson begins to suspect something is wrong when suddenly marauding big rig trucks , led by a black Western Star Trucks 4800 sporting a giant Green Goblin mask on its grille , run down two individuals ( including Deke 's father ) and surround the truck stop , trapping the rest of the civilians inside the truck stop 's diner .",65,358,4,d9cbc16d806e5c117e8dc593efae37c0eb2a5a192df17ab678b6d975d6ad2e02,20dca8cc9acd1342649cebb92d62628fa27a160a47bf20001e5702646e567b47,d2f10eb9b93fe1d5c37f64662f835175dbd92ce52d16c7ba9a98ca79ebfb21a2,1,eb3676dd78f26999a857ca1383ec5ea3acc60d8ff9139763cdcd46ed9da839b5
136,5ec55991c9e77c000842df7b_2,vcgrp_aa3be26f38d4c33543db,5ec55991c9e77c000842df7b,647424796,Hawker Typhoon,SUPPORTS,"Spitfire XII , along with the Hawker Typhoon countered the Luftwaffes `` tip and run '' low-level nuisance raids .","During late 1942 and early 1943 the Typhoon squadrons ( along with the Spitfire XII ) on the south coast finally countered the Luftwaffes `` tip and run '' low-level nuisance raids , shooting down a score or more fighter-bomber Fw 190s .",43,237,4,eaecaefd9cdea50e449abd7b3f9f26d0d51ce2308a25ddcf482928d2b0e09a27,8b1c1545e53f08b78e7f7a04295c4b6a969f561462378c5829a57fd04d91b014,b14f4edaa659da4237de9a6f01718206d4f41b451e4f4f55dda7ca024f4612c0,1,51493b53e92772c962afd6ed72948deb5de157721d7f6d0e77920f4bdf677e2e
137,5ec284fec9e77c0008417279_3,vcgrp_8007547dcfa40bc12905,5ec284fec9e77c0008417279,909733286,Hall & Oates,REFUTES,The raised to fame from the mid-1970s to the mid-1980s .,They achieved their greatest fame from the late 1970s to the mid-1980s with a fusion of rock and roll and rhythm and blues .,24,124,2,dd3dc2a4c5c7108356343c600eacc40d62bd99707a30c6f51f184db479310a08,9fe062a641c2a9210b35d73d4b1cdcedd2d809d2f9ab579ade2c1d236f6c960a,af3336a5d6248f61abb12f91028e8a68c770157934b2d27ed160a482d0e63065,4,27f2d8b0e1cb8a04c1ea17bc385324c6e3dce938eb28f6220db226ca945999e4
138,5ebe6f2dc9e77c00084078f0_2,vcgrp_481a7eb740b445119f49,5ebe6f2dc9e77c00084078f0,796772135,Beyond the Wall -LRB-Game of Thrones-RRB-,REFUTES,Daenerys refuses to have children .,"He questions how Daenerys , who is infertile , can establish a legacy that will outlive her .",18,93,1,675ebad6d346c1f28b1f5243be68a3d8aa95608b60a53ab5651b1feb61c8a533,70174c22192cd43584dbd4c7d7c076c1eeaf7a31db0e4be95b43a983ba2133c3,55103b2d1a49562131bf7fb0780576b16152279d7854ba876c5780d9dc2d94fb,4,effc3b0bbb2d538e8c72d3a03167204059965afb5975bf899ff92a7db1cc3b46
139,5eb29887c9e77c0008d93111_2,vcgrp_d0c09649ad79a3559aec,5eb29887c9e77c0008d93111,828131705,Chernobog,SUPPORTS,Frank Schubert owns Erlkoning .,"`` A scythe named `` '' Chernobog '' '' appears in the 2014 video game Bayonetta 2 , and is obtained when Bayonetta gives Rodin a golden LP of Franz Schubert 's Erlkönig , which he uses to lure the demon out . ''",44,212,4,6c6dfb8f02e6e269dd4c3cadbf9b010ade3c51ad3d75196473e7d6683e2e3afd,ea55937ba018734ce96c1789dd9f9673d8e0e811ac80e96cd2c0f0303ec8cf8c,999b0bb45b365dd28efe4f21ea67d6de2109d5d585830417a1f03b0e85982d14,1,149afba0c28e282fa0b2b394c1a300bdc8093747b2a3340316a827944f304eb5
140,5ee39419c9e77c0008ccfa60_3,vcgrp_ca11077fe1e1270ed1dd,5ee39419c9e77c0008ccfa60,894042478,Emilia Clarke,REFUTES,Emilia Clarke was born before July 1986 .,"Clarke was born on 23 October 1986 in Westminster , London and grew up in Berkshire and Oxfordshire .",19,101,2,cee06c96967c9494946b78942b561bb628d6819ce46d84125be860c333d04922,1a5c441467686c28f67210e56b97fa0ef84f358dd82afadbb2b75029fd1079a4,f13a45f23394a01bf918249eb60e9efbe20b8476dcf91fc4021c26dc47ccbe00,4,e0e93c908713aa0afeb92b724c2fc3a155776d302d5ce49de26f08d7885188b5
141,5ebe6f31c9e77c00084093de_1,vcgrp_dffc830699ce45f3b0d6,5ebe6f31c9e77c00084093de,629704848,Les Ferdinand,SUPPORTS,Les Ferdinand played for Leicester City .,"His playing career included spells at Queens Park Rangers , Beşiktaş , Newcastle United , Tottenham Hotspur , West Ham United , Leicester City and Bolton Wanderers , during which period he earned a number of appearances for England .",40,233,3,3620fec076baaf9697b1fc4b7177135e1e188084beb330e4ebb1a1fe9bd18ed1,de9ca1b4f882e08e1094df172b0ec34ff967cfbe2534c1f02babe65a30334d8e,420e6f39029c02bd668703573974a9d261c24094c3c13356efaebd0f80e76b54,1,6843dce544a139971fee535f58f5fc39e4527ac1206f921c99ce321f6e4e9856
142,5ec7d50ec9e77c0008442774_1,vcgrp_ca7a8c51fb88ae7c8338,5ec7d50ec9e77c0008442774,869556097,Steve Carell,SUPPORTS,Steve Carell is an American comedian and producer .,"Steven John Carell ( ; born August 16 , 1962 ) is an American actor , comedian , producer , writer and director known for playing a variety of characters , including Michael Scott on the American version of The Office ( 2005–2013 ) , on which he also worked as an occasional producer , writer and director .",59,307,4,8f597777f622578cdabdadad7cd0d078b63808d4d26692e6afd6d60aeb6a8f17,4ac744fc67323316d4a555b9cc6aa95d2d1d00bc3b2636df738054c0ae214ee8,71a70d795d97b0ebed47dcc9608645a0a23b3951af3d495aa243762c8a178709,1,e5bf13828365e34d57c4ec5d172b878340312403731701632c5f1fcfe0789e92
143,5ee393b7c9e77c0008ccc703_2,vcgrp_9bfa0cac431f7821c2f2,5ee393b7c9e77c0008ccc703,953577722,2020 coronavirus pandemic in New York -LRB-state-RRB-,SUPPORTS,Championships for spring sports in New York were cancelled on April 27 due to coronavirus .,"Championships for any spring sports , were they to be held , would likely have to be moved to other locations since they had been scheduled to be played on Long Island ; on April 27 , they were canceled.",40,203,3,371107879127bd13bba47275f00ed3d6bfeae84c3f4475f04e7b3f0b4b3c40c1,2db8a86506a94ec512e5f4f00494944c5280edd6518535b05520a5b480897c77,7ee5f6b352afb8718200afb063a5fbfcbfc1c05badc47228c8b41c5cf55eb687,2,c3d695c2e8f0ac70db6bbb28ce91808b602aebe7be8ed217d8d646fabff2253e
144,5ee3932bc9e77c0008cca092_2,vcgrp_bf7da54732e63c9a4c1e,5ee3932bc9e77c0008cca092,948956547,2020 coronavirus pandemic in Assam,SUPPORTS,"The state of Assam has confirmed a total of 24 positive cases of Covid-19 , as of 4 April 2020 .","The state has confirmed a total of 24 positive cases of Covid-19 , as of 4 April 2020.The cause of Covid-19 outbreak in Assam is due to the people attended the religious congregation at Nizamuddin Markaz and did not report the authorities after their return to Assam .",48,268,4,148b2b0fa24df1f5282495052abe0a47f1c417903e270bec0a9f46340203d6d2,ebd1cf7ade17f66ad57a3f67a5e0be6bff51911f149e9b0910a2c7f347268bab,340e2858a48cd6b783b8be1962f8d88b86ae811ef39a38d75db965d5fc70b0e4,1,cf6af00e23148da27ca923e6cbd35581646e864d647bb9c401ced5b473dc2fae
145,5ed4de09c9e77c000848a81e_2,vcgrp_ce8c112c7fcf05f96ae1,5ed4de09c9e77c000848a81e,766515137,Star Wars Rebels,SUPPORTS,The first season of Star Wars Rebels consisted of 16 episode with 13 episodes released regularly .,"The first season consisted of 16 episodes ( released as four shorts , a film , and 13 regular episodes ) and the series features new characters along with ones from the original trilogy .",35,187,3,c42dbd05e85358d2d95ca6991b8be53330d5141909308b908f3dab1bb2e4a44c,36ed605d7666ba96f3df735bd2ca36d13885544661952e0312c9add52d5d2619,4a6b0f1afa7f81fbe840b9fd30bca22930ee6437230a725a1cc5f332137f8e89,1,52e373d6ab4ebbaa369ebccc176d87ae06892cc6475d7a89a84d7927a69d6ae5
146,5ece9461c9e77c0008465f6a_4,vcgrp_19713c826dab3892dffa,5ece9461c9e77c0008465f6a,896428170,2003–04 FA Premier League,SUPPORTS,Thierry Henry is an English footballer who played in the 2003–04 FA Premier League .,"Arsenal , meanwhile , had only signed German goalkeeper Jens Lehmann in the 2003 close , but English striker Thierry Henry was instrumental in Arsenal 's success .",28,163,2,8fde0608bcb32910cc973aed4266951e3af4342335c10826333048a326ec6a53,5f6e79cdce39fa89548148e6f08653a7acade5fc34b218415b36965339d64379,036301205b2bf65da33c99f8df84e8248bb051813f40bf934fe4e0ba04b274f9,4,d6f17c3bf4d5ef4fe4f8b6deeadf215e14d5d568dd7b99eee209aa8954fcece1
147,5ec55990c9e77c000842d211_3,vcgrp_b9c2affdb6a52f18bcb8,5ec55990c9e77c000842d211,933631224,Kevin Olusola,REFUTES,Kevin Olusola enrolled in the Berklee College of Music .,He ultimately decided to enroll in the Berklee School of Music .,12,64,1,0314362e1c56587f6c27c273452618154ca23ffdd1b37ed8ed1630356feb5b2b,88a91b23219c2858afc4822986d5070b718028eadea8631b6580d04d00dba785,d8507d77c341e81e9543950d4c4eb16275665604f9d4bd31cddb62b70b98206f,4,761378eed6f672fb1321478cdf1605358987479665a7efd3b3b46908efe95a1f
148,5eb29889c9e77c0008d9418b_3,vcgrp_63291b7cd912e89fe56f,5eb29889c9e77c0008d9418b,883446072,Nicki Minaj discography,REFUTES,"In 2018 , Nicki Minaj released her fourth studio album .","`` In 2018 , Minaj released her fifth studio album , Queen , which the lead single `` '' Chun-Li '' '' reached the top 10 in the US.Since 2010 , Minaj has accumulated 102 chart entries on the Billboard Hot 100 ( including featured credits ) , giving her the most entries among women of all genres , while being fourth overall . ''",65,330,4,c08acb24c6ea7c6642418daa8e8fb2d71abd23e2b7f806d13b00db25248ff5ed,c19a7e680764d74fca9487e23fdc2bb8a7512aa9e2b6496bf1a6ab5988f6b8aa,4a5469c657cf5e0d4197127f57b9da82882d56323a8eec668d20abd2bf17eb41,4,452cd49b6d0a23723ff03e7eed88302823a9bb24f6975996cce8eebc9cba5718
149,5ed4de0ac9e77c000848af39_2,vcgrp_00f99099b5096a8a15e0,5ed4de0ac9e77c000848af39,906243115,Men in Black-COLON- International,REFUTES,Men in Black : International grossed under $ 248 million worldwide .,"The film has grossed over $ 248 million worldwide and received generally unfavorable reviews from critics , who criticized the `` lackluster action and forgettable plot , '' although the chemistry between Hemsworth and Thompson was praised .",38,241,4,13c9813bf27ac402c2b35aa0feb97d3c3867ea9d28fc788aa2f9cac5d097f725,109a822eace39395dd7432c9d415d0bf47bd9bf2242abc7e086137059098815f,8c33b5866ebf0f9c046f708ff6f068ba1b92492d40a64d4ea580a3be6aefb584,6,045bee0c4ec0a74a84a4a138191ec87bd8875d1c8ea5263b529d50ed747d2016
150,5ec5598fc9e77c000842cc6e_2,vcgrp_eaa3b284c20f6b019045,5ec5598fc9e77c000842cc6e,681985097,Yaya DaCosta,REFUTES,"During the competition , Yaya DaCosta appeared in the bottom two on more than one occasion .",DaCosta only appeared once in the bottom two during the competition .,12,69,1,448ad5a99a601aea30f0a2079085073c6bdf9b4daf98417ecf8afa96332d359b,c90e7da2bcd0c6b6adeedce99e505415032c6c518f714edd3fcfc64ecfbd5d96,23a1bc42c6309446d1160d13a86783265514dc32f88d07f649f3160ab448a4a4,4,d44cc604301586feb6c305e8ff0e6589a8c860eec2699cac045d248e4ef494a7
151,5ec7d50ec9e77c0008442904_2,vcgrp_21e2b1eab6fb13ae6059,5ec7d50ec9e77c0008442904,873561124,Okja,REFUTES,Rotten Tomatoes gave the film Okja an approval rating of less than 87 % based on less than 200 reviews .,"On the film review aggregator website Rotten Tomatoes , the film has an approval rating of 87 % based on 204 reviews , with a weighted average of 7.5/10 .",30,154,3,d034e6365b0160d28ee08056ef727d9db19c14699cd385dc9747606fadade8db,49b4bc8476ffcd419e5f5fed49bff073ce789c6e39aa33cf050a3f9bf0f0c9c6,91297b9d8e10cddef6e1772a593e9ff72dabc719322fc7a21d0d38f2df20f55a,4,d5cf392480edb1db6a68d5d4cf28ccd7057752e956e0206056acf50b986f8ca8
152,5ee39419c9e77c0008ccf783_3,vcgrp_86c6c0a6759ff08e8a34,5ee39419c9e77c0008ccf783,603820188,The Times,REFUTES,"After April 2013 , The Times daily distribution was less than 395,000 units while The Daily Telegraph ' distribution was under 550,000 units .","By June 2012 , average daily circulation of The Times had fallen to 400,120 copies , compared to The Daily Telegraph '' 's 573,674 , with the two retaining respectively the second-highest and highest circulations among British `` quality '' newspapers .",42,253,4,c1bf4a50da63d1a3acb4d0e678bfa22226344e8d4aa9623e9933abcb53b44274,f562332a9ab23a61c5fdcb7b733429792a599bda1afbf197e4a2955d4782ba80,c0d2f2f62bdac0876999eca1de033e39a1214b781743fe736871d2d1c16927a3,4,666d1f1dbda7465fb88d6fea53a61d25d351dcb9ffa8bdfd5b21dddc44dbdd71
153,5eb9573bc9e77c0008fa1a34_3,vcgrp_3474a17fab3f1e41a76a,5eb9573bc9e77c0008fa1a34,925952873,Jamie Vardy,REFUTES,"At 16 , James Vardy was released by the Porcupine Warriors .","After being released by Sheffield Wednesday at the age of sixteen , Vardy began his senior career with Stocksbridge Park Steels , breaking into the first team in 2007 and spending three seasons there before joining Northern Premier League club F.C . Halifax Town in 2010 .",47,272,4,385b59bf7a1f773134f79612cb7ceb61a9bf3d8a27df76756014abe57ac4d0b2,b3c8b200230d2f473d22e8900dce0652417aebfc832aec4a00993b113e569368,9fb618870a41c46c36756a1389fa51e8a3b93120b4deed8f082c47b104f8f3d0,8,ea3a9bbe1cb072ae4f05149b9210ecd69f27dff4c35cec5cd3624507edf62da0
154,5ec284fdc9e77c00084169f8_3,vcgrp_11f45c838392a3c650c6,5ec284fdc9e77c00084169f8,814611280,Suburbicon,REFUTES,"Based on more than 200 reviewers , Suburbicon obtained a rating of over 27 % on Rotten Tomatoes .","On review aggregator Rotten Tomatoes , the film has an approval rating of 26 % , based on 171 reviews , with an average rating of 4.8/10 .",28,138,3,c87cd29e7f2bc2477652928efbc9fb1ffb14fd27e571f22d214c23977d3e3d52,11d3b954fff7f5136621773019997af742395febebd19b3f9b5712313bb099c0,17e5a6401d0a8a22bacbff8ffdefd50281831a1dba60e091c3eaf25a0fc3a3e6,4,63f9abf00fb5bfd5e6aab4bbddb2147f2eede88c122e3865000bba1da3711604
155,5ece9463c9e77c00084675ea_1,vcgrp_11738e86679df455a0ff,5ece9463c9e77c00084675ea,728643577,Richard Christy,SUPPORTS,Richard Christy played the drums on albums by Burning Inside from 1999 to 2004 .,"From 1999 to 2004 , Christy played the drums on albums by Burning Inside , Iced Earth , and Leash Law .",22,103,2,1014fedc64eb30f6fbf52c4f2e6173f3e1ab2dec3a2ee681d8ecd0add52e1ef5,7497f576df24f406e02942b220b686616cc3bf0c6e7f52f1a4a0bc011321907b,b2cfc504eb5eee7253229f9852d64b9cbc87460779885bd1367f2d158c83811d,1,38fce71336e47e9a22dc9fe4dfe10cde111ee2acbe4225b41efed26915a6f51b
156,5ec284fcc9e77c0008415b31_1,vcgrp_e17386be805209da7193,5ec284fcc9e77c0008415b31,88401919,Conakry,SUPPORTS,"The Lycee Francais Albert Camus is a French School situated in Kipe , Conakry .","The Lycee Francais Albert Camus - French School is situated in Kipe ConakryThe street numbering scheme of Conakry labels all roads with a two-letter code for the urban district , followed by a three digit number : odd for north-south streets and even for east-west , e.g . KA002 for a northbound street in the Kaloum district .",58,327,4,f7a91bffb3ccae99a0fd521a5750f62656443c05997ac7607301ac5d111087b2,941772ae1aa2562ad6a19a6d8204a83b5cfb5c17c1b839fea336698980d91098,1d2d86c2103b8b80ccbe7835756fa3263bc1c097bc9628592dbaf99e91cfcb6e,1,1191cb0c4e4b646d3f606eeb62a3495d2e6a58a0f3aafbdf54cb8df420aeedfc
157,5ea2d97dc9e77c0009cda9bc_1,vcgrp_1c8dd0928479ddf96d85,5ea2d97dc9e77c0009cda9bc,508986746,Premium Rush,SUPPORTS,The film has a rating below 74 % from under 80 reviews .,"`` It currently holds a 73 % rating on Rotten Tomatoes based on 74 reviews with the consensus stating : `` '' It 's built out of familiar parts , but no matter how formulaic Premium Rush 's storyline might seem , it 's elevated by high-octane action and enjoyable performances from Joseph Gordon-Levitt and Michael Shannon . '' '' ''",61,333,4,cac25cf42ff9c15cbd50060d56e91749fd2e7d2443e20c2503fd7b87d171e913,a9f574491aff1e6c881dabe424d1c29fecfe69a8dd14390536888d471bcd18d7,82ec007f84b606bd871abd28f2ae6cc8be8829791b01509c9c8734e03f1fba06,6,2e447af6044dc0d3c6091295a111455de802bf5f0b54899a745a8a1b9501da9e
158,5ed4de0ac9e77c000848aff4_2,vcgrp_469dc5d015708b828a43,5ed4de0ac9e77c000848aff4,646832669,Dany Heatley,SUPPORTS,"During a game against the San Jose Sharks before May , Heatley 's left shoulder was dislocated .","However , during a game against the San Jose Sharks in April , an altercation with former teammate Marc-Édouard Vlasic dislocated Heatley 's left shoulder , requiring surgery that ended his season .",33,198,3,d4a7cdd7f79e846b8983fe435cd37f920abf4f3484afe8910e679f651991790e,fe771bba348a13172f11a0535d36dd20624cd8a1a902330f40c042711f66d004,33fec8b58f9f87d70559b80ddd972a5076b253a7766b46cafe461be70ac4e7f4,1,21e5df34902a87989cb0aa9c8363421f2bb7767ea62f01922ded4126319118b5
159,5ebbf32bc9e77c0009295594_1,vcgrp_cab6eec3851aeed5cf0e,5ebbf32bc9e77c0009295594,853380804,Guardians of the Galaxy Vol. 2,SUPPORTS,Saldana issued a statement in support of Gunn .,"Pratt , Saldana , Bautista , Cooper , Diesel , Sean Gunn , Klementieff , Rooker , and Gillan issued a statement in support of Gunn .",27,132,2,bc9d8a8477b7fc3cc5ee8ccca672cbd189d829818ec5a81037da9ee94dab55a3,82f240d5998347c52ccc00697724a8bcdf3b752222bdc83852fc183a11a97246,c2a1f5db8d89b347e34c86706175b1e2c3f5701a558d4499d15afde864b6f56f,1,2dab2a9344e319d1e47ef72525668f294dc07db03f074340f09c3d5015a99819
160,5ebbf32bc9e77c00092957e8_3,vcgrp_36835c47854837be8791,5ebbf32bc9e77c00092957e8,786251596,Brigsby Bear,REFUTES,Brigsby Bear has more than 7 reviews on Metacritic .,"On Rotten Tomatoes , the film has a rating of 90 % based on 21 reviews , with an average rating of 7/10.  On Metacritic , the film has a score of 67 out of 100 based on 7 reviews , indicating `` generally favorable reviews '' .",48,227,4,913bae036eb2896981460efb974de9a3d39b5925e7dffbcfd920b8c443a269dd,e32545ffbaffbe54aa80bc7e314ed6f7c4f2b98c65adde5f368da0812cdfcf55,9b3282bbf02a3d3376bcde3905cd726e726e6aa811b20248dab02ad913f796a2,4,f02a2a546b46db2e105849c887e9185f5a549c9d23bd7786c4dfb35b66e85d9c
161,5ed4de0ac9e77c000848b134_2,vcgrp_c30689e50e33435704a1,5ed4de0ac9e77c000848b134,883142088,"Riverdale, Bronx",SUPPORTS,"Riverdale , Bronx is some distance from Manhattan Island .","Administratively , Riverdale is part of Bronx Community Board 8.Riverdale is also adjacent to Marble Hill , Manhattan which is on the mainland and not Manhattan Island as it might appear.",31,187,3,df9a6dbb77c75691c4cf01809f8cff488e0b94e153fb50b1e2f4ebde3218db8a,e026aa04229b9a2f75cce878dce735af35407d75f127e142cde4135314501946,c57128051ed29fc551176185ae5e261cc7c4332579daa0ed92aea42cad3a4e98,1,3463d34f0f28298c6d578f09cf5a80ea93182c44c62b376ed5b67586e2542aa0
162,5ee393b6c9e77c0008ccb9a5_4,vcgrp_9f3ee97c3f09782bc64a,5ee393b6c9e77c0008ccb9a5,947494985,2020 coronavirus pandemic in Cameroon,SUPPORTS,The total confirmed cases of Coronavirus in Cameroon are 80 with two confirmed deaths .,"Other cases have been found , making a total of 80 cases in Cameroon. < /ref >  Its been confirmed that there is 2 covid-19 death in Cameroon by the Health Minister.",32,165,3,52e0ec97cf009c67631869dc84fcbca6cb00c03a1cf4df7c138408a26b4c6ee7,2a20ad603290d9de789571598daebdb286306dd4387b9c26cabda5ba8c192c33,60cd7e47909da194cbff01e90464320bbda8eb53d8e2a667a83049643152aeac,8,0ccc43089288b8c5eeb545a3a350cccc1583630eb34cd0b845f426f226c68559
163,5ec284fec9e77c0008416d4a_3,vcgrp_53d84f6900e5ac220ad8,5ec284fec9e77c0008416d4a,838896944,Meghan Trainor,REFUTES,Meghan Trainor learned to play the guitar with Joey Spampinato .,"At age 15 , she took guitar lessons from former NRBQ band member Johnny Spampinato .",16,84,1,0e2de011226dde6393b20094b03e66ffe32037190e2092c81cf48b4680bc7c95,7c8fe91c0880a61e670474da1100b7b8938bcf26c375547a29aa13e6b8406e16,6e2f672fc65c17afc3c45911f676b1fda5757faebc3b5cdb951570905816c138,4,565cf56ddb86d17e2c85f8116b6b994411eec0ddc08021f53ff2353be9033925
164,5ed4de02c9e77c0008489253_2,vcgrp_354d318ce24231caceb3,5ed4de02c9e77c0008489253,426958105,Hard to Kill,REFUTES,Hard to Kill ( film ) received positive reviews .,The movie had a negative reception .,7,36,1,e49a825d3c65f9e7ed38bd978f42d9fdbe053d150de2fe7333750bbcfa51dd5c,2404fd7e8a7e42af3d952d3354f0dcee2b0e8f8198635ca9990661c3b9c68db5,322277f93f6836a8cc1ea9767bfedfc00d173946c4bac79f9fb9e76ce518a3f1,4,0097d74c12a47c850fcf34a546aa0ddc8ceb2fa1be4eec9e0bf44c764ef5fd44
165,5ec55991c9e77c000842ded5_3,vcgrp_ba818602a7d036572e98,5ec55991c9e77c000842ded5,910820481,Hirving Lozano,REFUTES,Hirving Lozano plays for Seria A club Napoli .,Hirving Rodrigo Lozano Bahena ( born 30 July 1995 ) is a Mexican professional footballer who plays as a winger for Dutch club PSV Eindhoven and the Mexican national team .,31,171,3,8ddf7972632417984b00f3ff3a2eb5c6fdc5250a4cad1568e3168c330bbb2673,20c4635bc8a42ec521fe9419e4548854c5478b7284853f116c8dce20c5f47164,755bdfb6a5e14cc0471a245a650d94ed78a3c4c22173966fc5717c9ffc513d68,4,5c49d9e282038140af9db7a45b442ef95782ea2f44a624bacb5ac81d545a84fb
166,5ed4de07c9e77c000848a18b_4,vcgrp_0900cd55ec5d65750c1e,5ed4de07c9e77c000848a18b,900171356,Westlife,SUPPORTS,Westlife initially signed with Simon Cowell .,"They were originally signed by Simon Cowell in the UK , Clive Davis in the US and managed by Louis Walsh and Sonny Takhar .",25,123,2,4cc07c91a14796ca68f58a9e373ad1bd9a1f60d5a7e068e92f3f1adcd74e25db,f7f5d40efae79364501d8ddafcd2054c6cef60a94b48cf0747902c3b00c55d6f,b98fad9e7d279edebac26d9e6e1ab3ab2320e4262cbfc9dd4c301f531f81d74f,4,5699e64a823eb98818091adc3eddc3fe3fdb61dc8eeefd7f33715c7a43337486
167,5ed4de0ac9e77c000848af1d_3,vcgrp_d139c0bdeaaee39c1342,5ed4de0ac9e77c000848af1d,920129223,Men in Black-COLON- International,REFUTES,Men in Black : International has grossed more than $ 79.9 million in the United States and Canada and a worldwide total of more than $ 253.8 million .,"Men in Black : International has grossed $ 79.9 million in the United States and Canada , and $ 173.9 million in other territories , for a worldwide total of $ 253.7 million .",34,175,3,51653448783bbf159741bd57879b7b85330c31c78d877164cd14f8835b182cab,22da54010e27cf5b49471ab086e10d8483b40a5bd8a45b440075f50cb293a2d1,a88c52fc4e811f7d514478e7cc9fcfc6d26d1b19bbb311280275b6e5fa2791e8,4,d58b8b6bd64cfd095ab9123d21cd319245ab03757afad435c287553ae902abb8
168,5ece9464c9e77c0008467e3d_4,vcgrp_e2c7c352a8eb8fa3f985,5ece9464c9e77c0008467e3d,934672148,Don Toliver,SUPPORTS,Don Toliver makes rap .,"Caleb Zackery “ Don ” Toliver ( born June 12 , 1994 ) is an American rapper , singer , and songwriter .",23,103,2,f3b90f7648f1ae66b7306e16df43236e9284127cd23257e775de31314e4c24fd,0534a0f301c3be0b4539a5ecee25c9a00465565592834a3699b0be76acb51097,75df6467a95fb2808f9f7dee663a66b46dd7444ebabaa1a6cc327d020f849c27,2,f6d0a4ff7f3a8c178ea09e2b6735b60732106c2a16881e2998efdac8f84d2b46
169,5ec5598bc9e77c000842be62_4,vcgrp_15eee765907df7082948,5ec5598bc9e77c000842be62,928398834,Fabricio Coloccini,SUPPORTS,Fabricio Coloccini played less than two matches while with his team .,"He scored in his only match , leveling the scores in a 2–2 draw with Unión de Santa Fé.",19,87,1,fd9e0d99395faf618f48dd97d1eea430239307dbc9db5699d6b8d0a89d0261d9,2ee27da87d7059b4c04ee360bb74eddce805a9fa005e4b225b61198a76cad694,1f76fa9063c4457b470af7c94b5498601e0ae4ea25db7e27ef5642a289d83fbd,4,3a996351ba223ec9d8fcb1461c6d0823512861fde9f453705830d29209da92c6
170,5ece9463c9e77c000846785c_2,vcgrp_f8ebc124ae7f0ac539c3,5ece9463c9e77c000846785c,914294060,Batla House,REFUTES,The movie Batla House grossed more than 121 crore worldwide .,"On Saturday , the third day , the film 's business grew by 30 percent to 9.5 crore nett , for a three-day total of 31.5 crore nett.. , with a gross of 111.67 crore in India and 9.82 crore overseas , the film has grossed 121 crore worldwide.",49,240,4,615a7afa469384839f105de2c78d5ce492c6747a1d430484c44fcf54cec02acf,60a61956e67134f8a8d8f7669375a88eafa1aaf08bfbb943271b68f869feb96a,41e8ba46dd63aa45246b33b5eccbf7c6666382e26082d5ab9b08830ec5d8ca4d,4,b9884075ed15b030ab7196de18bab6e86643a7e1f0b2ddd33b22d6db1cf7b9e9
171,5ee3932ac9e77c0008cc9597_1,vcgrp_4b31bc357896c13e9dcb,5ee3932ac9e77c0008cc9597,947772854,2020 coronavirus pandemic in Germany,SUPPORTS,"Zeit Online has reported fewer than 52000 cases of coronavirus , less than 375 deaths and under 3200 recoveries in Germany in 2020 .","a project by Zeit Online , which attempts to summarize data early from the German local health departments , has reported 50,871 cases , 351 deaths and 3,144 recoveries .",30,170,3,63ead6c988540eef774022a369d5d18525b580008778333b8ed4aa70699262af,9d44c31554c230c3e6292329d6bebc3640cd66809ef46d1bdf798dc955a24478,8df2013cb21420368ef2f8c9839449b51eca42b82f08f82e3088f431eddb2b94,12,7c3b351d4b957a951482cc4db8c8dd3bb18a627d4306f3cc59408879f20cf47e
172,5ec55990c9e77c000842d2de_1,vcgrp_347c13c67dbfbeddb2c9,5ec55990c9e77c000842d2de,758843230,Aardman Animations,SUPPORTS,Aardman Animation 2016 feud was with Darktoy .,"In feuds with Darktoy , the show Canimals was not good for kids because of its music , widespread , and illegality .",23,116,2,5a4572306ca171eb0f88fdb75620a8ccc5552555d23181e83ee38d56d74204df,7d18360a41c02dedb221964e2c9727454fbbfe97146f4935f5f5f021f574fa84,f25108658d0200550d323962e68a927792cd65390d3290307d07d344105235a3,1,90aba7f824d2acca86cc9a93977a77faac3eded56bf6139b7278e6af5af3a90c
173,5ec284fec9e77c00084177df_3,vcgrp_97b6ee81d6a831cb096b,5ec284fec9e77c00084177df,549632431,2012–13 NHL season,REFUTES,The leading goaltenders data applies to games played after 8 April 2013 .,"The following goaltenders lead the league in goals against average following games played on April 8 , 2013 while playing at least 900 minutes .",25,144,2,ad48d8111317734b1a30b7271656a211c36b36ca50433a4059b90bdb96e232cc,f50c4e4abd9715b9127caa0e3cabf1820cb9e29f33367356a8871818390a547c,d0aa3dc403a0549e7ae0fca266d32ae3ecb94dedad058d511d62d4e6e68bfca7,4,649956ba1abe3e22fa4df13fb3121ff92e772878358feb1465e5d560bdd6ad70
174,5ede072fc9e77c00084d34c1_2,vcgrp_3b9229f0f6fd855b28d6,5ede072fc9e77c00084d34c1,804176505,Airbus A330,REFUTES,"Airbus has less than 1,690 current A330 orders , they have supplied less than 1,365 and less than 1,333 are still working .",", A330 orders stand at 1,694 , of which 1,368 have been delivered and 1,336 remain in operation .",19,97,2,799562d83b480a1b0984a3b6fe681eec5a5695ee1bc928a67a6b55ed45a988ed,a158a465ba4a51e9776fbcda7882bf7a2f1f156b2e3b9b679bfc0b6a670f0421,d183c5be0cc09e18590c151ddcfca492f593d97504bdef7991b62eec791faa62,4,7f91f005c7e665a9e3373d35b48fae15e7d3a202dbb564bc443b2b2f44413939
175,5ed4de02c9e77c0008489243_2,vcgrp_ce1416a50e35ae307fe6,5ed4de02c9e77c0008489243,557660110,Borehamwood,SUPPORTS,Bush and Alba have large offices in Borehamwood .,"NatWest , George Wimpey , Barclays , Bradford & Bingley , DVLA , bush and alba and Alstom also have large offices within the town.",25,130,2,7e0022c95bb9900769bfef2dbb86b6d70307a86d4ed8e27a1460c71f4c7659d5,7866fc8cc159d3bbc50da556d2259094f7c60a73140469c8fb4ac3a14b9e4e44,5057955a8c82c65bc34a68fb8b8b0b32a188285dfb8e28937ee16d6b47bb816f,1,30c0319647117212b7f12654af425a0fdb104acd6e32431fe46b68d713bfe154
176,5ee3932dc9e77c0008ccb7a7_2,vcgrp_7aa3e88b43e4d730f1e2,5ee3932dc9e77c0008ccb7a7,950034855,2020 coronavirus pandemic in Germany,REFUTES,"Less than 117,100 cases of coronavirus have been reported in Germany , with less than 2,550 deaths .","117,712 cases have been reported with 2,567 deaths and approximately 46,300 recoveries .",13,88,1,3cf40432182e45450bd05a30dd43d72138f1df5584f45e3cb89dd244fee6f093,211a4596fcfec028fd1e0118a3a2478318164c536fe9672a4b07f0d9d6aed693,e5e8ca708e511dcc64c54729a03b279a9912001a75c979ee1bd404e8bd66736e,36,e1fafce6a55cc5ac7ef768b5c0687df49cb02d5aad9b852fce2dd6e32ce1a343
177,5eb29889c9e77c0008d94257_2,vcgrp_ef5626e43e6d610a80e3,5eb29889c9e77c0008d94257,885640320,While She Sleeps,REFUTES,While She Sleeps has more than two studio albums .,"They have released one EP , The North Stands for Nothing , in 2010 , and four studio albums , This Is the Six , Brainwashed , You Are We and `` So What ? .",36,155,4,198241a132f8cb3f7c550d7c90394f3e2c7d38a5ab50423296ccd568b2d62a65,062f9f06ef6b8d81feb2e7d59fd2a129f285ae4375f36b0cc45271694347e37f,210da52731639e4642bd3e0c69fbbbcde9c5b6b596521b621ae786274b422c62,4,ab9ef6ed3a56cf2a347c4f6a679ac2d674f1c87600377a8965ab585f2360ca31
178,5ee39419c9e77c0008ccfab3_3,vcgrp_0143fe76a93531a7bdff,5ee39419c9e77c0008ccfab3,655449963,Sejong the Great,REFUTES,Sejong the Great was born with family name Lee .,"Born with family name Yi ( ; ) , given name Do ( ; ) , family origin Jeonju ( ; ) , sobriquet Wonjeong ( ; ) .",29,110,3,5471837b039af84fac89b5341ae37d2216645b81da978e328f150461db191e3e,0af2c51f90d53e95b925bd44e5c95abb9ea1a84e9969a2281892b3eb2ed42dfa,7eb23738ed0447ea5d158f872aee88e4fdbccfd69f617c979bfa8b32fd05a2d6,4,0c814842ab7f657b434977951a3d1c8cfd12e2ce22c7b95169a8c6b11e75c085
179,5ee39419c9e77c0008ccfc3a_2,vcgrp_0f5f9397f9ae2556d535,5ee39419c9e77c0008ccfc3a,671101447,Battle of the Trebia,SUPPORTS,The Roman and Italian cavalry were swept from the field by the Carthaginian cavalry during the Battle of the Trebia .,"Concurrently the Carthaginian cavalry and elephants attacked the Roman and Italian cavalry , sweeping them from the field , and leaving the infantry , whom they intended to protect , exposed .",32,192,3,cef174bdc584c268a8a25dd4f30234f0a4689c739e3e6bc873d228a87c019954,eb07a0ebdb93e05592af36add383738cfb2a518afa02283864c60aaa781ae179,a434db66ad0d3ce63d67cf6472f150a90d0387cb8c01f11b2cc446db6521a768,1,8f0f6dc7a385f9fc0c8f35a134d97b812a12a5ca78228b0d953c84705ad3db85
180,5ee39419c9e77c0008ccfa11_2,vcgrp_65bbd4c5a27190d35fa2,5ee39419c9e77c0008ccfa11,685160468,Temple Mount,REFUTES,Cistern 16/17 is located north of Temple Mount .,Cistern 16/17 ( located at the centre of the far northern end of the Al Haram AlQudsi Alshareef ) .,20,99,2,44a8587bf4ec28e0394f2df56e580b59945d87db00ad1cb571352686c7b65522,405b0eb5700d79c1036f5fb2293dcc7e2713ed7d58870e8f540b4905a82d65f9,35052ca09e13675a6c2587b13dcbd06d9d96d7723e8dca44125a456a56a101a8,8,0f52c1641cf1ef5a150d5a8ac490fba548bdece093c73dfccdf87f2b0affff16
181,5ed7acfec9e77c00084a5700_2,vcgrp_eff6e948a7392e2d998b,5ed7acfec9e77c00084a5700,604775082,Yossi Ghinsberg,REFUTES,"Karl , Yossi Ghinsberg 's companion , refused to eat monkeys .","However , Marcus refused to eat monkeys and grew weaker .",11,57,1,e275e08487fe2f60adaa873e36f4a33256536f77c3fb4fa6d4d45f25dc5322d6,d387ca63224773faf4de63372f0709b7356eebf6b7eb960e3d2e3b54a110a4c8,168477c40c6ad667920bc9239aa13542b3a6bae65273055c1c7e4cbabb50ff78,4,aa847db9816ea97a47b7457f08b43294a97bb017ac6f95a4b2dc3a093ce88096
182,5ee393b7c9e77c0008ccc634_1,vcgrp_ca8292cc388b35496588,5ee393b7c9e77c0008ccc634,944463270,2020 coronavirus pandemic in Moldova,SUPPORTS,"In Moldovia , there was a coronavirus case of a 48-year-old woman who came from Milano .",The infected person is a 48-year-old woman who had just returned to Moldova from Milano .,16,89,1,b31ba12cc86eb73d95d6ce58c95d15a21cec45f2e816810fb5afc9e6b514c973,f7a0c8107f67f1606fe05cfc49bb897488e23e650ebaee664abe773efec95513,9c2e51dff436c82cf9aafce80438ff2eac2cbdeed28771a4412a5c56d497a0c0,2,d0809387026af1ef9bacb483ac6c3d2b2923c887d22ce5c523934cab8ce688ae
183,5ece9462c9e77c0008466877_2,vcgrp_e4f6a6fe3d1e16e5b828,5ece9462c9e77c0008466877,616313349,2004–05 Manchester United F.C. season,REFUTES,Manchester United 's game against Milan during the 2004–05 season ended without any goals scored during regulation and extra time .,"Like the Bayern game , the game against Milan ended 1–1 , penalties were required , and United once again lost on penalties , this time 11–10 .",28,143,3,314166afc2b22067cc095d0146567d01595f792bffd1e2b5ae061a45677152cc,7fca93686f85cdf2dd7a067a72f38567b45c715962f384a166ffb355b090916e,d090b8073a72ac58246d7e5642c1de79782920c70d916a74328b6e5a84df0526,4,a0717b2e31ed28bce474a07b548978973b70d4952a3da11021d08152d59d6ec3
184,5ec55989c9e77c000842ba93_2,vcgrp_d14e2a3ba54ee553c774,5ec55989c9e77c000842ba93,928973167,Marques Brownlee,REFUTES,"Before 2018 , Marques Brownlee 's video regarding a dummy model of the iPhone 6 had gained over 7 million YouTube views .","Brownlee also has a similar video regarding a dummy model of the iPhone 6 , uploaded a couple of months earlier , which ( as of December 2019 ) has since gained over 7.58 million views on YouTube .",39,197,4,3d3afa0f669b6bc204ddb7410211993633f88c9f155dc5ced97f8289b8eb41e1,44ebfd0dbdbc25fc562c6f25c94c543cd3820ab6d6bc337f8509fbc6766d8f9b,f40f35fd16bffbe7d38490f9c397b3f4f2f8eede0e8f85c9dffe16e5beabc6bf,4,a7f7bd60953eb48d2cd45b93c7ce94fd69e7279b950474555959c8911d067e85
185,5ec7d50fc9e77c0008443158_2,vcgrp_9b9c62ce640b2ff45f97,5ec7d50fc9e77c0008443158,855156939,James Fauntleroy,SUPPORTS,Frank Ocean has featured James Fauntleroy .,"He is best known for featuring on tracks by high profile artists such as Frank Ocean , Drake , J. Cole , and Big Sean as well as writing songs for artists including Bruno Mars , Beyonce , Rihanna and Justin Timberlake .",43,219,4,17f5a449e6212f0ff1ee749994cd530b7f5c21f9712ce85e0d8f6c4a1a5944f0,f3fd148652b532deec7edc4c146dad5f2b377ba4dfb75342fa0c6b3b83ec22f3,cc18f7e9b45a3f0c73c8723b6567b079dbddf46b3830b2be260699ea02078237,1,a60d90b375a3446494d19637925837c93b6e43786324e43f42824a1b46bf8442
186,5ece9462c9e77c0008466cbb_3,vcgrp_4f47ca66410faa8dbd2a,5ece9462c9e77c0008466cbb,558467625,Tha Doggfather,REFUTES,Tha Doggfather was released after 1995 .,"Tha Doggfather is the second studio album by American rapper Snoop Doggy Dogg , released by Death Row/Interscope Records on November 12 , 1994 .",25,144,2,86f29a4100f5a4f5c63bfb76c8a39aad1a5c58aa3b8350f471df352e8637f425,c2fb613449276a0172e9b5e7614869025a0586a11b8b17678f26784f2607dd88,bab110f173b67f99790435ed19057ebd2c0f88c51af3bf34e6f62912706ffd34,4,d5d057bdd7b1ba2515634ade86406c7540b0b6ee48ddd15623d623c18da5561a
187,5ec284fdc9e77c0008416694_2,vcgrp_dab913f5ed0f45b26fa5,5ec284fdc9e77c0008416694,615614223,Blended -LRB-film-RRB-,REFUTES,Blended has earned a total of under $ 75 million .,"As of July 2 , 2014 , the film has grossed $ 43,785,894 in North America and roughly $ 31,300,000 in other territories for a total gross of roughly $ 75,085,894.",31,161,3,563365b1b1b3a93a58db094a59055d0108bee02dc9e56583e6669bd96fd2dfe2,f8038e1fe2f68cc9acf3e06fecb22321d46a99ddd3e4ec639171c768cc4c9955,29a076ea95516e4161c7ee8bc0efcdfb82199f0c81b398d6eacfd3a393672de9,4,e47ed21fac1f6e98546ea510f55ce9f6fc678290ab3aaa31355dedc3861f804b
188,5ed4de07c9e77c000848a127_3,vcgrp_b796e23bc8f9f07338d8,5ed4de07c9e77c000848a127,497914505,Direct free kick,REFUTES,Cristiano Ronaldo is a select footballer known for his direct free kick skills .,"Select players known for their extraordinary skill in this special form of kicking ability have been Frank Lampard , Didier Drogba , Thierry Henry , Steven Gerrard , Ronald Koeman , Zico , Johan Neeskens , Pierre van Hooijdonk , Andrea Pirlo , Roberto Carlos , Juninho , Marcos Assunção , Shunsuke Nakamura , Rivaldo , Rogério Ceni , Alessandro Del Piero , Wesley Sneijder , Sebastian Larsson , Juan Román Riquelme , David Beckham , Ronaldinho , Sejad Salihović , Nolberto Solano and Siniša Mihajlović .",87,503,4,11db6be4a6ee6f2cb6cead6cf3cdba81aab7a107ed898caa5f7ea4fe75a0a644,7bf20a5633164a0404c8ea1692ff125451ef00cae128f51fd8c44f03a14cf7af,15f20ee789d0f0fda412497d141598ceb52a73805e4c1fdf48b1c1eec397a554,4,40a99fa58739f558374b07029d759591748b16f16da26fbf47d542404cf9658e
189,5ec284ffc9e77c0008417dce_1,vcgrp_66ec2285422479510b74,5ec284ffc9e77c0008417dce,473219555,Grandmaster Flash and the Furious Five,SUPPORTS,Grandmaster Flash and the Furious Five 's song was successful .,"Nevertheless , the song was successful , reaching # 47 in the Billboard 's Hot R & B/Hip-Hop Songs chart .",21,106,1,9480c57908e68e841178e9bdd47bfe689741fc15447e8ae5eb441e54c2ba0ac8,fcfb14bdb507802269464b315f8d7a0a4b719c478eb7ee788cbe1a3fdd4b7747,a4426164d43b1c3145ea776b5d7c15117e8062aa0a7631b11fabc2886ea1c6f6,1,1df7acf8f2f62839f92f3325eae03d9b4505404a01161554d2e22e385bbcfe5f
190,5ec284fdc9e77c0008416179_3,vcgrp_ca003057849a59ca23a0,5ec284fdc9e77c0008416179,812330413,Smokepurpp,REFUTES,"Deadstar was released before September 28 , 2017 .","On September 28 , 2017 , Pineiro released Deadstar .",10,52,1,c450aaec09a847a33c58092ea6c66cbc73c2ab9867a0af94ff9206a6e11a046b,8dc695fcc566aa5aec54f63511329ec2eb62274fdde1ae06a0ed7bccaef361b0,4cad2689b23bab75327c8c6aa6172e381b26c78f0b2abaf286bf68a286177298,4,ebc295689049700635f39f615efba5ab3268cc6d08fca02936d5ebdb45114d15
191,5ece9461c9e77c0008465f29_4,vcgrp_bfe22c8ed6d9157413a2,5ece9461c9e77c0008465f29,774607458,Alex Bowman,REFUTES,Alex Bowman drives for Hendrick Motorsports .,He currently is a test driver for Hendrick Motorsports.,9,55,1,83307dca730bc303d7e0ab8718adda8cf267af0d4fafcb2ffcfb19f0bc3ca1f9,08fb11d982c035f67fe4fd9ff22de4546261b85913e8d93cd4b87ea683138d4c,e752338b6dfc7b084d3b9bf11785871a0a0732d16a036ce2fd0503e22e425c4a,4,5f54bab58f5b967bfbdf8a80ad28d832c287a9941282b297166174813d6f3c31
192,5ed4de03c9e77c00084892f0_2,vcgrp_d04c70717989163d8d1b,5ed4de03c9e77c00084892f0,609794542,Shirley Manson,SUPPORTS,Lady Gaga was inspired by Shirley Manson .,"Manson herself has been credited with inspiring a new generation of female artists ; including Ritzy Bryan ( the lead singer and guitarist of The Joy Formidable ) , Lady Gaga , Taylor Momsen , Marina and the Diamonds , Amy Lee , Katy Perry and Florence Welch , as well as her contemporaries such as Kylie Minogue , '' Kylie : La La La '' written by Kylie Minogue and William Baker Hodder & Staughton ISBN 0-340-73439-6 ( accessed 28 October 2010 ) Gwen Stefani and Courtney Love .",90,480,4,1c216b0a6c611e898320bc3c27f5627e51e0e7bb20e9c431401e7106563d66f7,1fab010b527a7d6bd6479a5248f795924e0a5c6ccfb5fc252b22e240c4335cdd,35b010f423c147c999cf75c1a9fc99b7f599e47e65962e45536ec99f5e502acf,1,88bf5c40bcaf53b3ac849f565c2930934901126d4ae587a36d6d077b9d8ea775
193,5ea2d97dc9e77c0009cdacf6_3,vcgrp_6a922e0c3d59bbb13e10,5ea2d97dc9e77c0009cdacf6,565149584,The Heist -LRB-album-RRB-,REFUTES,The Heist is Macklemore 's second studio album .,The Heist is the debut studio album by American rapper Macklemore and producer Ryan Lewis .,16,91,1,f793f42f10f24bdba31ebf292bfea58e3c5779f343e4724b18cfc700b5e228b4,c24ef10742ef0919ee7287850aa7f31f037b5a3afa43bd0b77a2174008c3af69,e401eb8a43ae36c677d04ec6a52029d43a287a7af568b5a4c171774231df1508,4,bf8be6660c28bb72ea1e496133a957622c4456cdc400601e8cc1f7b15e101abc
194,5eb2988ac9e77c0008d9477b_4,vcgrp_8b11864d7e7303a4dc4a,5eb2988ac9e77c0008d9477b,899841168,2018–19 UEFA Champions League,SUPPORTS,The defending champions of the UEFA Champions League 2018-19 were Real Madrid .,"Real Madrid were the defending champions , having won each of the last three titles .",16,85,1,c3ad85263f89f7f9a7ea7d468cbf5b1dc5449bcfa4099677ce3743e5199b4892,0abcd80863a7b179e5105fa66b1ef2322c8ffba091910878e3523c1914d4b7b6,12162c13d196d8b02045d902eb10ae76adb6d191171f95a97d176918ce084151,4,8d6e28779fe7c116644f09b43bdf1e0b56fa5994e39c4e624e796b56d6fce6ce
195,5ea2d97dc9e77c0009cdaed3_3,vcgrp_d2c65864ea79325fd057,5ea2d97dc9e77c0009cdaed3,589840176,127 Hours,REFUTES,The character 's leg was stabbed .,"He then stabs his arm , but realizes he will not be able to cut through the bone .",19,82,2,8b1e393639d6462b4c9439e3b7ec2f6e1cac8cdc6485657d541c2e846d1f0f41,1bb9121e23827d6e4b13f113c0486885180ffdc8f3c83aedd6947477e384d812,dc74a21bdcedb45abe81b8e4d22ce4cc633dffe8ef45281440bb90db5f21c62a,4,7787af43a931b24e0d086212adc13f87aabfca6bf55c5ce6c2e5ff5ab8cf3cf9
196,5ec284fdc9e77c0008416a8f_3,vcgrp_37ac6a5cdd47243e15bb,5ec284fdc9e77c0008416a8f,708777601,Gears of War 3,REFUTES,The game Gear of War was developed after 2010 .,Gears of War 3 is a 2010 military science fiction third-person shooter video game developed by Epic Games and published by Microsoft Studios for the Xbox 360 .,28,159,3,aba36a1d2c8d76bcff5ed3cc7f41958d428cd675a9ba4cbd31d160ede7b5b0c5,c1c51a3332e8956c70c10336fb352b2a13e4f932cb50fb61f2c007bbcee9ae13,73897a63968e73cbd30d7c69ccb0daeaf07a7dbf268a6f93e20debfc68f97b25,5,ea0ddc1df17adabd075e7ad3019b7f2e23cfa2267e33ca46ff8107959e6079e2
197,5ec284fdc9e77c00084166bb_2,vcgrp_f2dd168d5838d3764e65,5ec284fdc9e77c00084166bb,748086032,Visaranai,REFUTES,Parth Mungra plays the role of Pandi in Visaranai .,"Pandi ( Dinesh Ravi ) , Murugan ( Aadukalam Murugadoss ) , Afzal ( Silambarasan Rathnasamy ) , Kumar ( Pradheesh Raj ) are Tamil labourers who are working in Andhra Pradesh and living in a nearby park and working to make ends meet .",45,232,4,f2664301efc1798d4c422f83c09f2e717e8cda05d359cd1e5a62e00e75e20d3d,b6e5fde3afcaa369fa6e7fa1705041708eeaa1f88fa04c6dec4a53fb8d70293e,d607e6618ef55ff51441c7a3a2e12e2a8e966ad7156fa3cc5fba6cf9f8dbe4c6,4,540e360e4246ecde22cf08febc1c9172908867f76e28ab6da96fe23bb050ac5b
198,5eb29888c9e77c0008d93a61_3,vcgrp_1b74efd16077967b37fa,5eb29888c9e77c0008d93a61,859297006,Good Charlotte,REFUTES,Good Charlotte released more than six studio albums .,"The band has released six studio albums : Good Charlotte ( 2000 ) , The Young and the Hopeless ( 2002 ) , The Chronicles of Life and Death ( 2004 ) , Good Morning Revival ( 2007 ) , Cardiology ( 2010 ) and Youth Authority ( 2016 ) , and Generation Rx ( 2018 ) .",58,261,4,d2f326dfeba6f90541d5ed2397717adb60f8f3fbd0b644e2fd8194529c9c7750,6f3b6ed65d3af4aee126a779be3f1c7507e5581aa21c63cc0b1afd5dfbf26462,0e72304786176f138c5df733ffa5104d565dd02b33f523ddb8b1d9ee428ef3ff,4,e6f578d01460372fe34173ad9a7bc3598918262daefe9154ff7c69bc3453e6f6
199,5ec284fdc9e77c0008416856_2,vcgrp_a9adef2229f58cb5c9b1,5ec284fdc9e77c0008416856,915237864,Final Fantasy VII Remake,REFUTES,Final Fantasy VII Remake is an action game developed for Xbox One .,is an upcoming action role-playing game developed and published by Square Enix for the PlayStation 4 .,17,102,1,4f21726f1a5efe3f723ad4b63f16d3d35ef3f0ae1881237756eb8e1cf2ee05e4,82bb780ba3727e833219295c04cc841ddf58379309edcb1cd346fe1a5542ceb1,f7f735c2ae127b3a689de521dec834d091f557f8ef23713454ff0d6a508c515c,3,9a577b592fad7ac5ab7ecc8b47cf84229bc76ea1fa19202ab1e8a4733b4ff4a5
200,5ee39329c9e77c0008cc9353_2,vcgrp_3c5442b53a02e82856ba,5ee39329c9e77c0008cc9353,948967720,2020 coronavirus pandemic in Arkansas,REFUTES,"Fewer than 9,700 people have been tested for COVID-19 .","A total of 9,791 tests have been processed.",8,43,1,c91b0ddb99ca45e252b35adcad7090d36cd09196e198964f66d8d551063c7742,fbb7f9e3f73bce3afacc80709ae678fbfba0558d7e77d12d4b51b1347a7c8bbf,f07624c19049753f8fc777e6ea783857b047d92ce831df7ff5cf82871807528a,8,749a00b6e88cf90ed1a942fc92a02a3ce9ae82dfc2282d6704093614649869c3
201,5ed7acfec9e77c00084a587b_4,vcgrp_ebb7dc1dfe7f6ab4cf8b,5ed7acfec9e77c00084a587b,686487022,Rugrats Go Wild,SUPPORTS,Rugrats Go Wild was released after January 2000 .,"The film was produced by Nickelodeon Movies and Klasky Csupo and released in theaters on June 13 , 2003 by Paramount Pictures .",23,127,2,d896375504020cce82c08953447c9dc396ffbe8136c9a33956756da75f80a85d,996ccf098a8288967bf0fc7305c21163c4728c31dd7061d0ee47a6eb89be1e2e,72414711d2109d4519e850f75478c57975d48f469364351f77c101f055a936f4,4,fb5a399d1594d38ab28ebb852c7c93c61f3dca3f71b4494a7400bf4ba508b6ad
202,5ede072fc9e77c00084d2ce2_2,vcgrp_18674949ddb8f0efa98a,5ede072fc9e77c00084d2ce2,609074510,Antonio Di Natale,REFUTES,Antonio Di Natale is Italian .,Antonio Di Natale ( ; born 13 October 1977 ) is an German retired footballer who last played for Italian Serie A club Udinese .,25,127,2,80510851ccd18486aaf64b5a55125a0a070319cc9fe01b8d7fbbdb3e725a70d4,d8d15b1930e68cd11ec17e26690585ccaf41d4c662554062ccd08d58b7ae75ab,16c362852b3dfe57f746f0152e9bb46383a61ca3db3afb622e4119251d58f2bb,18,611490348fefd9e5f916d97bf62d2d5f0253865fefd066b53b39580e3e255c30
203,5ec7d50bc9e77c0008440cf6_2,vcgrp_d8427ff7f514fb6a6e8d,5ec7d50bc9e77c0008440cf6,337703888,Shottas,REFUTES,"Shottas , written and directed by Cess Silvera , also stars Zahid .","It stars Sully , spragga benz , Mad Max and Blakaaaa and was written and directed by Cess Silvera .",20,99,2,689ac3d00ee22d5aea607a760436d9dba2d28d7986fb4b398920d88f50cb7a98,f70d232395dd758556aa244ea9253f670b4201f5054053312e5c2a53db7023e0,4f5708ebb3354af954f9c2028090a38a13d0c7a807d4be3801076867e9164cd4,8,c369695bee314496fee65a3ce131aa8d4fcb6d56f14abb7c5417c6976c2693f8
204,5ee39419c9e77c0008ccf8c3_1,vcgrp_9575f9d98e58d65d3ab8,5ee39419c9e77c0008ccf8c3,757163509,Adam Lambert,SUPPORTS,Adam Lambert featured in Fox 's The Rocky Horror Picture Show .,"In January , 2016 , twenty-three US dates were added to `` The Original High Tour '' , bringing it to 56 dates worldwide ; and a co-starring role in the Fox network 's production of The Rocky Horror Picture Show , set to air in fall 2016 , was announced .",52,255,4,def63cdf60dab163c8fea3f27b64cfe0f063e5924f21671df4f1484c0532d3c1,0d7e1c0ed7b6531cfd8848932318b756d765760ec93e5c0297b63a2c7379109a,79af9d938e7e6cc617afa7c0450b6108e4917c978543f613c7bb2e2ec996eb36,1,701a79a4312cfb5c7a99f9ea882f7f5fccd8d7803718c178e24a71721f1555ba
205,5ec7d50dc9e77c0008441d08_3,vcgrp_8d8fbcfeec204740d7d0,5ec7d50dc9e77c0008441d08,905884555,Northern Territory,REFUTES,"Northern Territory ’ s population is under 245,900","It is sparsely populated , with a population of only 246,700 , making it the least-populous of Australia 's six states and two territories , with fewer than half as many people as Tasmania .",35,190,4,a393baaffb8e65257937a878a9e2610e453b27a12263fd93c4bd96e5562152d0,1126d43f22133a83021d5616085bdee10c8fbe28276631ad07ba190f1ba73d4d,a465f5b9386bc252e8709b90d226c8df71c579c21a383d6577b1b6f304a4d8e9,4,74385b5258c2e6b9bd109c34a57599ee48c49b57e13897d0d421aa208a8e5dcc
206,5ec7d50dc9e77c0008441d6e_3,vcgrp_6473083d793e0f6076e0,5ec7d50dc9e77c0008441d6e,811650665,Happy Death Day,REFUTES,Happy Death Day earned more than $ 55.45 million in North America and over $ 100 million worldwide .,", Happy Death Day has grossed $ 55.4 million in the United States and Canada , and $ 44.6 million in other territories , for a worldwide total of $ 100 million , against a production budget of $ 4.8 million .",42,208,4,d1bc2e7ed546b25468e42d09cddd6757a1f173db0ca57a3bce2dc8179d159044,63f9b67fd3144f9d686e0925340209eaab9f5f8fef12f12c53ca55b5c4362e95,5e28c1216a89ad4baf773d4476f8773b6524aa7c5a65554e3c3e4a5d1d12f412,20,cc16ae311961de2d43203b933a87441b02e5fb7ad58eb694ed576f386d85d8ea
207,5ece9461c9e77c00084661cb_1,vcgrp_7676046759f0c655c5c5,5ece9461c9e77c00084661cb,902527952,Donna Summer,SUPPORTS,Donna Summer 's has won five Grammys .,"A five-time Grammy Award winner , Summer was the first artist to have three consecutive double albums reach number one on the United States Billboard 200 chart and charted four number-one singles in the US within a 12-month period .",40,232,3,f2c8c69b9ab8ed59eaba3b2bdd17a8ade529ea6e7e5473f1b68842edb5941b77,ad04db079aea08ea93d3ae63d027c08377bd935d12648a79b4ed2ba3af441a95,eef457195e2a854ba157342478606e43d508493aefd523840f09363f5ddb6165,1,048974cf5062a1d60d2d5e8a20d33f4ed2b0570ee9d3dd7b49efdc374f41d6a0
208,5ebe6f2cc9e77c0008407666_3,vcgrp_d045a7fd35bedf151c95,5ebe6f2cc9e77c0008407666,776110592,Hairspray Live!,SUPPORTS,The rating for Hairspray Live ! was averaged over more than 23 reviews on Rotten Tomatoes .,"On Rotten Tomatoes , the special holds an 79 % rating based on 24 reviews , with an average of 8.2/10 .",22,103,2,009fd1ab75d78df00be1352001b0f5d54680a8893c297a3bd265abf2cc0bb25a,cb45e608158a9382a00deb620df641083cf6430b207f289c00f24bba783577e1,98f307c67469e756647eb8996f29c9fac78d069ba8c1fd4073367ac579aa7538,1,1382fc58bcbca7833fb14a7acab096a17ae17fbf957687ce69264d7de3e52aa7
209,5ec284fec9e77c00084172f4_1,vcgrp_9d7a6c00ebe41821fa4a,5ec284fec9e77c00084172f4,905110658,Jadon Sancho,SUPPORTS,"Jadon Sancho was born to British parents and grandparents from Ireland , Scotland , Jamaica and Guyana .","Sancho was born in Camberwell , London to British parents and grandparents from Ireland , Scotland , Jamaica and Guyana .",21,121,1,adf5baf2c154e88b51a35410599915f559a1315988b39be13acc77c6430f9ae4,0b81317cf42cecbd7c1fae70a22d604c5c0cd47660dedcbc263eaf5ad80974e7,b8c34ca37038f873b63ffa06a146efabfb5dd9995328691133f929940611f277,8,727a14fb9a67bc16d0efdec0f3c1d2b6ef74e8d610bbdb485fe65ad0c6a52f52
210,5ec7d50dc9e77c0008441913_1,vcgrp_1b0911baf68b37fa0ddc,5ec7d50dc9e77c0008441913,625168333,2013–14 Manchester United F.C. season,SUPPORTS,"The banner used against Moyes by fans of Manchester United F.C . on March 29 , 2014 , used seven-foot-high letters .","On 29 March , 2014 , a flypast was staged by United fans with the banner displaying `` Wrong One - Moyes Out '' in seven-foot high lettering during a match against Aston Villa at Old Trafford .",38,193,3,fe4eb85e675dd7a95498125dcef24b4b54a38c2dbae084a293267b85accbb16c,6a328f54073f82cca8c5ba082574d01ce33d68c64e1be697e7b68a3cc88ee483,6b4a2e4e8634718531c49a9951851ad772f8899238ad4d5e0bd1a7bd62c2068c,1,ba282cbbfdb9625ff4c5a35a709ef32196df05987989c2ddc393bb198bdc3a47
211,5eb29886c9e77c0008d929ca_1,vcgrp_76152a69dd5cacf908e8,5eb29886c9e77c0008d929ca,802644707,AMPA receptor,SUPPORTS,"GluR1 , GluR2 , GluR3 , and GluR4 are subunits .","AMPARs are composed of four types of subunits , designated as GluR1 ( ) , GluR2 ( ) , GluR3 ( ) , and GluR4 , alternatively called GluRA-D2 ( ) , which combine to form tetramers .",38,179,3,fe13e37fb5e3351472e595a55a7f795169fd95e24418caf33c6940f7385fdc8b,6b8e13456089db481b1fa55a26d6cbf604b1f76884b9b128015b69d63d0ee6ff,579dbdf67a26608e404449cbd43b71d86874aeb5a342ab4fcbfd81d8cc6459fb,4,ad0f400331d2ea2ee17e3b3a35d5c590d3f5779aa6da3db273f989756f096708
212,5eb29888c9e77c0008d93afd_1,vcgrp_4403e967aadfb88b5f0e,5eb29888c9e77c0008d93afd,861604580,Benny Blanco,SUPPORTS,Artists signed to Mad Love were initially signed to Friends Keep Secrets .,"Mad Love 's releases to date include Tory Lanez , Cashmere Cat , Ryn Weaver , and the band Rixton , with many of these acts having been initially signed to Blanco 's development imprint Friends Keep Secrets , which is still home to Jessie Ware and BenZel ( Blanco 's own artist project with Two Inch Punch ) .",60,309,4,9362c3bdc2c83686ae4c64e13649de1210162dbe0ba55a1703f53fa15769649f,30a1071c11cf8dd39f927bb66776cadcf2c7ab09d95a4e40fb80c5d2b5d749c5,c8d213557389f39147dcc5e58ae4287dae23d480be6467147352caf3848aec95,1,227b5b259a0bf80e887bd3b48cdf047059d93df19dfd5be7b14b3f86304216f6
213,5ee3932bc9e77c0008cc9fb6_1,vcgrp_6aaf7394831937d01a53,5ee3932bc9e77c0008cc9fb6,944935551,2020 coronavirus pandemic in Germany,SUPPORTS,FC Köln played indoors for the first time in more than 60 years of football in Germany due to the 2020 coronavirus pandemic .,"FC Köln , will be play behind closed doors , a novum in the 70-year history of the liga.",19,88,1,7820266f991fab32c25013ec6c7d577cdb7b3e1eacecb2a6522a7a493872267d,c73c798c4692eae09e20b7112980d59f3f38ccee01ea5219424f8e1e7e8e6f19,72433ff1d4e28de16964b2a2cdb25ba2ce82060128e9444c5e50ee2ab527887c,12,4756d91d20c396fb3775549ac8dae8eb5078b381cd3e5dc58898b561fbc5101b
214,5ee39419c9e77c0008ccfbb2_3,vcgrp_42bbf495b5c3605b1175,5ee39419c9e77c0008ccfbb2,916858174,Resident Evil -LRB-film-RRB-,REFUTES,"In Resident Evil , Rain shoots J.D .","As they escape through maintenance tunnels , zombies ambush them , and a reanimated J.D . bites Rain before getting killed .",22,124,2,c32322e2bd55e6953a7f8c82cc2d214f0d2474aebb31a42654a2109af71d23e9,532765f0bcfc861d78fcf42d08e139cb875c965f9e5ceb12e17710c06dedd28f,75cf8abd16d15974918c048bc40e8f961533c661273496925471b19dfbf90dbd,4,5cf40687955b341397ecc77693ac59e9043493aeca17c3fe43fa94ff5ab50787
215,5ebbf32ac9e77c0009294e05_1,vcgrp_409f3444b9a2096a2541,5ebbf32ac9e77c0009294e05,782305285,Amharic,SUPPORTS,The 2005 publication of Love unto Crypt has the ISBN 978-1-4184-9182-6 .,"The most famous Amharic novel is Fiqir Iske Meqabir ( transliterated various ways ) by Haddis Alemayehu ( 1909–2003 ) , translated into English by Sisay Ayenew with the title Love unto Crypt , published in 2005 ( ISBN 978-1-4184-9182-6 ) .",42,239,4,63a668dcac770829eef25db0a802c637f19cd524ba77d81253b86cb2d0ae9595,65146a0bd633aa4442294e3512e8088a1970175212ea6b9b0b7e4203f9340a30,e5ace1cbdc7980c63ca1ced87a359901572c351a7a108068ebb04371b535bba1,1,2b087258b55ae2efd154a4222eb68b58c8cbe6c9077b99b6de12ca51c3632fb3
216,5ece9460c9e77c0008465a56_3,vcgrp_06dfce871e3ba05f0cf5,5ece9460c9e77c0008465a56,718821505,Namaste,REFUTES,Namaste is a combination of the word namah and the enclitic second person singular pronoun te .,"Namaste ( Namas + te , Devanagari : नम : + अस्ते = नमस्ते ) is derived from Sanskrit and is a combination of the word namaḥ and the enclitic 3nd person singular pronoun aste .",36,175,4,fded459d092f896dcbf64f4699246a482f81090c52cc2197d8e15aad4c3f47a3,22b07d2dfdc70edc0dc3c711e4d18c7e6d090e2042ee4988212f375a21c6b8c2,4a69f271636cd67fec38ecd0f2786d59b93f09c22268f89789857e1a1c243dd0,4,10bd3cf84d3107203afe265ecb64e4623ae6f3f4eaa43ee3013d6744f944a4f9
217,5ee3949bc9e77c0008cd0164_3,vcgrp_7a4c6a972b6ca853f807,5ee3949bc9e77c0008cd0164,920460568,ASAP Rocky,REFUTES,"It is a fact that ASAP Rocky served time in prison , received a suspended prison sentence , and was ordered to pay damages .","In addition to time may or may not have already served , he is suspected to have received a suspended prison sentence and may have been ordered to pay damages of 12,500 Swedish krona ( about $ 1,300 US ) , possibly split with his two associates , to alleged the victim.",52,269,4,27a083720ce1fba3c1dafd9e45603e2874325fd730a6137c41ca30797cb3475a,6ab672960e0c54f396b8908db31cf48b1016dcca74172ea1a51d300c7b948fa6,6cf1ed723358bd91d487ca1e501cb7e982e43c985d2f7e095492462f5b5377af,4,7b21542f22aeb0070b7024dd546944d9f5598b6b92d88f626c865e675565a666
218,5ec7d50fc9e77c0008443052_1,vcgrp_25fc0e8842c086d96588,5ec7d50fc9e77c0008443052,876687954,Chelsea Wolfe,SUPPORTS,Chelsea Wolfe 's music includes gothic rock .,"Her work has blended elements of gothic rock , doom metal , and folk music .",16,76,1,05c1d079f5ef364874533d877ab11094abb905b746f02cf0b58cf445bf6c3665,e67a7ed3b6a9b9eb453555345db5f2a22545d3356f37f1c9fd3fe1ed838244a7,72a94d06d115ce5626029a43707c927a6f620e9446c93fa664f347ffda2c537e,1,11f84d548e6c368abf2ab1a337dd86c8f20874e8e3db94555a724ab3a9300005
219,5ec284fcc9e77c0008415a0d_1,vcgrp_ebfd582a7e150751187e,5ec284fcc9e77c0008415a0d,876053338,Radja Nainggolan,SUPPORTS,Radja Nainggolan posted a controversial video on New Year 's Eve 2017 .,"On New Year 's Eve 2017 , he became subject of strong controversy in Italy after he posted a video on Instagram cursing , drinking alcohol and smoking.",28,151,2,5440aac62658f5b2bfdf93879a0ad249bed6714b242f5d216e78d34de5a259b6,4a23c56eeee9c28057bdf7424bf59f24fc29676a509df90896e7d1e1c9661627,978aa18d955e6838e7f833dd9dbbc6d14461f8e92adf3f06ad3218bcf671a6af,4,33019e08e00748926f3af685c6845a67ec5876a748fe2b295a15721dd24d6014
220,5ed7ad01c9e77c00084a6357_2,vcgrp_06bd702e8ad1ca597854,5ed7ad01c9e77c00084a6357,581558999,Damon Harrison,SUPPORTS,Damon Harrison became a started for New York Jets in the 2012-13 season in their defensive line which was infamously called `` The Sons of Anarchy '' .,"Harrison was signed by the New York Jets as an undrafted free agent on April 29 , 2012 , and later became a Starter in the 2013-14 season where he became apart of the NY Jets infamous Defensive Line , known as `` The Sons of Anarchy ''",48,235,4,fc9a06fac3f274dd3f10bc735b5c42d33925eb9059b1e612a1aa96a26b6e2f1f,10ef45aa31dd57626fb481ad051a069bb6ac8706e687cc86d31eeedd36859fc4,7324754816032d47d63ecf8083a3da7c178aa19d37a9c7627fb52620433ba261,1,96f7b12de567bb63894cd07b7525229fbf048d7af805b9f3ddd28f8a53780fee
221,5ee3932dc9e77c0008ccb7d6_2,vcgrp_5d1a1a41b81039610c59,5ee3932dc9e77c0008ccb7d6,948339002,2020 coronavirus pandemic in Bulgaria,REFUTES,There are less than 380 cases of coronavirus reported in the Bulgarian provinces as of March 2020 .,"As of 30 March 2020 , there are 399 confirmed cases in 21 out of 28 Bulgarian provinces , with 8 recorded deaths and 17 recoveries .",27,132,3,d0806fa715a3b1f9cec8d038501864b7a24310c4b676e8bde49cbdb563f56a26,ea37d1e55745c7cea76248697cae58fdee5591a0762814d51b214cdb05864993,31d7d55e7f5f754d0e55d1944a47b2029029f90d9c3c12c636687ea50e40fc7b,10,648005629444dbf8840668ad9ad4b22a63baeb82094f9cf7c5888fc2d431aa75
222,5eb29889c9e77c0008d93e04_2,vcgrp_217effd501a9575407f4,5eb29889c9e77c0008d93e04,872930728,Pearl Harbor -LRB-film-RRB-,REFUTES,Pearl Harbor film was poorly reviewed .,Pearl Harbor received mixed reviews .,6,37,1,e34bff96d779244839b4d13c2b2ecb5a389dcbabc9b8c804f714a59c17ca7d9e,29d783a134f8db1a035cb5c9c14f9e2c2b9bcad1c6288a73a504a31dc1f2782c,11899568aa98bf4e26b35b73285b02ff96286dac19e59227a14bad49e63e8b69,8,4696f8557f31b7762ff51c731b996104d57a5ac1ba9ba7f7cc0a200c9d2ffd7c
223,5ece9462c9e77c00084669e4_3,vcgrp_3798e5af23c9b8494f56,5ece9462c9e77c00084669e4,892417534,Gears of War-COLON- Judgment,REFUTES,The development cost of Gears of War : Judgment was more than $ 30 million .,"According to Tim Sweeney , Gears of War : Judgment cost $ 10,000,000 to develop .",16,81,1,772b928fee31ccb656022b0d1836d8072c2802b81754970ea55ca314c91bfe09,8280b87f1bd2696322f39fa795885f0a94567dee8f1e5fe47ac6b843a4543961,86811ba34dd9a6631c7f2011efe1e24b0c7a6831c1eb13edbf1174c082027826,4,4a75a39f77ec6167d961282cc59d1ff575312679ccbeed472e1aec2e2a35afcf
224,5ed4de0ac9e77c000848af26_4,vcgrp_d7a15db72495215a44a7,5ed4de0ac9e77c000848af26,910861768,Men in Black-COLON- International,SUPPORTS,Men in Black : International has grossed a worldwide total of less than $ 252.6 million .,", Men in Black : International has grossed $ 79.4 million in the United States and Canada , and $ 173.1 million in other territories , for a worldwide total of $ 252.5 million .",35,177,3,5422ea45ebdfa249a14f70cb1602d56b5b4dcc086bea0e9a2eb993db9b56a428,74effb010454850630b4dceaa9d4163b636a48b4a256a5b2aa8af9c2e43cc3e1,a77a7f84aa4b8fe584bb9787748de4a2a49ff429a788ac4ed0e2b4d781325ede,8,fc20fbdce077d20a3ca1b7d0229bb9cce479e0fc87ea761552163e7aa40c36ee
225,5eb29887c9e77c0008d92cc3_1,vcgrp_6b333952291a540d5320,5eb29887c9e77c0008d92cc3,814295474,Ride the Lightning,SUPPORTS,Megaforce Records is an independent record label .,"Ride the Lightning is the second studio album by American heavy metal band Metallica , released on July 27 , 1984 , by the independent record label Megaforce Records .",30,167,3,19c3f804a01652aec53e4e691790d104a28b60f056f333dd75fbcb274522e9b1,1080ca2de59fd9e05b03e352714ac982b2c5ef5569c86698ecd0e12a2eb6eda6,2f0ff849d297db341627901b73cbd0b672b8a20461a6d5986cc29dbaf83d4316,1,2a68d539951ca2903d87e3727dff9c34797759ffa9d21c67d4dce08fbecade6e
226,5ec7d50dc9e77c0008441b1f_1,vcgrp_e615c4a73c1ef0410a6a,5ec7d50dc9e77c0008441b1f,820629531,Insidious-COLON- Chapter 3,SUPPORTS,"In Insidious : Chapter 3 , Elise Rainier tried to contact Lillith 's spirit before dying .","Several years before her death , retired demonologist Elise Rainier reluctantly uses her abilities to contact the spirit of teenager Quinn Brenner 's mother , Lillith , who died a year prior .",33,192,3,a2405e3b257d60cb2de4c8e7c1e197acde93878849a28da18207d5339ded4f9a,1c88f619196c0878e08477b7fcb0e2bf0eb7133d5b3ff42aae990025595035c6,aeb75cca4a28381d764116f2fb0960b29028f40edd5ee72afeef95dc42ab381a,4,405df7485e22d759aa95e523b158626ac025f874891fa11e21e9baeab252b60d
227,5ebe6f2fc9e77c0008407db7_2,vcgrp_c1189916eca1fe264a4a,5ebe6f2fc9e77c0008407db7,509127052,The Odd Life of Timothy Green,SUPPORTS,"After August 24 , The Odd Life of Timothy Green had made more than $ 20 million in North America .","As of August 25 , the film as grossed $ 21,999,000 in North America.",14,68,1,b3bd9afde065d4413c748ab1522b34a20c9f4b91e1c68b49e14838ef183fb681,fefb4832a2a18b5c1ab8ade72a32407edf56ee31346ce0fc77bcdc749586e0cb,d87f02e5b0268427b665389404e94863b2a4c8b8597d4d075346486ba4e0dc72,3,a91a7610fd753fa77b4bf5997714dcc4f66f4b254d2fb317dc54065a62ea5a9d
228,5ec7d50dc9e77c000844221d_2,vcgrp_13a17ba6dc507617ace6,5ec7d50dc9e77c000844221d,901028250,Student of the Year 2,REFUTES,"Before 4 June 2019 , Student of the Year had made a box office of 96.36 crores .","As of 7 June 2019 , it has earned 96.36 crore worldwide , against a production budget of 65–80 crore.",20,101,2,9b83361edf6d1c0ef29a41d7e6d3185213d1f88997a90cc1e3b5fbb4aaebc681,b00a3bf3fc7b01e1ac95edebc4c53c0568ce01a0cc79e946f76d21e5dea0128c,8db61433fe817624d2b2775ec77a4b31a5998b8100918c328345e23a5c0de4f0,8,30901138dacd4ccfc230658ad16aa34a0d0adbf5a610496307d03dd1939f6f76
229,5ec7d50dc9e77c0008441d75_3,vcgrp_2822f328e584b27ad667,5ec7d50dc9e77c0008441d75,810166497,Happy Death Day,REFUTES,The original Happy Death Day script excluded a birthday .,"Also , in the original draft there was a big birthday.",11,54,1,25b48c944e660941748e3721c017762525b1b61b6c3af8fe835c6f0b8b8a424f,9a9662a1db6f52600e9f5d1d7c3a8f37acf011728476c1a4515e48c3011cd74a,cdac0f774b2c934786343ab94cc0bf22967fb4e967aa9a0997bea840f882431d,4,eee5662cf8c861bc063fe1b7a57f112e60b300446c77b551ab12530041a486f3
230,5eb29886c9e77c0008d92b23_3,vcgrp_1d595b530a22b4cf21a9,5eb29886c9e77c0008d92b23,807623070,Marcell Dareus,REFUTES,The Clemson Tigers were defeated by The Crimson Tide .,"In his true freshman season at Alabama , Dareus played in eight games , making his debut in the Crimson Tide 's season opening 34–10 victory over Clemson .",29,155,3,fadef7fa0775818d11de70c4997545730beca3f6a947eecf9393f508a539a6fd,9277f2106ceb8cac53a7cebf5a4b9552a398893e8e5871c3c1fb26c47ffab49a,c028cc65a326fc8f79719b6d7496dcba33a53cf5ad2d27038e1e3163f66a112a,4,d4ac23a2bd3b59355aa3fc79a6116dfbb582b8017db396f0d5b4964a868581b8
231,5ebbf32ac9e77c0009294d1e_3,vcgrp_383ebbed13d16ba19428,5ebbf32ac9e77c0009294d1e,302927951,Babylon A.D.,REFUTES,"In Babylon A.D , Toorop is given a UN passport .","In order to reach this goal , Gorsky gives Toorop a variety of weapons as well as a US passport that has to be injected under the skin of the neck .",32,148,3,3084ae5c79ecd3a29579b416a1c67e4a3700fda6c58cba7ccb0f208dedc16eaf,09044fa24e1420553bd3b34bc1c085a3c67b7f398ef5d2dabf68d219b2a4b5c1,e3ac6109d2fce7f2d04ef784e764ced2e7ff422a68e13b0fe30226937aaf5c66,4,edc1bdc1cb9a0db88ded340f4f840c62ea1d712f3986811decaef21c7faa25e7
232,5ea2d97dc9e77c0009cdac04_3,vcgrp_70bedbb4dba62bcbd064,5ea2d97dc9e77c0009cdac04,551542322,Bernard Sumner,REFUTES,Bernard Sumner was credited as Barney Rubble by a Joy Division bootleg .,`` An early New Order bootleg credited him as `` '' Barney Rubble '' '' . '',17,76,1,54b4a919600a9fcf911dcbc3a6ff5e8051561d3a97d2f30a6712299f10a4b6e8,692dab0796a38971739612522a5d036eb48db6778592bc331efcc771d842c7d6,2ec5f190c364c389d2c317832ebd64135e541a1fd4e1da00c7d500066e4a704c,4,89ab82f680b2d7e9a866c4c002bd7639a55af96cc5c5b872af1821e4e2096f09
233,5ede072ec9e77c00084d249b_1,vcgrp_95c88014cc4f144ad058,5ede072ec9e77c00084d249b,375214286,Diana Krall,SUPPORTS,Diana Krall sold more than 4.5 million records in the U.S .,It sold 5 million records in the United States and 15 million records in the worldwide and won three Grammy Awards.,21,115,1,90ac5de6cf591046c37cb5651ae8d47db36cf8be6cd5dbf79cc182de3b819828,32a6ab6cb0cf6cf736588efc2288d1afc72bc3032a8ec3c0af7297ac9bc852fe,92e62bc0bb0af6366780306c8efb6b4a6bdf0f04f882a39005fbcb1f03a3ba47,4,151d6728e0d788728831a192411c37ac1ca373dd5629ac1f77d20b92a8ff8349
234,5eb2988ac9e77c0008d9450a_2,vcgrp_744aa66be1c508780d6a,5eb2988ac9e77c0008d9450a,892906675,Honeywell,REFUTES,"Honeywell 's headquarters are in Charlotte , North Carolina .","The company is headquartered in Morris Plains , New Jersey .",11,60,1,70fb8b3bbce4a23caa254632b3f56ac4e5284a4cf59db3375548aefa6221c051,519655ef427200c28365f814d33dc7d5e5c709317e496da599e105c2336c8d10,9aec7208b54aed7aaeb5366fce5dd23738bfa64db72ddc77660318afc05dc076,4,f4f05e9413703306b7d310493971554b948814056cd28b6dadb49b5929c6891f
235,5ed7ad02c9e77c00084a6d0b_1,vcgrp_08e918cb89f86b694ca6,5ed7ad02c9e77c00084a6d0b,826771673,Nate Solder,SUPPORTS,Nathaniel Perry Solder 's nickname is `` Nate '' .,"Nathaniel Perry `` Nate '' Solder ( born April 12 , 1988 ) is an American football offensive tackle for the New England Patriots of the National Football League ( NFL ) .",33,170,3,8d7aa54fb4570e7c09b6a5c4fe3398de41056b7fe6da60fa2cb3495173d8cc52,d52f2dd7e73f629ee7c16145570b225f263a7d19f39b8e81f03b7ca730d0cb9d,d06cb24364a12675eadf9e2f21b0a7dcea69fdfeceb5c259c5cef8eec452d2dd,1,4041ab82408fe9cc45ba5bb13acd3b01e2c5f1881244f77607bbc140cae255c1
236,5eafed81c9e77c0009ce19a7_4,vcgrp_c8f4c54cf663ceca5598,5eafed81c9e77c0009ce19a7,759213320,Dario Argento,SUPPORTS,Dario Argento 's first movie was The Phantom of the Opera in 1998 .,"Starting with 1998 's The Phantom of the Opera , Argento 's films have been generally poorly received by critics .",21,114,1,61a786d5dfda6fb14a4d6a759cf58027463b100ae6009d21fde116c05d5717d9,f3b7c8093193ef0995cc61e833a437cba6c06ac9bfe89701d5216471f96acb5e,460929ff1bcaf7414d7323fa053bd8619561c5e4c1204213c5b3b12d8fc7c322,4,b6dccd2a3f40f23811849544c06997a2df4c6804646a98950520a8d0d08a2f2f
237,5eafed80c9e77c0009ce15db_2,vcgrp_999ae15e3ee56147f329,5eafed80c9e77c0009ce15db,737124077,The Light Between Oceans -LRB-film-RRB-,REFUTES,Metacritic gave the film The Light Between Oceans a score of less than 58 % based on less than 17 critics .,"`` On Metacritic , the film has an average score of 60 out of 100 , based on 18 critics , indicating `` '' mixed or average reviews '' '' .  ''",32,143,3,1b25e3a32d6053894a8781a851e653d727a0b46406ea41696fa03ee238f97bc5,33644dd51c1f300675e09fbf838ce39a7928c49677cb39c6bd542da91f8fb843,4e067ec25d18e54cb40421fc9d5168819379b6bb9392c6d67982564b67fdeb02,20,8ca8187d7ae663ed9178a09302c3205e462623a112cc85d47725af0be0bb045f
238,5ebbf32ac9e77c0009294ca9_3,vcgrp_414250bb465ac135af9c,5ebbf32ac9e77c0009294ca9,721719946,Nolito,REFUTES,Nolito was named in the squad for the final tournament .,"On 17 May 2016 , Nolito was named in the preliminary squad for the Euro 2016 tournament in France.",19,98,2,24e47d4a4ab00dfe93d0c1798940a3a26d203b9c0ab68670ebdfcaa05d7aed35,4fbf94d951720cd03c993f74ea64bbc49c8ffde55323f2f2d39cf9e54889b632,9a71909033bee775c1cbd7858bb3514b53894b9b6655c3f098856f3b5d3bfba9,8,8b642c6d594e2f9c21023e45f317c2dcc885efe9f6c48317876c71eb78950f63
239,5ee39419c9e77c0008ccf9d1_2,vcgrp_da7e094dd824053456c9,5ee39419c9e77c0008ccf9d1,880979229,Pythagoras,SUPPORTS,Pythagoras was an ancient Greek mathematician .,Pythagoras of Samos ( ) was an ancient Ionian Greek philosopher and mathematician and the eponymous founder of Pythagoreanism .,20,127,1,aae28c52df3c9bbfe72ed17aaed30f27c8d1ce6f4d6eec683b526b50d9cfa387,6e99760495677474ea924638a3b94e0383e6b10eba643f6da2d118360962dc01,0ac5b7c342a01e10c2e411f356ae1f3f46027215a8f7d6ca60d3f8e779d2ca32,1,411fdb4f2f45ec364f3aeb58f9439bf5334db4157063492ecaa2d3b9a5f81ef6
240,5ee393b7c9e77c0008ccc689_3,vcgrp_7438e1cfdfd9e72919b8,5ee393b7c9e77c0008ccc689,945934134,2020 coronavirus pandemic in Morocco,REFUTES,More than 9 new cases of coronavirus were confirmed on 16 March 2020 which brought the total to 38 .,"On 16 March 2020 , nine cases were confirmed , bringing the total of cases to 37.",17,81,1,2e7e119fd906ce484606794d4d780b1084a2c50eb2909824b14679494ba11ad6,0ca34a568e0fd101c66c8fabc55bdb0cb1d6127d8dd5732d18eecb64ef7e5794,c52a0859814390b1c14c5df367119c9d0d3b2fa1915ead6114b052540630b49d,4,6ef35911ee3c9dea0a1d49403116bf62255740536561e357d9a54fd1fea6083d
241,5ebbf32bc9e77c0009295221_3,vcgrp_047bb73ce13f5cd9f900,5ebbf32bc9e77c0009295221,797793258,Austin Rivers,REFUTES,The Pelicans extended Austin Rivers ' contract for 1 more year before April 2013 .,"On October 16 , 2013 , the Pelicans exercised their third-year team option on Rivers ' rookie scale contract , extending the contract through the 2014–15 season .",28,162,3,48094eda4e34b47762232e2d6c9e9b723190e6acbcc3decdb094f24f5ed455f7,29149b4c074052d0bf8a4b65c955d981d0f422357cad6bf4d0b1ae798a92e990,1ff3877e904ed63cbf08dc57adf0b4befe4e960152732d5d17558076d5bd90d4,4,3aef1bf037df2baa6701a1570cb87910c3641f22b0504ea4353456caef23cbc7
242,5ec55991c9e77c000842deb0_1,vcgrp_393d5e8e0263eb6c1fae,5ec55991c9e77c000842deb0,878688782,Antichrist Superstar,SUPPORTS,Dave Ogilvie was a member of Skinny Puppy and longtime producer .,The record was initially produced by the vocalist alongside Trent Reznor and former Skinny Puppy member and longtime producer Dave Ogilvie .,22,140,2,6c550b86f160c747dba9a036f8d485003260fa412b9755393a9e597459895d75,2c15983d3d240e7e450e2d3bd0b69e0df95a038033a8ccdd7c0d52c2c04e9e8d,a4307b07f3b9ac361fc732cb76e02ca89feeb4753a43b24ec0acb8d81359173c,1,180b4bbd633fe9c45ac3621fc93745ec93ef884383014f6225fe60e933149646
243,5ec284fdc9e77c000841693a_3,vcgrp_ac20cc5916676c26490c,5ec284fdc9e77c000841693a,878134171,Book Club -LRB-film-RRB-,REFUTES,Book Club earned less than $ 91 million globally .,"The film was released on May 18 , 2018 , by Paramount Pictures , received mixed reviews from critics and was a box office success grossing over $ 93.4 million worldwide against its $ 10 million budget.",37,201,4,82cc9ad5a6ca91694fbf44758f56fdad1e75f84f5a04add2b65a06ff9a9ce758,383fe0c0019dd593f092a9eac95df117fe518bc1f9766dd14d92ac92f23e4207,e8559a8b5e5b5069c14237d9f3f754f0a2636dfb171e7f2af397e4696e37fe37,5,bddb02bf3b31252d2780e698e5c76750d296fc02ef7b96f0e8a45ca8fc83859f
244,5eb95738c9e77c0008fa1382_3,vcgrp_b744af0fc83ff51e1c8c,5eb95738c9e77c0008fa1382,905779408,Sonu Nigam,REFUTES,Sonu Nigam 's Abhi Mujh Mein Kahin was played in the film Agneepath .,"`` Nigam provided playback singing for Hindi movies , including the title song for the film Kal Ho Naa Ho in 2003 to `` '' Abhi Mujhme Kahin '' '' for Agneepath in 2012 and many more.. However , from the past few years , he has gone selective about his songs so that he can focus more on creative works . ''",63,307,4,d68c3a19a87639dd7a64da69823fb54cc1ef7c9e0667a1ca6c69abadbba591ae,df4eabe5a804e2f7e3222f0b3662a274c0d2fabd4725017f02feb7f74744a98c,36c7d448e54b9e5e86cad03122cb0891ccd96ea34d6929d88dc2b18ee7217abb,4,644eadee79ff6db9d9b1c4dca70c58c4ced7617ac90668324f73dadbdf8269a2
245,5ec7d50dc9e77c0008441e1f_2,vcgrp_937fca8e00afd612b250,5ec7d50dc9e77c0008441e1f,794375086,"Princess Alexandra, The Honourable Lady Ogilvy",SUPPORTS,"Princess Alexandra is in the line of succession to the thrones of 16 realms , including Great Britain .","As of January 2017 , she is 50th in the line of succession to the British throne and to the thrones of 15 other realms ; at the time of her birth in 1936 , she was sixth.",38,170,3,a5dab4bac667c8ff16cb941520a66beff167c01f4e58f06b4f42bd811979a985,ebede1fab63db02cad20b02b24c1b70802697b0e456d124f9101b5a24765779d,9a25fef7c87ca49036a5bda560ddd99462b3a81958ccd21e963f28dfb92afe5d,1,ac518acefd6726af4b577bb6d6a01a032b77cd9cbcbbef9b5fb2ea1331903927
246,5ece9462c9e77c000846690a_2,vcgrp_2523067e4ec4053e3b5d,5ece9462c9e77c000846690a,914458115,Bellator MMA,SUPPORTS,Cris Cyborg is one of Bellator MMA 's fighters .,"The company was previously known as Bellator Fighting ChampionshipsBellator MMA currently features notable talents such as Michael Chandler , Ryan Bader , Gegard Mousasi , Ilima-Lei Macfarlane , Paul Daley , Rory MacDonald , Lyoto Machida , Patrício `` Pitbull '' Freire , Quinton `` Rampage '' Jackson , Michael `` Venom '' Page , Douglas Lima , and Cris Cyborg , among others.",64,378,4,4db0c1f09b5f2a06468d532d439ae2a5c14e4032abcd3655709ac40062ecb8d9,1872035f91a65bd63ddce8ea6205a5eb8f806098d947fbaa964de4fb6934a148,522eccd2e04396a9f53e77126c22cc11a2da93cfa7a7d1597af1e41ccdec92a8,1,dea8d54c8ddcfe99dfe771a55023a907443239d5ac4243acbde780dcab95022c
247,5ee393b6c9e77c0008ccb9e9_1,vcgrp_70f120725b0d919f671b,5ee393b6c9e77c0008ccb9e9,944936166,2020 coronavirus pandemic in Germany,SUPPORTS,The league where Borussia plays its called Fußball bundesliga .,"Several matches of the Fußball bundesliga , including the derby between Borussia Mönchengladbach and 1 .",16,104,1,90cde59376654e5c2ecda358ca4933deb34dc2c1a2c04cfeafcb6661fa301280,908a737449944f5f57f559d59eec3c280f3ead802821f23eaf7c5891f5b6448d,d783dd09b4f3dc878d3b3dbc2c8c1232b560663e16d2c9280f0c248554f79fca,1,f6002c4abc8bc35e376860057a55efe9f312abb41313af106ac14bdf41a1ff39
248,5ec55991c9e77c000842de4e_2,vcgrp_fb562b14844f8c1d5646,5ec55991c9e77c000842de4e,403710176,Ali Larter,SUPPORTS,Ali Larter gave birth to her son Theodore Hayes MacArthur in December 2010 .,"Larter gave birth to the couple 's son , Theodore Hayes MacArthur , on December 20 , 2010.In an interview with Cosmopolitan , Larter `` mused '' on the state of her life , `` I work on a TV show I love , I have the opportunity to do movies with actors I respect , and I ’ m in love with the man I want to spend the rest of my life with , who pushes me and excites me ... There ’ s this fighter in me that kind of needs to be put to rest a little bit .",103,451,4,51bebe7656ecd64ee1096fc0c8198caf00ebcbb79013b169a2a762fae973ce0f,a01a79a16c936944c7363f8f16bb16548c9fed9859b467d548588a696ed91f38,9371d6940afe989ab2c9644a395e801adf70b9937a7f1dd8dc02cc29135c03d7,1,6c4916b3ae148fff5f2cf29c78c1838e121dd91d9e03bcf5abb800b1d615d9ce
249,5ed4de0ac9e77c000848af37_2,vcgrp_b1e86cf6a5643fbcc962,5ed4de0ac9e77c000848af37,906872894,Men in Black-COLON- International,REFUTES,Men in Black : International has grossed less than $ 77.3 million in the United States and Canada .,", Men in Black : International has grossed $ 77.4 million in the United States and Canada , and $ 172 million in other territories , for a worldwide total of $ 249.4 million .",35,175,4,9fbc27cdbad526b7f90d9c71b05428627a5dc5abafc6472376a2db42a0367818,81dfb8b60b97942de1170e5381fe64f83d5f901886a26d2ce258dbd218742a3a,7baf3b07eb2e82c3bdce6930b8e280214ec6643940e9c2400f01c9891e3a20b2,4,4386e17261a8b0ebcce6da04117834f0cf15f09c476a17264076851f9ccf62a3
250,5ec7d50fc9e77c000844330c_2,vcgrp_a176bc90a381beca2063,5ec7d50fc9e77c000844330c,638091274,Diet in Sikhism,SUPPORTS,"For Sikhs , it 's the same to eat an animal or a plant or mineral .",Therefore Sikhs view eating an animal is the same as eating a plant or mineral.==The Sikh code of conduct on the Sikh diet ( Rehat Maryada ) ==,28,143,2,dc96de7600123cff2f62ef4109817d14da1dfefcd8efd2ec70a77b77348644d0,61e347dacbfeb3e2e1e8a5073be527aca4f48303875a378ce1d3ad871f10a7ab,100e61b4208c0c8f74898743102f420e8a167a85db728798bd46da3711799df6,1,38188f4984230582ee7769b9b17d7ded39dae3dc4d9fbf1815df261ca0f00a86
251,5ec55991c9e77c000842d7c1_2,vcgrp_87321b0c2a7e090c6295,5ec55991c9e77c000842d7c1,805130052,Soon-Yi Previn,SUPPORTS,Soon-Yi Previn was born approximately before 10 October 1970 .,"Soon-Yi Previn ( born on or about October 8 , 1970 ) is the adopted daughter of Mia Farrow and André Previn , as well as the wife of Woody Allen .",32,146,3,389705ddc91f6be5dc105ff5f47920ea8fba6cced51384f6c019c168add6cd54,85f80e48908fcc50da8ba44bb724ce73d6f98952506b8b9c230b7b26853d4d35,f1f2a9f53d5ac387db14066a13f560d3c6f53a4a48f08b8fb783494cf4551ee2,1,ff1e56365022368bf52162f6e0400a6fe22ac07b5ae5c25b9c0506f8e7f64e79
252,5eb29887c9e77c0008d930e5_4,vcgrp_00fde0ba4ccabd94507d,5eb29887c9e77c0008d930e5,827611010,Sommelier,SUPPORTS,The Cape Wine Academy was founded after 1988 .,"Founded in 1997 in South Africa , the 'Cape Wine Academy ' introduced the Cape Sommelier programme , leading to certification as a Cape Wine Master .",27,149,2,3e224b3c58522ac29e5b66c8963ce18fcb1f13facdd40b055749c888ef332d5a,207275cc69a39d56d7d29d036ffc44b9813df2b259f35dac8800e74cce97a9a6,496ea7ca83d96106b2d7e72117061f4c87759ad95dee54e8a856bdc0d72f8893,4,827c3555ec237f285b89cd85b5e6c56ff7d4dbb2dc4ccd967a08b2ed5b4d042d
253,5ebe6f2fc9e77c000840823a_3,vcgrp_8ea4279cdbb665407fef,5ebe6f2fc9e77c000840823a,479504228,David O'Leary,REFUTES,David O'Leary moved to Dublin when he was less than 10 years old .,"O'Leary was born in Stoke Newington , London on 2 May 1958 and moved to live in Dublin at the age of thirteen.",23,110,2,5df0d98ecfad74d1e6e021d8b04a1799efdc8cb50df85ed97bb2fd2b3903f1d4,537d1a9041d251fa14177a42429d763adfabdb7da5d2cd1feb58fd9542fa5b58,8d71d5dfddc62ce85ed57a0987f17f7efb0b93191fe6f74337a3cb4e6fbbad94,8,104edc0060c22a6993b5d39b3567ae8da598d2c7262d2dcf5a465c938cce6e91
254,5ee3932bc9e77c0008cca8cb_2,vcgrp_49b609f690ace7f5a2cf,5ee3932bc9e77c0008cca8cb,947151285,2020 coronavirus pandemic in New York -LRB-state-RRB-,SUPPORTS,"New York state has at least 25,000 coronavirus cases and 210 deaths .","He warned there was no enough assistance from the federal government and that the state had 25,000 cases and at least 210 deaths .",24,130,2,4d2ceb906055c1bd8464a9d80821193833e9c2b1f7100ccd2992cb9f9d2222bc,e44d3e494768166971c8c2cacad0798fa6697e2484da236ba580eb9218f49833,7ef2659c37c5dcdef16e95d2ea66910c3bc5a61609b766a2f28cdbc753c87744,1,d74fceb6660780a1389805a846e7c5ed10629dde33c89e82db6f742a0a88d24c
255,5ec7d50dc9e77c0008441b2e_2,vcgrp_9f0641e9cca2b9e2c8b1,5ec7d50dc9e77c0008441b2e,673404983,Insidious-COLON- Chapter 3,REFUTES,Insidious : Chapter 3 ( film ) was reviewed by less than 93 critics on Rotten Tomatoes .,"The review aggregator website Rotten Tomatoes lists a 60 % approval rating , based on 93 reviews , with a rating average of 5.5/10 .",25,132,2,3a48cb0dc15db057de37b9eb6eefafcb759cfea3de32a898e333822fbe7d3f07,888ed6fba930621361131393359bfe152a12fa705a0bc5ae35401c495a3e3ca6,bc0d543d48e2f3cb45bc2157dfb53304ff2b0528e18d74b1aae5b8e97daee254,12,9bf5a5f8b7c9139d91c377bb4df2da83c0db4dcf906f5e53e8bfd4924c6e22b4
256,5ea2d97bc9e77c0009cda5a9_1,vcgrp_303764cd03cc5f2c28f3,5ea2d97bc9e77c0009cda5a9,415992343,Eddie Griffin,SUPPORTS,Eddie Griffin had a heart attack .,`` Last accessed 25 Feb 2011.Suffered a heart attack during the taping of an episode of `` '' Malcolm & Eddie '' '' ( 1996 ) after a scene in which he did the salsa dance.  '',37,175,3,8760a09ba5d6529814241a6c3bc32d55978402f7ccc41418fc8946fa1a376a83,259c3aa43af0d81aaf0573f12288112e98f851459f98a77b9cdbcf076cec4d02,ecce17b7c83a7af57d1f6c4372d75606d772b71490d5ec41e0e86594cad77ac5,2,606432e5e84ab990438762e465c6b1abe1636df8949113726c08c958fecea485
257,5ec55990c9e77c000842d6d6_1,vcgrp_6450061a579d169a9b18,5ec55990c9e77c000842d6d6,812060838,Underoath,SUPPORTS,"Underoath changed over the years , according to Allmusic , the band evolved from a Christian metalcore band into a rock group that mix emotive melodies .","Underoath have been labeled as metalcore , hardcore , post-hardcore , emo , screamo , The band 's style has changed over the years , as explained by Allmusic : `` since their inception , Florida 's Underoath have evolved from a run-of-the-mill Christian metalcore band into a fluid , dynamic , and energized rock group that adeptly blends emotive melody , charged punk rock rhythms , and a chunky , engaging bottom end . ''",76,423,4,fe10014e6e5422668657af61b517d70d8a028ca848fa9f2a3fbc44d76c1218bc,447bdf38f78efea9b74e1bd7111c53d50542a3978182e8d2b233d1a63049dd02,e8dc28d1cdd9d000b092ef55fb7459898173a820dc0f3a362f77e3db7d220d7c,1,d6679ef4ffdedc384c90866cc237f7b2dec4bcbf438e5b092897e5636cef3cea
258,5ec55990c9e77c000842d5ad_3,vcgrp_aeaba0f25804fb088dc8,5ec55990c9e77c000842d5ad,191921052,Vinny Appice,SUPPORTS,"Vinny Appice worked with Carl Sentance , who was in the band Geezer Butler .","Vinny Appice also appeared on a Circle of Tyrants ( Necro , Ill Bill , Goretex , Mr Hyde ) rap CD , where he collaborated with Alex Skolnick ( Guitars ) , Necro and Mr Hyde in the year of 2005.In year 2006 Vinny recorded a someway nostalgic album as part of a group called Power Project , featuring Carl Sentance ( ex Krokus , Geezer Butler Band ) on vocals , Carlos Cavazo ( Quiet Riot ) on guitar and Jeff Pilson ( Dokken ) on bass .",90,435,4,e928165ed26378360f0d3da7ed60d3a2a8b075a8f486899212441fc03d8661f7,4f062dc4854d26536e5dfab569232eff4dbf159a919525ded76c4d951b472af4,036eb5b593780233406b5a008fa5c685887987b4411b82b9c66bc9e87b0a5280,1,5e300f02aa10fed97c7194c1ead913f62eb9b1f65f820470202351c7907c2fb4
259,5ee393b7c9e77c0008ccc4d3_2,vcgrp_9a49fba1fdcb7344744c,5ee393b7c9e77c0008ccc4d3,949519205,2020 coronavirus pandemic in Massachusetts,REFUTES,"In Massachusetts , all residents that are not essential workers were ordered to stay home from 9 p.m. to 7 a.m .","All residents that are not essential workers were ordered to stay home from 9:00 p.m. to 6:00 a.m. , starting Monday , April 6 , elderly can commute to grocery stores for their limited hours at 6:00 a.m . Anyone that needed to be outside can make their own mask but medical masks are to be left for essential workers .",61,318,4,0f075d948ad9e62aff573085d39575a4899ffdd1ab2a35330a64d189aa4a50aa,f18dffb1338d77d88c34e95faebeaa0da782ca65e311e312639dd16804d5aaa5,4027f56a71b32bb8c029ca33a77ebd135bf3b129d7d769ed04b89a2bb72bbcec,12,cdd151734b21857e6069efcd9de6c4adc804ae14fb8566eed895ead01cc27a6b
260,5ed7ad03c9e77c00084a76bf_2,vcgrp_a0654d2d5f84ef5ace80,5ed7ad03c9e77c00084a76bf,604247535,Cinema of South India,REFUTES,Tamil and Telugu have more than 65 % of all cinema revenues in South India .,"The largest industry are the Tamil and the Telugu film industries , which are responsible for 60 % of all film revenues in South India .",26,136,3,3536420f399f015fb4a13e863ac5dbbd4790f0aad501c0124e1b9bf10830d5a8,1222b82abbbaf1616eaa61b0df35865befa9dca43165e2558bacbb6b0aace126,11dc58be04f19882e99459984b6d3896491a9a75588573f1bda0458b4faef790,4,f06bbd4c46ce38736b666f8256a33f1a7556c124249fafef2fea27eb2fc06b51
261,5eb9573cc9e77c0008fa1ba6_3,vcgrp_9d0bbc00ae37362b91aa,5eb9573cc9e77c0008fa1ba6,929277511,Just Mercy,REFUTES,"Just Mercy is set to be released on December 24 , 2019 .","It had its world premiere at the Toronto International Film Festival on September 8 , 2019 , and is scheduled to be theatrically released on December 25 , 2019 , by Warner Bros. Pictures.",34,187,3,36fb7cf4307222f45299c5205a27c61f548a960141f8fdb8d627ee77f76a64e4,56d31cde731ebdb2a212324d0e0e5a46ed2d33f47876faf9c400b7acf56dc01c,0cde72d3fa487fbb9a10ca7789ad57dc3827abd5d2b137eba5ee426ccc89e2c2,8,3df76f2b02a381e1812ba16d0f157c3e58521b41b9765e8a0ead9f812cb0b9ff
262,5ebe6f2ec9e77c0008407d08_1,vcgrp_273b4195730225194ea2,5ebe6f2ec9e77c0008407d08,759772517,The Walking Dead-COLON- A New Frontier,SUPPORTS,Eleanor was critically wounded in The Walking Dead : A New Frontier .,"As they are leaving , the rival group returns , kills Mariana , and critically wounds Eleanor .",18,95,1,8d18e3e9c5a87cb990fec15136796dd7092db55dbc1b41e58e26614241da7b35,311d04d9628310352058129a1e62972b27a1f195280912ee252083c3dd198266,303dc14b52207a855ee2f10dbf3dbeb803372b1026e80a847d917d6aaf4bf1a1,4,8b098aa5fff8fe6565b104f9789c3822c4330ce30fda8638f270884bbf74a806
263,5ea2d97dc9e77c0009cdaa51_1,vcgrp_658848c406f3c2f9e8f1,5ea2d97dc9e77c0009cdaa51,520091069,Icebreaker,SUPPORTS,Modern icebreakers have side thrusters .,"A modern icebreaker typically has shielded propellers both at the bow and at the stern , as well as side thrusters ; pumps to move water ballast from side to side ; and holes on the hull below the waterline to eject air bubbles , all designed to allow an icebreaker stuck amidst thick ice to break free .",59,304,4,28506d4fa1c384b02bceadfa6c1054674c910eaf41c9024533d24eda7e3dcae8,62f78af064bccf98898f333fa09316295e8677558cda2a4ceed7a47a542650cb,e95fa94e857a3753fdd02e2c5a40419fc53db174169cdb6794f9413afadbd111,4,d330370670b290de4953b316414472309f8cf91118b537f4442524220bb1d679
264,5ebbf32ac9e77c0009294dff_2,vcgrp_245387c96257e024fe4e,5ebbf32ac9e77c0009294dff,473734935,Karen Darabedyan,SUPPORTS,Karen Darabedyan 's defeat against Daniel Straus was a unanimous decision .,"Instead , he faced Daniel Straus and lost the fight via unanimous decision.",13,75,1,639c6ae0ac08f5defacf51bcf09f9bd613d974f1b5a88897b09c61519d770ba7,9046378722e8d64c8b3e3beda171685235893f7413cbfd24f70a453bb6410eae,cfe2b2777755f15a9c8addc69c6a9f7fcdd62f9de68730258004c5f58bd9507b,1,229d101283fb42113d5fa9854aace7e06cdd524b2b6d35a368347b6979a709f8
265,5ee393b7c9e77c0008ccc4c5_3,vcgrp_693e047b481e59db6e4d,5ee393b7c9e77c0008ccc4c5,950988478,2020 coronavirus pandemic in Massachusetts,REFUTES,"Massachusetts had more than 27,000 cases of COVID-19 and more than 900 deaths .","Massachusetts had 26,867 cases , 2,340 hospitalizations , and 844 deaths due to COVID-19 .",15,90,1,9b1a2f0be06963b6aa5e89730cde2e1ae37520c0847e05618b6c32e52f8abb28,1bb331deb9464404f085bde58ffcb3d09bac3e90184c4e4f46ae881009c54997,8e0255a1b9fec0bf21d11535ecd4724b2aa5666c550964df2cb32afc9334b233,4,c8355df8c17c8f76e688564bb26880aec06a42002f45bc7d1a5a135908ee21e7
266,5ebe6f30c9e77c0008408a7f_4,vcgrp_94a7f41f268278fd3659,5ebe6f30c9e77c0008408a7f,628334559,Dolphin Tale 2,SUPPORTS,"After 72 reviews , `` Dolphin Tale 2 '' got a rating lower than 70 % on Rotten Tomatoes .","On Rotten Tomatoes , the film has a rating of 69 % , based on 72 reviews , with an average rating of 6/10 ; the consensus states : `` Much like its predecessor , Dolphin Tale 2 offers animal antics and sweet , old-fashioned drama that the whole family can enjoy . ''",54,266,4,ed074bade870a668368e944a35238f8dfa9c452102147152b2f865772331509e,37012eb0071e107c9f000d54803cb18720b0844a06513fb2a646ac369e444153,c717773ef7668bbaebb642302b706213a3356153a5dbadf88fa9e3fda7707ef2,2,c0ebd7ed39a66ed84bc9277274f338346462ca046953ed29217e6a9cfb2b2f6d
267,5ebbf32bc9e77c000929558d_3,vcgrp_30e90087153d4b2e4028,5ebbf32bc9e77c000929558d,864871499,Guardians of the Galaxy Vol. 2,REFUTES,Disney fired Gunn after hundreds of tweets about him having sexual relations with children resurfaced .,"3.However , in July 2018 , Disney cut ties with Gunn following the resurfacing of old , controversial tweets from Gunn .",22,120,2,16cbfaff45bc6cbe1bf823eaa7f0fee333e6606b482b2c6bae99a4c56513f5e6,ccb18563c2bfc4ca18bbd204a62a74b4e1e46ef25a6d949dc12118055b6aa3aa,8cc3983eaaee44cd2733868ee20ef37f5dad70cfe55c22817ed4ded1018887ba,4,02236742f5a45a6f4b56ca6134110091ce1718d95cbeba5be7b9f463c2ea8651
268,5eb29889c9e77c0008d94120_3,vcgrp_4ecfcd8338415c0a3fe8,5eb29889c9e77c0008d94120,882127767,Nicki Minaj discography,REFUTES,Nicki Minaj 's album Pink Friday : Roman Reloaded debuted in 2019 .,"Minaj 's second studio album , Pink Friday : Roman Reloaded ( 2012 ) , debuted at number one on the Billboard 200 .",24,115,2,7c0391161dbf3be2e7877f874ff546abe03a7824716a7b363e7341bc730c6af1,4f90c67028cbf2b95234857862022cbd8644b9b3b623e03a530e748d297451d2,a78cce33d8fd2a8090886a13de9135132299bb9af519ab6b3db40414be8a460d,4,930419bb582e208a833956c0fbb5f658d0049ab46f858fd37d93293d5b146ea5
269,5ed4de05c9e77c0008489a28_2,vcgrp_5e500fe215cee778f804,5ed4de05c9e77c0008489a28,779169416,National League South,REFUTES,The current champion of National League South is Sutton United .,The current champions are Maidenhead United.,6,44,1,c116814a52fe05b0f84975234385caa03dd76dcd421ed36987ef643f2745659a,5ecb209a0f6bfb1a57f6113451e48ad9a93c62b1389c6a738cea20d98bc84020,ce1eed41bb9c4c34583acfd19c319e3662353a4bb7cca7c936540e85a6e36837,4,8895050356b0f3bc47061b6baecc59848630e445bb0b0899799a81ba76ff43a0
270,5ebe6f29c9e77c00084073fa_2,vcgrp_2cefbebf09c540a8d014,5ebe6f29c9e77c00084073fa,673272241,Florence Welch,SUPPORTS,Florence Welch is in a romantic relationship with Isabella Summers .,"Welch is now currently in a very close romantic relationship with Isabella Summers , the keyboardist in the band .",20,114,1,3153665d355afdacfab17e593f50c325717fdd7b115b86e690ddc2f7bf4a85e5,7930b7a55dbd0a67d823fe3f6839d59e882d88524f146dc3764cd3b16ed32ee1,d1dc4e78f6ead7845cbbb9c65b83e9691f7404d287ae14dc3bb59e7808fe3fb6,1,7b7391ac1d164cdea405254d91644dea81b913a3cd30e4e567e0c15382fb30a9
271,5ed7ad01c9e77c00084a66e0_4,vcgrp_4ab3ffedfbb47ccf9643,5ed7ad01c9e77c00084a66e0,902434645,Brazil national football team,SUPPORTS,Brazil is represented in international men 's association football by the Brazil men 's national football team .,The Brazil men 's national football team ( ) represents Brazil in international men 's association football .,18,109,1,7699935afc0d2abdbd93b29d506740c572e277aed447eecbd2cdf8e54878fa81,ba6b42160a98111ca8666006b4d636d80f841e36b8ab0d0075c2614859209974,3a9bdb00efdea78a020b96f9ca23237acfc6b31e83112cb0820bbfa5cb5a530a,4,d64dd5dbb6f89b5141634d0f5fc503e390336b7c04edc65296d18d1a37a21a60
272,5ec5598bc9e77c000842be65_1,vcgrp_d5b530574d90aaa5c260,5ec5598bc9e77c000842be65,633193471,Fabricio Coloccini,SUPPORTS,Fabricio Coloccini scored against West Bromwich Albion on November 9 .,"On 9 November , Coloccini scored his first goal in three years with a header in Newcastle 's 2–0 away win over West Bromwich Albion.",25,132,2,b5fb89777e5886f71b9e586e49557ce36fb7e9014ba0bedf139889094f63c842,407423073491a534f5d76f97dcd44bf814ae4055b3922b6399604e09df201f05,27b5a349ef40c72aa4859b8eb9d296282c14afdfa30e3617a58626a3362fffe8,1,dc109b438fed5d8c8b0d28d41f3668204cd0585415f67c84773dc1862f554a56
273,5ee3932cc9e77c0008ccb192_3,vcgrp_70bb366708a241fae54a,5ee3932cc9e77c0008ccb192,948715593,2020 coronavirus pandemic in Africa,REFUTES,"As of 1 April 2020 , four African sovereign states have yet to report a COVID-19 case .","Experts say that experience battling Ebola helped some countries prepare for COVID-19.As of 1 April 2020 , five African sovereign states have yet to report a case of COVID-19 : Comoros , Lesotho , Malawi , South Sudan , and São Tomé and Príncipe.",44,246,4,203c19ed8c992fd33d1685c26be5f966d9cfb4586c1eb81ab3bbe020851da8ad,a693c2684337cacfd289215c8edb87bf6a7bbc25c26815dcef8a679ec4c18ba4,978814e490cd7d0815f0d2208d604ec7124efd530e45afbb809f2151c2f87e2d,4,979b85d9dde9bc48f4226dc58e4cd0f181ec18017f7aa30bda6963c3d5d1c962
274,5ece9461c9e77c000846638f_1,vcgrp_3d28f18a88fa457ce37c,5ece9461c9e77c000846638f,894353634,ATP Tour Masters 1000,SUPPORTS,Alexander Zverev won the 2017 Montreal Masters .,"Alexander Zverev made it to 5 finals and won 3 titles ( 2017 Rome , 2017 Montreal , and 2018 Madrid ) .",23,103,2,e4886ee5e3493a1a39e79341b96b702f56726fe5da95bf86210bcca02ecdd95f,c4c0f04e71ae574628627b08674e30dbcb8a19f44f5b08e8290cbfd45ed6cdd3,9d60345eb21f1a0c4a6e4f77499dd7273fe0bae83d2041648a3cbfb60f044994,2,0c0509664ecad902722e4292afc19923f68462b322363c71ebdab20e7d6d5d11
275,5ed7ad03c9e77c00084a7345_2,vcgrp_a06730203f992dcc6ea9,5ed7ad03c9e77c00084a7345,919314213,Marked for Death,REFUTES,Marked for Death scored under 50 % on Rotten Tomatoes .,"Rotten Tomatoes , a review aggregator , reports that 82 % of nine surveyed critics gave the film a positive review ; the average rating is 8.2/10 .",28,147,3,26a1650aa909f63a3cf212b888d40748af57a213d15750fab7b2a8f0e2078810,496330149b53e534fdce87a80f1e424534e82024e18e3215a5d3e46a4e4c5c16,a23514db77b72d1031ffdd9c86b7add14c59038d327308afc7cdff2e278ab64a,4,11f7d347a2b1f0df862c12ec8838122f68583ce5dbcaae38bbc2fc590d045f6d
276,5ece9461c9e77c000846638a_1,vcgrp_a856a7233c83f02deff9,5ece9461c9e77c000846638a,897873066,ATP Tour Masters 1000,SUPPORTS,"Previous tournaments held in Hamburg , Stuttgart , Essen/Stockholm are counted in the total number of ATP Tour Masters 1000 titles , in the Shanghai column .","Note : Previous tournaments held in Hamburg , Stuttgart , Essen/Stockholm are not shown in the table but are counted in the total number of titles ( in the Shanghai column ) .",33,175,3,a65a87b8645c6de84e878295ecab579d8be4dcb486a6f2fca2bf1d5f53028a02,9a6c5f8b7e7bb3e82193c958074207dce6e49d96a7edcef56b923bcadbcad64a,c0a3e72bf87eb8bcf45eb290c8b0f9286ac85ab41666f279de332700fb0abf97,1,eb77ea0cd34a85b4a42b33bb96eaff058f114737a59e2344a8c641bb6fe08720
277,5ec5598ec9e77c000842c6b1_1,vcgrp_0c49b18e364b391770d7,5ec5598ec9e77c000842c6b1,916210488,Languages of the United States,SUPPORTS,"Staten Island , in the United States , is home to more than 5,000 Sri Lankan Americans , a significant proportion of whom speak Tamil .","Bay Area Tamil Manram The New York City and Los Angeles metropolitan areas are home to the largest concentrations of Tamil-speaking Sri Lankan Americans , with New York City 's Staten Island alone estimated to be home to more than 5,000 Sri Lankan Americans , one of the largest Sri Lankan populations outside Sri Lanka itself , and a significant proportion of whom speak Tamil.",65,378,4,804db3677c68898f90a6815639a4a2870a7f2880616a565b7eb7ca41949e7e47,a4d327cf94b44c45760aa3ac655877d79413ed4abee3e3ebd5eb773f99128446,2c3f2d3691968aeb9447b1b19fc0f5cc91a512d29460dc840ba3dca4015fdab4,1,f6880813e1e1e9d582e3e7d8b208d4d79c40e0631c2509ba114b1ba54f6aca9e
278,5ebbf32bc9e77c000929533a_2,vcgrp_59f45ac968843aa28e9d,5ebbf32bc9e77c000929533a,927660597,Pokémon the Movie-COLON- The Power of Us,REFUTES,Pokémon The Movie : The Power of Us scored under 65 % on Rotten Tomatoes .,"`` The English release received mixed reviews from critics , but became the first Pokémon film to receive a fresh score on Rotten Tomatoes with a 67 % approval rating based on six reviews .",35,189,4,3a444176bab46bece3c57ad9b75c27b22fac740259f616d459bfd9b1ef2996ee,ce5fa963a6ce88469fb4761b840069abd4263a9b37cd8fb645a6cecf13b5089a,5f8018789069dfb1875cd5bb80be5404edeefec9847d80451555f9797b99e14b,4,fc80a77d43dc99bf584b4bad7b4e085c8380d418d0666fa1ecd9d95eb298d4c1
279,5eb29882c9e77c0008d921dd_2,vcgrp_6f6388d5aa4a07a03bd8,5eb29882c9e77c0008d921dd,767430555,House music,REFUTES,"As of 2016 , House Music remains famous globally .","As of 2017 , house music remains popular in both clubs and in the mainstream pop scene while retaining a foothold on underground scenes across the globe.",27,153,3,d7a480938e418672e3d8c57cc5ea2c0abeeb6c37cc59bd81982ff2e43228da02,42513e34a47d0278283e7c3d0ef6fed4e1556589cbb178e625738bb706f3b401,ceb6557246b681a2090b46ec5ba9cb8cdcf3404ed69dd2f8e3a8b84d8b4d89f4,4,ffb5cb017c9ee34da2379a12e29d2f232c655268715ce6588107d6c1d8119438
280,5eafed81c9e77c0009ce18d1_3,vcgrp_1339a636d615b4b3130c,5eafed81c9e77c0009ce18d1,753796619,Texas A&M Aggies football,REFUTES,Texas A & M has had more than 33 All Americans on Defense .,"Texas A & M has had 27 All-Americans on Offense , 33 All-Americans on Defense , and 11 All-Americans on Special Teams .",23,119,2,b6182b27ed63e19ff0428ccde0e21cfeb5f4a1a334a2a398f94857d7fd0079a4,60bc1ee26d7d1c6afbf223cae99a5f3762717768f85d07994258fcd84084bbf6,e39071b136720db2dd186ae81624f6d37c3bde351c1c97b1178d1fd7f8f4b79b,4,cb48c652723c7cbd165d4a3a89b4896e443a85af49ca06a70a5e2f35c6743185
281,5ea2d97dc9e77c0009cdb34e_3,vcgrp_9405a4507b7c245f3eea,5ea2d97dc9e77c0009cdb34e,642460369,Kingdom Hearts HD 2.5 Remix,REFUTES,Kingdom Hearts HD 2.5 Remix game received a rating of more than 82.41 % .,"Aggregating review websites GameRankings and Metacritic gave the game 82.41 % and 82/100 , respectively .",16,105,1,dc7ed37ee17ef6d574b4e74d3554cc28125880cb6e589d9c852a67f9f58129f5,a3ad054be8bb9b98fbc5c615cb6f9d2b088d2e09f51f75d72e9c0ad1d0f5c0bb,e967dd98056569458a4320a13e5cab6a62846dff8a0982e6c266b4fec57ef9f4,4,e984874bccea6566d76a36dc20fa013bc86243d802bcba93be5acd60b9abe0fd
282,5ede072fc9e77c00084d2f81_2,vcgrp_f2ee6ef92f857a38001d,5ede072fc9e77c00084d2f81,159274133,Stadio San Paolo,REFUTES,Stadio Giuseppe Meazza is the largest football stadium in Italy .,"Stadio San Paolo is a multi-use stadium in the western suburb of Fuorigrotta of Naples , Italy , and is the third largest football stadium in Italy after Stadio San Siro and Stadio Olimpico .",35,191,4,3c2eec8d8c2277168778a88e9f4b5d624d6f9fc24f9a89217edff334a421ba5a,5458746a2aa55ed2898c9c1731b7a45ed967c88c0ab734da04bae1749f132c60,01c3a96c412bbe58e949a847085791a2ec961b59134611763803f1f200c5cf7e,4,e6d297496518139a2c8d68f50a3f0af9891a0275b6079885459b4cae29b0a57c
283,5ed4de06c9e77c0008489b3c_4,vcgrp_695f41d8d2625e6901c6,5ed4de06c9e77c0008489b3c,769374959,Washington Redskins,SUPPORTS,"The Washington Redskins are a professional American football team based in Washington , D.C .","The Washington Redskins are a professional American football team based in the Washington , D.C. metropolitan area .",18,116,1,2b4845a1bf95f28a1e47e13019de0f0c2e32eae33d9a25b04379ef088beabed6,1cb8842ce6ab725c2f3654a6ba76dca4a891bf02c850303c00337798f16f7cd1,69ea9505257153d6978b903cffee1b701f6a0f9742200eb1fc2b231198ab915c,4,aa99eb83025515492686bce40a17cb116dde0539923558e3c2e1fa535d57aafb
284,5ed4de09c9e77c000848adc4_2,vcgrp_65fa2d6268a98d01a50a,5ed4de09c9e77c000848adc4,838569765,Shadow of the Tomb Raider,REFUTES,Shadow of the Tomb Raider was developed by Crystal Dynamics .,Shadow of the Tomb Raider is an upcoming action-adventure video game developed by Eidos Montréal and published by Square Enix .,21,127,2,f01eda7c3834ce589799f00ca7d899393811f68b0554abced83fa918386341f1,55552deec5c0e3a7cf7140363fc484e739462852fec657a37234adb0d1fd46b6,7a2dd254f6de584bda7b11b38e170baccba330c01fcac531f6075d798822687f,6,8f504c785c5a4225e63cb844448eee3100613280f1b5537da3f4b20bbbe0ffe4
285,5ebbf32bc9e77c00092957b6_3,vcgrp_a5850b74f6d534640031,5ebbf32bc9e77c00092957b6,913437885,Garfield-COLON- A Tail of Two Kitties,REFUTES,"Garfield : A Tail of Two Kitties has more than 73 reviews , with a rating of less than 3.5/10 on Rotten Tomatoes .","Rotten Tomatoes , a review aggregator , reports that 11 % of 73 surveyed critics gave the film a positive review ; the average rating is 3.5/10 .",28,145,3,7a31fbbea93ca887d05be910f95fec7e3f2e24886976c8ebd9823b0f4e381411,a4a29cb1a5a538fae25064dc4ff949faf2772fd5a397265fa45225698d63cf7d,c49d306156a236ce0ac57fa5d4ac0320adf2b11b698366474b6ef105bffc6fd0,5,595fa1ef92c6ec44099729d0a4517b19cf5f6f0be6038b43d826975f7788c76e
286,5ec7d50ec9e77c0008442746_1,vcgrp_e4ea601c3cefc98b6dbf,5ec7d50ec9e77c0008442746,748360442,Dulwich,SUPPORTS,Dulwich lies in a valley between the neighboring districts of Camberwell and Herne Hill .,"Dulwich lies in a valley between the neighbouring districts of Camberwell , Crystal Palace , Denmark Hill , Forest Hill , Herne Hill , Peckham and Sydenham Hill and was in Surrey until 1889 , when the County of London was created .",43,231,4,9823051271a088fb74f96e6c1859ea6bb9d7d80f978d4c0b5f545f03359d8ba0,b2290541ef88bab9e0fc22e145a68b422e1b1c091bee996621ff46004d99432c,17e11ea36f34bda63327594ea9ce981b307260ceeea7d33d0e97a7b34c485273,1,6a7835864d7c5a8bab7ea6d5c9f3680e2d9eaceceb71fb6ae91c674b89a0a8ac
287,5ee393b8c9e77c0008cccfc2_2,vcgrp_009b53484ea30e094413,5ee393b8c9e77c0008cccfc2,950744963,2020 coronavirus pandemic in the United Kingdom,SUPPORTS,The National Theatre 's archived contents were available for streaming during the pandemic .,"On 26 March the National Theatre launched National Theatre at Home , a two-month programme whereby a different production from its archives was streamed for free each week .",29,173,2,0133663e35941ea8396d9d2601fa3d47e045bd28be37262198cf90cb5d44559d,a66e7718ac9850203932296ed8d5fd753422f3ca28005f350949743c97206b2f,28d7d64e3caad3f212405ef1ec54eedd2d00b91640fec51536e5a379c850c8f4,1,b55cd2c8931120a1935552c88bedd1cce3e583c69eb347251b9f58b1f42dc8c9
288,5ec55991c9e77c000842df1d_2,vcgrp_dc85c3243b5344c94f2a,5ec55991c9e77c000842df1d,767487425,Gram stain,SUPPORTS,The Gram stain is almost always the first step in identification of bacterial organism .,The Gram stain is almost always the first step in the preliminary identification of a bacterial organism .,18,106,1,81f5aefc4f7e21768da99c81223c9d912be1e1594672f9826f3efcfe717b6257,983bc05beacf55f9784fe271435357f0d253fdcc3dfb06dd0fedbcbb7a773fa5,181dd0f299e21b35e6d4e4607bdcd87886c47b80e9dbf3cd304bf9c358182f51,1,130c20d4bb2049012d12a81efa1269aacc273791c99950747b8f678bd2a3de67
289,5ec284fcc9e77c0008415d79_3,vcgrp_ef0e5297d64a4089db1a,5ec284fcc9e77c0008415d79,722531476,2008 UEFA Champions League Final,REFUTES,Frank Lampard scored the second goal of the match against Manchester United in the 2008 UEFA Champions League Final .,"Cristiano Ronaldo opened the scoring for Manchester United in the 26th minute with a header from a cross by Wes Brown , but Didier Drogba equalised shortly before half-time .",30,174,3,c2ce026ae0d9f8e2ddf7987d2de2be2799c405545bf18954731ae93457821874,70e30cee2a597167964ab20850a74dc26dbd4899ba0d0b65be4c3fd53c7a4efa,3b1fbe47e677c6724b379b3bea7a26d8d60245fb832ad1cc2e87331d71beab03,4,bf47a3dcb04cafcf06450735925552fb4372c220abf520b97478ff36e86cfe21
290,5ed7ad02c9e77c00084a705f_2,vcgrp_300ad6d134d27e83b8c1,5ed7ad02c9e77c00084a705f,834372370,Tha Carter III,REFUTES,Tha Carter III was released before May 2008 .,"Tha Carter III is the sixth studio album by American rapper Lil Wayne , released on June 10 , 2008 , by Cash Money and Universal Motown .",28,137,3,7fc065d130918c6ec414ee153ebc55dfc120774bb546708e7aec007edda3f361,c06cffd948381925c360fc5227c26a7621caaaeb3c0160673a4e4e6992e182e3,3396ce75ed674ac55d0ed4c21f81df4dc678b8e17f92c616c14ef01b71e162ca,14,5e26aa88b287cfafb1bf11b86e396a25d036a779376082c3250897ea1b4e6e72
291,5eafed7ec9e77c0009ce0b8e_4,vcgrp_2b52c42b1b0f06c730d3,5eafed7ec9e77c0009ce0b8e,679334231,WWE 2K15,SUPPORTS,PlayStation 3 and Xbox 360 versions of the game WWE 2K15 run at more than 45 fps .,"The PlayStation 4 and Xbox One versions are displayed in 1080p resolution and run at 60 fps , while PlayStation 3 and Xbox 360 version are displayed in 720p resolution and run at 60 fps .",36,187,3,469e08d596af825b4a88021659175d8743d1f56f7ffb31b26b0ef772f2dba89c,1ad500c1926a2eab0ef22c06b39e7f4fe236d9e832171a552056783c4be90307,64c5d50170cc3dad3f4ffd7d1d2f4b8ebbf1dcaad07971c8de337e333cf7de67,4,9953e1c81f9caa922027811a5a211d9502445ea29bc19c4f12bb8a183aafb6c1
292,5ec284ffc9e77c0008417d85_2,vcgrp_96577a7bb6de79de4aee,5ec284ffc9e77c0008417d85,397387509,Ludlow Massacre,SUPPORTS,Two pregnant women were burnt to death in the Ludlow Massacre .,Two pregnant women and eleven children were asphyxiated and burned to death .,13,77,1,ff2f4dfec89ddfb52abf6a92ad25f5a7e59bb4473a9fcc3e5e167b7dcd4fb02e,0b3132184e9fa931b4f92663a40b40a72a2dc4db943151216868b4a3ee2f64b9,91909d5e443078f045a25f6746d3ad71bf9ab33b62e6170aa74ca13ef84758a2,1,3bd48c812b3de9efd47d3e107a86de871498f550ab05763345a5a3b44da24876
293,5ee3932ac9e77c0008cc9746_2,vcgrp_d2f50c88ff179b7e4bc3,5ee3932ac9e77c0008cc9746,951891188,2020 coronavirus pandemic in Sarawak,REFUTES,There were less than 405 confirmed cases of coronavirus in Sarawak as of 18 April 2020 .,"As of 19 April 2020 , there are 408 confirmed cases.",11,52,1,f0cf95ce3d4bba71e445ed7f9261bfb992e17958cdb7f598b1a288584a8847a4,836f216b024da5076fb96af58bc7dd6686d0e55c17e40b051987f34de88ce6e9,c0b6644512b3b5e0ac675800271d231d1cd0ee5ee3403e15dc9f165c6f944aeb,10,92049161f521157ed77dfe6eb50b84f9041cb44a227cddfe3086fa1a36da3b2b
294,5ec284fec9e77c0008417687_3,vcgrp_b5282ef0ae5f051dd325,5ec284fec9e77c0008417687,753272164,Claire Holt,REFUTES,Matt Kaplan was Claire Holt 's longtime boyfriend .,Holt became engaged to her longtime boyfriend Ryan Scott Vidrine in July 2015 .,14,79,1,27298e7206cf0d4bfb6e9eb37c1109a95a3d1e9035e4ab1eccd10237ba306c8b,ace917882ae15b818cbe4747d166e73a4442504743f09f0cd16aac434a09aad1,fbdddc645078680edb517a74d1d1ee02eb95505e586138d7d800c731e3e9f0a0,4,c85bfc45737e5b2c84956b359de7dc9219e1fa91394ad8e56b4f34c8f36374f5
295,5ebbf32bc9e77c0009295156_1,vcgrp_65bd87710a5717373b61,5ebbf32bc9e77c0009295156,839328209,Doc Rivers,SUPPORTS,Doc Rivers lives with his wife Kristen .,"He lives in Orlando , Florida , with his wife Kristen ; they have four children .",17,81,1,28c92853c1817890567ee34026bde27d41e0e76809c49ca3ebde65d51ceddfe5,a43cc567fe01c95683f5b14f6c82759389228c845297db89c239af9e74d1f484,96114ba3af8363ed507c57d58b4d181afe4d8e947ac67062c6566829cc6ac2c6,1,d689de239d8bdf87e3d7c4b90c9eb38164429045109e2c55fe0225574beaff54
296,5ee39419c9e77c0008ccf7f2_2,vcgrp_87be99f8b7a798714c59,5ee39419c9e77c0008ccf7f2,436579630,Hollow Man,REFUTES,Hallow Man received mixed reviews .,The film received negative reviews .,6,36,1,640ff19a622e850d9b3a904144dc686384c26600d46d6faa3fa78be53edaad35,31a09aff9f37946d218a561a73b73630e0b171bfcbd3b361e2be13222a80f7e1,9b10ec090bd869d71a329f3f577ab164f86a82f7df4acf13f7528478649e2f49,8,b5b13279597b5e6dbc95af7a1b7b73a5ffe8572291d2a255ed8adc2f75905899
297,5ee393b8c9e77c0008cccdd9_1,vcgrp_2961ba413e612837aefe,5ee393b8c9e77c0008cccdd9,951035142,2020 coronavirus pandemic in Washington -LRB-state-RRB-,SUPPORTS,"Before April 14 , 2020 , Washington had less than 10,600 coronavirus cases and under 520 fatalities .","Washington had 10,538 confirmed cases as of April 13 , 2020 and a total of 516 confirmed deaths .",19,97,1,6288dc82fe16cc046ce4f3921eb00f9c3fb133bd57de7de8377ee0acd720e669,88102ae23d684d14e398421492239a0ab600d5d39a33dd2049f7997b6f00f0e4,afe755b62930913762725e0d27c4156af3d2f56e1ca299e664b6bb4349ea6af4,12,48f12060d23f7b80b210ee72d3ce98ccdd93765b1b666dbeb59b4144393556c9
298,5ec55991c9e77c000842da9e_3,vcgrp_206ff8ce3a82908fa7d3,5ec55991c9e77c000842da9e,579866654,M. Chinnaswamy Stadium,REFUTES,The second highest score was 347-2 at the M. Chinnaswamy Stadium .,The second and third highest scores were tied at 338 in the India-England match .,15,81,1,f0e5f4d240d44251f7721433abaaf3a6ccf4617692e45e531f0f39f2864d4f49,2d937b0c5d593f3b46c00fc8de702ad12d1499122afef6e3cca6f3ab9741fbd6,34e2d3409e5e311d5f9cb6b2aad4a86e8f189585896bc2fd6cb828de7faeaedd,4,21264335550d1cbbf50c6cfe8399c291686aeaa9417f34567777e59ce96609f5
299,5ee3949bc9e77c0008ccfe8c_2,vcgrp_2769cc867aa77ed23256,5ee3949bc9e77c0008ccfe8c,598775930,P.S. I Love You -LRB-film-RRB-,REFUTES,Sharon and Denise find letters from Gerry at a house in the Irish countryside .,"They arrive at their destination , a house in the beautiful scotish countryside where they find letters from Gerry for Sharon & Denise , one asking Denise to take Holly to his favorite pub .",35,190,4,d0f59e88bca0e5533e8fb3e2a059af6f12bb9017f15e98f5bde44d5db8c9a3ab,a6a1dae29162e26d2e4714451493bd09507332d6d936b4885f9ac9a87913a90c,43c309f3b3e3c3c488e72b3b1e3dae4ecd89f97848fcf0028762282e778fce1a,8,b4062233c6a7f2d04b5e4cf6dd592b97616b1e65d2a643813723d3248c2ddb02
300,5ece9462c9e77c00084669e6_2,vcgrp_d2e5683e3134f3a6046f,5ece9462c9e77c00084669e6,628080187,Gears of War-COLON- Judgment,SUPPORTS,Gears of War : Judgment received mixed reviews .,"Gears of War : Judgment has received mixed to positive reviews , however it has received less critical acclaim than its predecessors .",23,134,2,ced058cc5203bce8932d90f1d1f273dcb3a391fdc6ce7ad8da67207257d40f6e,8d253d74c4622fc05a7bde84852384b1f21d8818278c92da27b3df765be28b02,ab8f2ab3f1d8332ab3d4bb63928df5eceb9421b4da64705485400575a144da6e,1,d9087914775534f11c2d5ff8c36b582dd24888300766f0992134b004db1f5be1
