model_key,provider,item_id,baseline_total_n40,baseline_valid_n40,baseline_invalid_n40,distinct_valid_labels_n40,U40,count40_ENTAILMENT,q40_ENTAILMENT,count40_NEUTRAL,q40_NEUTRAL,count40_CONTRADICTION,q40_CONTRADICTION,baseline_total_n50,baseline_valid_n50,baseline_invalid_n50,distinct_valid_labels_n50,U50,count50_ENTAILMENT,q50_ENTAILMENT,count50_NEUTRAL,q50_NEUTRAL,count50_CONTRADICTION,q50_CONTRADICTION,source,group_id,stratum,H,G
gemini_primary,gemini,mnli:100319e,40,40,0,1,-0.0,40,1.0,0,0.0,0,0.0,50,50,0,1,-0.0,50,1.0,0,0.0,0,0.0,mnli,related:2c70f2228d8b322053c9819a,4,0.8093391899010808,0.8312999999999999
gemini_primary,gemini,mnli:101245n,40,40,0,1,-0.0,40,1.0,0,0.0,0,0.0,50,50,0,1,-0.0,50,1.0,0,0.0,0,0.0,mnli,related:cd025cffd136ef90b92e43cd,2,0.5500768449304291,0.5697000000000001
gemini_primary,gemini,mnli:102923n,40,40,0,1,-0.0,0,0.0,40,1.0,0,0.0,50,50,0,1,-0.0,0,0.0,50,1.0,0,0.0,mnli,related:2afa59460ce40cb5f40585b1,1,0.4425792153219578,0.4616999999999998
gemini_primary,gemini,mnli:103354n,40,40,0,1,-0.0,40,1.0,0,0.0,0,0.0,50,50,0,1,-0.0,50,1.0,0,0.0,0,0.0,mnli,related:13612884c6f143784b9eef6d,1,0.47961229531682303,0.5147999999999999
gemini_primary,gemini,mnli:104395n,40,40,0,1,-0.0,0,0.0,40,1.0,0,0.0,50,50,0,1,-0.0,0,0.0,50,1.0,0,0.0,mnli,related:82cb3788c0b00b292ea5cb56,3,0.6650749297033755,0.7115999999999999
gemini_primary,gemini,mnli:105561n,40,40,0,1,-0.0,0,0.0,40,1.0,0,0.0,50,50,0,1,-0.0,0,0.0,50,1.0,0,0.0,mnli,related:3a0e95f63bed1f95abafd231,4,0.8152365782998114,0.8403
gemini_primary,gemini,mnli:105790e,40,40,0,1,-0.0,40,1.0,0,0.0,0,0.0,50,50,0,1,-0.0,50,1.0,0,0.0,0,0.0,mnli,related:3064da1a57b440a546aeabf2,1,0.4448532321246563,0.37320000000000003
gemini_primary,gemini,mnli:105911n,40,40,0,1,-0.0,0,0.0,40,1.0,0,0.0,50,50,0,1,-0.0,0,0.0,50,1.0,0,0.0,mnli,related:354268dcd462e6cc195a8195,4,0.8117014562291199,0.8349
gemini_primary,gemini,mnli:107020c,40,40,0,1,-0.0,0,0.0,0,0.0,40,1.0,50,50,0,1,-0.0,0,0.0,0,0.0,50,1.0,mnli,related:5bbaa8e9403f2d180143dbc4,5,0.9119722237214369,0.9117000000000001
gemini_primary,gemini,mnli:107302e,40,40,0,2,0.10641319994632661,39,0.975,1,0.025,0,0.0,50,50,0,2,0.15286935115005693,48,0.96,2,0.04,0,0.0,mnli,related:dff5ff76b264137c0e33decd,1,0.4425792153219578,0.4616999999999998
gemini_primary,gemini,mnli:108027e,40,40,0,1,-0.0,0,0.0,40,1.0,0,0.0,50,50,0,1,-0.0,0,0.0,50,1.0,0,0.0,mnli,related:6fa41e8911020e026d3ace6d,3,0.6997359065970814,0.6453000000000001
gemini_primary,gemini,mnli:108813n,40,40,0,1,-0.0,40,1.0,0,0.0,0,0.0,50,50,0,1,-0.0,50,1.0,0,0.0,0,0.0,mnli,related:7eeee26138ca622cc5b07e14,1,0.3154118522911846,0.29369999999999996
gemini_primary,gemini,mnli:109876n,40,40,0,1,-0.0,0,0.0,40,1.0,0,0.0,50,50,0,1,-0.0,0,0.0,50,1.0,0,0.0,mnli,related:639601cad27d2ecc35baea21,5,0.9713107216099229,0.9675
gemini_primary,gemini,mnli:111693e,40,40,0,1,-0.0,0,0.0,40,1.0,0,0.0,50,50,0,1,-0.0,0,0.0,50,1.0,0,0.0,mnli,related:e5a256d3ca27ce4ff101427f,5,0.975115363920752,0.9729000000000001
gemini_primary,gemini,mnli:112402c,40,40,0,1,-0.0,0,0.0,0,0.0,40,1.0,50,50,0,1,-0.0,0,0.0,0,0.0,50,1.0,mnli,related:4e49da2b5e92d1f37a98c720,5,0.9005609085670006,0.9069
gemini_primary,gemini,mnli:112547n,40,40,0,1,-0.0,0,0.0,40,1.0,0,0.0,50,50,0,1,-0.0,0,0.0,50,1.0,0,0.0,mnli,related:e34d79573919ad5b941f6a50,4,0.7583722676863826,0.8061000000000001
gemini_primary,gemini,mnli:114458n,40,40,0,1,-0.0,0,0.0,40,1.0,0,0.0,50,50,0,1,-0.0,0,0.0,50,1.0,0,0.0,mnli,related:0d39e3ebba0bfb2846bb93ed,5,0.8494778557207068,0.8667
gemini_primary,gemini,mnli:115173n,40,40,0,1,-0.0,0,0.0,40,1.0,0,0.0,50,50,0,1,-0.0,0,0.0,50,1.0,0,0.0,mnli,related:33103ccda91c06a4f01ef88f,1,0.5283125606810566,0.5379
gemini_primary,gemini,mnli:117894n,40,40,0,1,-0.0,0,0.0,40,1.0,0,0.0,50,50,0,1,-0.0,0,0.0,50,1.0,0,0.0,mnli,related:3d95500a728f0c500d236f2e,3,0.668760540379691,0.6902999999999999
gemini_primary,gemini,mnli:118141n,40,40,0,1,-0.0,40,1.0,0,0.0,0,0.0,50,50,0,1,-0.0,50,1.0,0,0.0,0,0.0,mnli,related:e9e5e927a894d9fa9b3f65d5,2,0.6265115205054576,0.6273000000000001
gemini_primary,gemini,mnli:118460n,40,40,0,1,-0.0,40,1.0,0,0.0,0,0.0,50,50,0,1,-0.0,50,1.0,0,0.0,0,0.0,mnli,related:d3c3938ec96b17734a585789,2,0.5642760147640484,0.5604000000000001
gemini_primary,gemini,mnli:122393n,40,40,0,1,-0.0,0,0.0,40,1.0,0,0.0,50,50,0,1,-0.0,0,0.0,50,1.0,0,0.0,mnli,related:8e93cc74274955f209f392b6,2,0.6310305925570608,0.6591000000000002
gemini_primary,gemini,mnli:123953e,40,40,0,1,-0.0,0,0.0,0,0.0,40,1.0,50,50,0,1,-0.0,0,0.0,0,0.0,50,1.0,mnli,related:8ba2267b808d4fba4d96adaf,5,0.9726371951521047,0.9686999999999999
gemini_primary,gemini,mnli:127410n,40,40,0,1,-0.0,0,0.0,0,0.0,40,1.0,50,50,0,1,-0.0,0,0.0,0,0.0,50,1.0,mnli,related:3e58a45b553faba55103fe8d,2,0.6357863828604826,0.5709000000000001
gemini_primary,gemini,mnli:127903c,40,40,0,1,-0.0,0,0.0,0,0.0,40,1.0,50,50,0,1,-0.0,0,0.0,0,0.0,50,1.0,mnli,related:f6978a75956091e1b10be905,5,0.9249552242689056,0.9123
gemini_primary,gemini,mnli:128160n,40,40,0,2,0.42210199594763664,33,0.825,7,0.175,0,0.0,50,50,0,2,0.4554859150035952,40,0.8,10,0.2,0,0.0,mnli,related:0f7da56dd43a4c7e41f140f3,2,0.6048685850552654,0.5463
gemini_primary,gemini,mnli:128497c,40,40,0,1,-0.0,0,0.0,40,1.0,0,0.0,50,50,0,1,-0.0,0,0.0,50,1.0,0,0.0,mnli,related:1c2a531312f2c4d7ad7c7ca2,4,0.7308435127689968,0.7868999999999999
gemini_primary,gemini,mnli:128832c,40,40,0,1,-0.0,0,0.0,40,1.0,0,0.0,50,50,0,1,-0.0,0,0.0,50,1.0,0,0.0,mnli,related:22a3aee2baae538f94428c69,4,0.7578031622544015,0.8051999999999999
gemini_primary,gemini,mnli:129360e,40,40,0,1,-0.0,40,1.0,0,0.0,0,0.0,50,50,0,1,-0.0,50,1.0,0,0.0,0,0.0,mnli,related:88f26cdceadf8acf59a3f3e3,2,0.6245611559639105,0.6830999999999999
gemini_primary,gemini,mnli:129601e,40,40,0,1,-0.0,40,1.0,0,0.0,0,0.0,50,50,0,1,-0.0,50,1.0,0,0.0,0,0.0,mnli,related:96329f105348c39e5b613f44,1,0.29590327428938457,0.2699999999999999
gemini_primary,gemini,mnli:130482c,40,40,0,1,-0.0,0,0.0,0,0.0,40,1.0,50,50,0,1,-0.0,0,0.0,0,0.0,50,1.0,mnli,related:84313ad2dd8af6dfa5a48826,3,0.6718663973271148,0.7587
gemini_primary,gemini,mnli:130680e,40,40,0,1,-0.0,40,1.0,0,0.0,0,0.0,50,50,0,1,-0.0,50,1.0,0,0.0,0,0.0,mnli,related:b8c27ad023aefd4b83f5049c,1,0.27538179412163355,0.24569999999999992
gemini_primary,gemini,mnli:130869c,40,40,0,2,0.6126016192893442,0,0.0,24,0.6,16,0.4,50,50,0,2,0.6126016192893442,0,0.0,30,0.6,20,0.4,mnli,related:59716dba32a0539946a3abae,4,0.7515090682546727,0.7188
gemini_primary,gemini,mnli:131261n,40,40,0,1,-0.0,40,1.0,0,0.0,0,0.0,50,50,0,1,-0.0,50,1.0,0,0.0,0,0.0,mnli,related:72ac97b96257ebbc10e83e88,4,0.7692552373208171,0.8024999999999999
gemini_primary,gemini,mnli:131461c,40,40,0,1,-0.0,0,0.0,0,0.0,40,1.0,50,50,0,1,-0.0,0,0.0,0,0.0,50,1.0,mnli,related:e94abdaae2ab1e0329f70696,4,0.7342271246466371,0.7923
gemini_primary,gemini,mnli:132019n,40,40,0,1,-0.0,40,1.0,0,0.0,0,0.0,50,50,0,1,-0.0,50,1.0,0,0.0,0,0.0,mnli,related:b29a357fc441619574364329,2,0.6257309858938136,0.5925
gemini_primary,gemini,mnli:132539e,40,40,0,3,0.9089460785096519,20,0.5,6,0.15,14,0.35,50,50,0,3,0.9455672104350705,24,0.48,10,0.2,16,0.32,mnli,related:202b696bb9c94dbb26ca2156,5,0.9007944381210607,0.9012
gemini_primary,gemini,mnli:133433e,40,40,0,1,-0.0,0,0.0,40,1.0,0,0.0,50,50,0,1,-0.0,0,0.0,50,1.0,0,0.0,mnli,related:d32bcf20fb9ae456dfac7405,5,0.9522267321171792,0.9519000000000001
gemini_primary,gemini,mnli:133966e,40,40,0,1,-0.0,40,1.0,0,0.0,0,0.0,50,50,0,1,-0.0,50,1.0,0,0.0,0,0.0,mnli,related:5d6e1374973fcb92ba275840,4,0.7487513982482873,0.7413
gemini_primary,gemini,mnli:134356n,40,40,0,1,-0.0,40,1.0,0,0.0,0,0.0,50,50,0,1,-0.0,50,1.0,0,0.0,0,0.0,mnli,related:f1caf01bbd568cb929d5a08c,2,0.5857991584114902,0.5916
gemini_primary,gemini,mnli:135449n,40,40,0,2,0.6126016192893442,16,0.4,24,0.6,0,0.0,50,50,0,2,0.6192284641353301,21,0.42,29,0.58,0,0.0,mnli,related:ad7ded14496a37636b11e27a,5,0.884642930879194,0.8679
gemini_primary,gemini,mnli:136860c,40,40,0,1,-0.0,0,0.0,40,1.0,0,0.0,50,50,0,1,-0.0,0,0.0,50,1.0,0,0.0,mnli,related:94e409aee0c03f60f0f84c9a,5,0.8231872352784078,0.7958999999999999
gemini_primary,gemini,mnli:137399e,40,40,0,1,-0.0,0,0.0,40,1.0,0,0.0,50,50,0,1,-0.0,0,0.0,50,1.0,0,0.0,mnli,related:9d8aecc4f7be7deb45f39de1,2,0.5602004156954052,0.5847000000000001
gemini_primary,gemini,mnli:13760c,40,40,0,1,-0.0,0,0.0,0,0.0,40,1.0,50,50,0,1,-0.0,0,0.0,0,0.0,50,1.0,mnli,related:9cbe55a1c3c42390af99d893,3,0.6956079776687244,0.7599000000000001
gemini_primary,gemini,mnli:138227e,40,40,0,1,-0.0,0,0.0,40,1.0,0,0.0,50,50,0,1,-0.0,0,0.0,50,1.0,0,0.0,mnli,related:2180ef2d2c00481401b48665,1,0.3628856744706107,0.29910000000000003
gemini_primary,gemini,mnli:13911n,40,40,0,1,-0.0,0,0.0,0,0.0,40,1.0,50,50,0,1,-0.0,0,0.0,0,0.0,50,1.0,mnli,related:12c35ea88fda20302d734c2c,5,0.8853971727493658,0.8853000000000001
gemini_primary,gemini,mnli:139481e,40,40,0,1,-0.0,40,1.0,0,0.0,0,0.0,50,50,0,1,-0.0,50,1.0,0,0.0,0,0.0,mnli,related:501bb9677ba38385cf883039,2,0.6062557151083064,0.5979000000000001
gemini_primary,gemini,mnli:141321n,40,40,0,1,-0.0,0,0.0,0,0.0,40,1.0,50,50,0,1,-0.0,0,0.0,0,0.0,50,1.0,mnli,related:a5adea06a8f1b7e6f21ebefa,4,0.8120130853909596,0.7893
gemini_primary,gemini,mnli:141525e,40,40,0,1,-0.0,40,1.0,0,0.0,0,0.0,50,50,0,1,-0.0,50,1.0,0,0.0,0,0.0,mnli,related:2c33538bf9baf1365adc769e,4,0.7391392620766545,0.7563
gemini_primary,gemini,mnli:142630n,40,40,0,1,-0.0,0,0.0,40,1.0,0,0.0,50,50,0,1,-0.0,0,0.0,50,1.0,0,0.0,mnli,related:a631841fc16aa0ba8a756c85,3,0.7068069462659552,0.7778999999999999
gemini_primary,gemini,mnli:15110n,40,40,0,1,-0.0,0,0.0,40,1.0,0,0.0,50,50,0,1,-0.0,0,0.0,50,1.0,0,0.0,mnli,related:a197edd3174cb80d8bf4e7ef,5,0.949021664825559,0.9453
gemini_primary,gemini,mnli:16086n,40,40,0,1,-0.0,0,0.0,40,1.0,0,0.0,50,50,0,1,-0.0,0,0.0,50,1.0,0,0.0,mnli,related:b619b7521d32f00c3daaa74b,5,0.8537881944388862,0.8627999999999999
gemini_primary,gemini,mnli:16521n,40,40,0,1,-0.0,0,0.0,0,0.0,40,1.0,50,50,0,1,-0.0,0,0.0,0,0.0,50,1.0,mnli,related:fc6f269339731edc3a43a2d9,3,0.6755492768969195,0.7647
gemini_primary,gemini,mnli:16835n,40,40,0,1,-0.0,0,0.0,40,1.0,0,0.0,50,50,0,1,-0.0,0,0.0,50,1.0,0,0.0,mnli,related:cc3c434c07dd8f232230c049,2,0.6180439169521745,0.6728999999999998
gemini_primary,gemini,mnli:17660e,40,40,0,1,-0.0,0,0.0,40,1.0,0,0.0,50,50,0,1,-0.0,0,0.0,50,1.0,0,0.0,mnli,related:e5a0e5aa51f311d3ef47cf72,3,0.6757771722222379,0.7284
gemini_primary,gemini,mnli:18086n,40,40,0,1,-0.0,0,0.0,40,1.0,0,0.0,50,50,0,1,-0.0,0,0.0,50,1.0,0,0.0,mnli,related:35a32e2c82fc13d7db9746b0,3,0.6924176276387906,0.7548
gemini_primary,gemini,mnli:19208c,40,40,0,1,-0.0,0,0.0,40,1.0,0,0.0,50,50,0,1,-0.0,0,0.0,50,1.0,0,0.0,mnli,related:4743fb25e740c6c469fccb60,3,0.6744454683101251,0.7628999999999999
gemini_primary,gemini,mnli:19768e,40,40,0,1,-0.0,0,0.0,40,1.0,0,0.0,50,50,0,1,-0.0,0,0.0,50,1.0,0,0.0,mnli,related:279344c8f0a5e6d3cdc4ec6a,4,0.7756368676378311,0.7688999999999999
gemini_primary,gemini,mnli:2043n,40,40,0,1,-0.0,0,0.0,40,1.0,0,0.0,50,50,0,1,-0.0,0,0.0,50,1.0,0,0.0,mnli,related:82311f72927e0ae820c7dd86,4,0.8152365782998114,0.8403
gemini_primary,gemini,mnli:21420e,40,40,0,1,-0.0,40,1.0,0,0.0,0,0.0,50,50,0,1,-0.0,50,1.0,0,0.0,0,0.0,mnli,related:a9f24fd08bf0645f4a9fe3f4,2,0.5857991584114902,0.5916
gemini_primary,gemini,mnli:22235c,40,40,0,1,-0.0,0,0.0,40,1.0,0,0.0,50,50,0,1,-0.0,0,0.0,50,1.0,0,0.0,mnli,related:40470e67d268d5d7609173ec,5,0.9615814646507949,0.9597000000000001
gemini_primary,gemini,mnli:22938e,40,40,0,2,0.34295098019812775,35,0.875,5,0.125,0,0.0,50,50,0,2,0.3339895202861302,44,0.88,6,0.12,0,0.0,mnli,related:b5fae59cae16dcb1a71cc89f,3,0.6758559519668015,0.7011
gemini_primary,gemini,mnli:24043e,40,40,0,1,-0.0,40,1.0,0,0.0,0,0.0,50,50,0,1,-0.0,50,1.0,0,0.0,0,0.0,mnli,related:b479dc1f20eef780811da339,1,0.47101421773437824,0.4323
gemini_primary,gemini,mnli:24755e,40,40,0,1,-0.0,0,0.0,40,1.0,0,0.0,50,50,0,1,-0.0,0,0.0,50,1.0,0,0.0,mnli,related:2a7b1455725ed7fefe9339cc,2,0.5642760147640484,0.5604000000000001
gemini_primary,gemini,mnli:24929e,40,40,0,1,-0.0,40,1.0,0,0.0,0,0.0,50,50,0,1,-0.0,50,1.0,0,0.0,0,0.0,mnli,related:76a4e9adb0dfe79cd0dd5a19,1,0.5333692724423735,0.46440000000000015
gemini_primary,gemini,mnli:2529c,40,40,0,1,-0.0,0,0.0,0,0.0,40,1.0,50,50,0,1,-0.0,0,0.0,0,0.0,50,1.0,mnli,related:11d4e96822fc77a8a345b4a5,1,0.5007746265697037,0.4718999999999998
gemini_primary,gemini,mnli:26372n,40,40,0,1,-0.0,0,0.0,40,1.0,0,0.0,50,50,0,1,-0.0,0,0.0,50,1.0,0,0.0,mnli,related:0f1adf5e0081c3c51ae1e10a,3,0.7028980344324497,0.7716
gemini_primary,gemini,mnli:28306c,40,40,0,1,-0.0,0,0.0,0,0.0,40,1.0,50,50,0,1,-0.0,0,0.0,0,0.0,50,1.0,mnli,related:5ad72d42bba5575ca688bc0a,4,0.7577945484203429,0.7131000000000001
gemini_primary,gemini,mnli:28456n,40,40,0,1,-0.0,0,0.0,40,1.0,0,0.0,50,50,0,1,-0.0,0,0.0,50,1.0,0,0.0,mnli,related:c59cffb20389eac54c5c00ad,2,0.6111063202213676,0.6620999999999999
gemini_primary,gemini,mnli:28459c,40,40,0,1,-0.0,0,0.0,40,1.0,0,0.0,50,50,0,1,-0.0,0,0.0,50,1.0,0,0.0,mnli,related:7c5457fdfe9ed90bf7b6cff6,2,0.621980038474333,0.7353000000000002
gemini_primary,gemini,mnli:304n,40,40,0,1,-0.0,40,1.0,0,0.0,0,0.0,50,50,0,1,-0.0,50,1.0,0,0.0,0,0.0,mnli,related:2cc0b76ca7c99fb7978b9001,1,0.49162518731895233,0.4856999999999998
gemini_primary,gemini,mnli:30592n,40,40,0,1,-0.0,0,0.0,40,1.0,0,0.0,50,50,0,1,-0.0,0,0.0,50,1.0,0,0.0,mnli,related:efdc58e5fbfc43d44000fe01,1,0.4642348715761745,0.44790000000000013
gemini_primary,gemini,mnli:31249e,40,40,0,1,-0.0,40,1.0,0,0.0,0,0.0,50,50,0,1,-0.0,50,1.0,0,0.0,0,0.0,mnli,related:e6cb4ce55472eb9a14339504,1,0.45563901376787413,0.3756000000000001
gemini_primary,gemini,mnli:32196n,40,40,0,1,-0.0,0,0.0,40,1.0,0,0.0,50,50,0,1,-0.0,0,0.0,50,1.0,0,0.0,mnli,related:b582827bd3ea1fb98abacba4,5,0.8858931682915012,0.8927999999999999
gemini_primary,gemini,mnli:33822c,40,40,0,1,-0.0,0,0.0,40,1.0,0,0.0,50,50,0,1,-0.0,0,0.0,50,1.0,0,0.0,mnli,related:23f585665d5efc1ae0f5f590,4,0.7623516473575125,0.7406999999999999
gemini_primary,gemini,mnli:33822n,40,40,0,1,-0.0,0,0.0,40,1.0,0,0.0,50,50,0,1,-0.0,0,0.0,50,1.0,0,0.0,mnli,related:23f585665d5efc1ae0f5f590,2,0.573352180603001,0.5072999999999998
gemini_primary,gemini,mnli:35138c,40,40,0,1,-0.0,0,0.0,0,0.0,40,1.0,50,50,0,1,-0.0,0,0.0,0,0.0,50,1.0,mnli,related:2d5fdc4b30b2d9e2fc637f9e,3,0.6694469613799563,0.6537
gemini_primary,gemini,mnli:35422c,40,40,0,1,-0.0,0,0.0,40,1.0,0,0.0,50,50,0,1,-0.0,0,0.0,50,1.0,0,0.0,mnli,related:a0ad4592449c37dbaca2c062,3,0.7236149531707791,0.7052999999999999
gemini_primary,gemini,mnli:37633n,40,40,0,1,-0.0,0,0.0,40,1.0,0,0.0,50,50,0,1,-0.0,0,0.0,50,1.0,0,0.0,mnli,related:5b1c86d6d70266026e88ac33,1,0.4342537851754369,0.40770000000000023
gemini_primary,gemini,mnli:3839c,40,40,0,1,-0.0,0,0.0,0,0.0,40,1.0,50,50,0,1,-0.0,0,0.0,0,0.0,50,1.0,mnli,related:cf2a727ab26853fff51202d8,4,0.7463685701896878,0.7871999999999999
gemini_primary,gemini,mnli:38421n,40,40,0,1,-0.0,0,0.0,40,1.0,0,0.0,50,50,0,1,-0.0,0,0.0,50,1.0,0,0.0,mnli,related:d4f3b2e89d25c02b736fcefb,1,0.3414518657897441,0.2747999999999999
gemini_primary,gemini,mnli:38784n,40,40,0,1,-0.0,0,0.0,0,0.0,40,1.0,50,50,0,1,-0.0,0,0.0,0,0.0,50,1.0,mnli,related:bfa334630c362ce94b33be8f,3,0.715171354568791,0.7388999999999999
gemini_primary,gemini,mnli:38925n,40,40,0,1,-0.0,0,0.0,40,1.0,0,0.0,50,50,0,1,-0.0,0,0.0,50,1.0,0,0.0,mnli,related:d9f7d38368c97a507e130adb,4,0.8175878511739982,0.8439
gemini_primary,gemini,mnli:40099c,40,40,0,1,-0.0,0,0.0,40,1.0,0,0.0,50,50,0,1,-0.0,0,0.0,50,1.0,0,0.0,mnli,related:1ef35842584fa84d5aea4b52,3,0.7268051630788016,0.7377
gemini_primary,gemini,mnli:40100e,40,40,0,1,-0.0,40,1.0,0,0.0,0,0.0,50,50,0,1,-0.0,50,1.0,0,0.0,0,0.0,mnli,related:7290a29d986998625dafab55,1,0.2113264425412527,0.1443000000000001
gemini_primary,gemini,mnli:43094c,40,40,0,1,-0.0,0,0.0,40,1.0,0,0.0,50,50,0,1,-0.0,0,0.0,50,1.0,0,0.0,mnli,related:9917a1b6d4056ad6e12eaefa,3,0.6755492768969195,0.7647
gemini_primary,gemini,mnli:43897e,40,40,0,1,-0.0,40,1.0,0,0.0,0,0.0,50,50,0,1,-0.0,50,1.0,0,0.0,0,0.0,mnli,related:a38f18581c8c2962ed1a78b8,3,0.7049911514071078,0.7461000000000001
gemini_primary,gemini,mnli:44834n,40,40,0,1,-0.0,0,0.0,0,0.0,40,1.0,50,50,0,1,-0.0,0,0.0,0,0.0,50,1.0,mnli,related:a51c410455c3213baff97ac8,5,0.9715040828476419,0.9708
gemini_primary,gemini,mnli:45089c,40,40,0,1,-0.0,0,0.0,40,1.0,0,0.0,50,50,0,1,-0.0,0,0.0,50,1.0,0,0.0,mnli,related:a5c8944f8857ab7fe6a92b7c,2,0.628013873115187,0.7451999999999999
gemini_primary,gemini,mnli:45749n,40,40,0,1,-0.0,0,0.0,40,1.0,0,0.0,50,50,0,1,-0.0,0,0.0,50,1.0,0,0.0,mnli,related:6c4df4d2f61d6d632ae70bb0,4,0.7883776764439291,0.7691999999999999
gemini_primary,gemini,mnli:45957e,40,40,0,2,0.6297914799805243,0,0.0,21,0.525,19,0.475,50,50,0,2,0.6243602109020209,0,0.0,28,0.56,22,0.44,mnli,related:9ccd616447285f06dabd69a5,5,0.9776876721714716,0.9753000000000001
gemini_primary,gemini,mnli:46063n,40,40,0,2,0.29590327428938457,36,0.9,4,0.1,0,0.0,50,50,0,2,0.2537468173658883,46,0.92,4,0.08,0,0.0,mnli,related:ffd37bc1a0aef6c1f603bf8f,1,0.40140466230784827,0.3651000000000001
gemini_primary,gemini,mnli:46576e,40,40,0,1,-0.0,0,0.0,40,1.0,0,0.0,50,50,0,1,-0.0,0,0.0,50,1.0,0,0.0,mnli,related:8cb077be511f327863ca6525,3,0.7236149531707791,0.7052999999999999
gemini_primary,gemini,mnli:46820e,40,40,0,1,-0.0,0,0.0,40,1.0,0,0.0,50,50,0,1,-0.0,0,0.0,50,1.0,0,0.0,mnli,related:9fa72acd204b6cc14d284bb4,5,0.8541738385892101,0.8546999999999998
gemini_primary,gemini,mnli:49123n,40,40,0,1,-0.0,0,0.0,40,1.0,0,0.0,50,50,0,1,-0.0,0,0.0,50,1.0,0,0.0,mnli,related:9f0bced239549d9c195919b2,5,0.8629306843873523,0.8763000000000001
gemini_primary,gemini,mnli:49237c,40,40,0,1,-0.0,0,0.0,0,0.0,40,1.0,50,50,0,1,-0.0,0,0.0,0,0.0,50,1.0,mnli,related:452b06175c4f1ee01ec31ccc,1,0.27538179412163355,0.24569999999999992
gemini_primary,gemini,mnli:49434n,40,40,0,1,-0.0,40,1.0,0,0.0,0,0.0,50,50,0,1,-0.0,50,1.0,0,0.0,0,0.0,mnli,related:edce35e0ba4f9e31c22fd842,1,0.3339895202861302,0.3168000000000001
gemini_primary,gemini,mnli:50830n,40,40,0,1,-0.0,0,0.0,40,1.0,0,0.0,50,50,0,1,-0.0,0,0.0,50,1.0,0,0.0,mnli,related:f60b5eb3a5aa1303a78bf47f,5,0.8454701750069316,0.8607000000000001
gemini_primary,gemini,mnli:52542n,40,40,0,1,-0.0,0,0.0,40,1.0,0,0.0,50,50,0,1,-0.0,0,0.0,50,1.0,0,0.0,mnli,related:f732fbb79406fb9edea3abbd,1,0.44958379862776376,0.4281
gemini_primary,gemini,mnli:52806e,40,40,0,1,-0.0,40,1.0,0,0.0,0,0.0,50,50,0,1,-0.0,50,1.0,0,0.0,0,0.0,mnli,related:737f7bd31a979e3beb0f04ad,2,0.5857991584114902,0.5916
gemini_primary,gemini,mnli:53074n,40,40,0,1,-0.0,0,0.0,40,1.0,0,0.0,50,50,0,1,-0.0,0,0.0,50,1.0,0,0.0,mnli,related:db3fedad9c9934412991197f,3,0.7246575639373701,0.6969000000000002
gemini_primary,gemini,mnli:53171n,40,40,0,1,-0.0,0,0.0,40,1.0,0,0.0,50,50,0,1,-0.0,0,0.0,50,1.0,0,0.0,mnli,related:ccce06ebd1c87a751ec09343,4,0.7742698177315943,0.8103
gemini_primary,gemini,mnli:53415n,40,40,0,1,-0.0,0,0.0,40,1.0,0,0.0,50,50,0,1,-0.0,0,0.0,50,1.0,0,0.0,mnli,related:f9482c77761f63c350fab2c3,2,0.5998073091663122,0.6992999999999999
gemini_primary,gemini,mnli:53953n,40,40,0,1,-0.0,40,1.0,0,0.0,0,0.0,50,50,0,1,-0.0,50,1.0,0,0.0,0,0.0,mnli,related:dd0808329870bc3f86753f95,1,0.32549360171832303,0.27269999999999994
gemini_primary,gemini,mnli:55888c,40,40,0,1,-0.0,0,0.0,40,1.0,0,0.0,50,50,0,1,-0.0,0,0.0,50,1.0,0,0.0,mnli,related:a485d9437ffa5418c5c17330,4,0.8117014562291199,0.8349
gemini_primary,gemini,mnli:58357c,40,40,0,1,-0.0,0,0.0,40,1.0,0,0.0,50,50,0,1,-0.0,0,0.0,50,1.0,0,0.0,mnli,related:af894faf77e839b77ceb5215,2,0.6000430042650235,0.5712
gemini_primary,gemini,mnli:58377n,40,40,0,1,-0.0,0,0.0,40,1.0,0,0.0,50,50,0,1,-0.0,0,0.0,50,1.0,0,0.0,mnli,related:39ae8c37a88d926801eb872f,2,0.5959406540511122,0.6387000000000002
gemini_primary,gemini,mnli:62273n,40,40,0,1,-0.0,0,0.0,40,1.0,0,0.0,50,50,0,1,-0.0,0,0.0,50,1.0,0,0.0,mnli,related:e10d538a734636e0b662c8ed,5,0.8342021906516291,0.8556
gemini_primary,gemini,mnli:62287n,40,40,0,1,-0.0,0,0.0,40,1.0,0,0.0,50,50,0,1,-0.0,0,0.0,50,1.0,0,0.0,mnli,related:2de7922e8bc2da3d77970230,5,0.8979267872267827,0.8853
gemini_primary,gemini,mnli:63751e,40,40,0,1,-0.0,40,1.0,0,0.0,0,0.0,50,50,0,1,-0.0,50,1.0,0,0.0,0,0.0,mnli,related:3006cd744b773e311695e33c,3,0.7210194362354154,0.7713
gemini_primary,gemini,mnli:65066n,40,40,0,1,-0.0,0,0.0,40,1.0,0,0.0,50,50,0,1,-0.0,0,0.0,50,1.0,0,0.0,mnli,related:e77cc5a46c91c635c67c71d6,2,0.6310305925570608,0.6591000000000002
gemini_primary,gemini,mnli:65650e,40,40,0,1,-0.0,0,0.0,40,1.0,0,0.0,50,50,0,1,-0.0,0,0.0,50,1.0,0,0.0,mnli,related:afcab309e278b891ca79abbb,3,0.6718663973271148,0.7587
gemini_primary,gemini,mnli:66937n,40,40,0,1,-0.0,0,0.0,40,1.0,0,0.0,50,50,0,1,-0.0,0,0.0,50,1.0,0,0.0,mnli,related:f780c74702e02ef1fa73cc9c,3,0.688759043111807,0.7208999999999999
gemini_primary,gemini,mnli:69906c,40,40,0,1,-0.0,0,0.0,40,1.0,0,0.0,50,50,0,1,-0.0,0,0.0,50,1.0,0,0.0,mnli,related:5224d8be5550014b94a2602f,5,0.9001423155764294,0.9063000000000001
gemini_primary,gemini,mnli:70590c,40,40,0,1,-0.0,0,0.0,40,1.0,0,0.0,50,50,0,1,-0.0,0,0.0,50,1.0,0,0.0,mnli,related:f7c3c4ca3021e9e5fe5b6472,3,0.6755492768969195,0.7647
gemini_primary,gemini,mnli:7096n,40,40,0,1,-0.0,0,0.0,40,1.0,0,0.0,50,50,0,1,-0.0,0,0.0,50,1.0,0,0.0,mnli,related:6bf113c6436d9e2a5b2f625b,2,0.5957997201315275,0.6063000000000002
gemini_primary,gemini,mnli:71099n,40,40,0,1,-0.0,0,0.0,40,1.0,0,0.0,50,50,0,1,-0.0,0,0.0,50,1.0,0,0.0,mnli,related:24b250830c6c271c5d556d4c,2,0.6310305925570608,0.6591000000000002
gemini_primary,gemini,mnli:71273c,40,40,0,1,-0.0,0,0.0,0,0.0,40,1.0,50,50,0,1,-0.0,0,0.0,0,0.0,50,1.0,mnli,related:9d28040da51445bf9aa59329,1,0.451669263803415,0.37470000000000003
gemini_primary,gemini,mnli:73156e,40,40,0,1,-0.0,40,1.0,0,0.0,0,0.0,50,50,0,1,-0.0,50,1.0,0,0.0,0,0.0,mnli,related:c828e378223d5ccbd49877d1,4,0.7756368676378311,0.7688999999999999
gemini_primary,gemini,mnli:73278n,40,40,0,2,0.556032649876389,28,0.7,12,0.3,0,0.0,50,50,0,2,0.5216188850628637,37,0.74,13,0.26,0,0.0,mnli,related:c400b070ce6d15a1ce26d2da,5,0.9247548024237994,0.9249
gemini_primary,gemini,mnli:7531e,40,40,0,1,-0.0,40,1.0,0,0.0,0,0.0,50,50,0,1,-0.0,50,1.0,0,0.0,0,0.0,mnli,related:f8305cc21461b5dd32274b51,1,0.40020477099739327,0.4032000000000002
gemini_primary,gemini,mnli:75838n,40,40,0,1,-0.0,0,0.0,40,1.0,0,0.0,50,50,0,1,-0.0,0,0.0,50,1.0,0,0.0,mnli,related:27520517d2e62a4d9db63007,4,0.751717230216656,0.7956
gemini_primary,gemini,mnli:77175c,40,40,0,1,-0.0,0,0.0,40,1.0,0,0.0,50,50,0,1,-0.0,0,0.0,50,1.0,0,0.0,mnli,related:57ca63d53369e22bbfa62ad8,5,0.8853971727493658,0.8853000000000001
gemini_primary,gemini,mnli:77175n,40,40,0,1,-0.0,0,0.0,40,1.0,0,0.0,50,50,0,1,-0.0,0,0.0,50,1.0,0,0.0,mnli,related:57ca63d53369e22bbfa62ad8,4,0.7391392620766545,0.7563
gemini_primary,gemini,mnli:77875e,40,40,0,1,-0.0,40,1.0,0,0.0,0,0.0,50,50,0,1,-0.0,50,1.0,0,0.0,0,0.0,mnli,related:3b575a0e4a9c50ce306393e5,1,0.5315861401853634,0.4796999999999998
gemini_primary,gemini,mnli:79141e,40,40,0,1,-0.0,0,0.0,40,1.0,0,0.0,50,50,0,1,-0.0,0,0.0,50,1.0,0,0.0,mnli,related:290fd1e64445012342f0bbf4,3,0.7073644291464858,0.7788
gemini_primary,gemini,mnli:79507e,40,40,0,1,-0.0,0,0.0,40,1.0,0,0.0,50,50,0,1,-0.0,0,0.0,50,1.0,0,0.0,mnli,related:26591d8f948d86b48deec83c,1,0.5118595071429147,0.5625
gemini_primary,gemini,mnli:80643n,40,40,0,1,-0.0,0,0.0,40,1.0,0,0.0,50,50,0,1,-0.0,0,0.0,50,1.0,0,0.0,mnli,related:4a80bc062537c8291f767653,5,0.9747494803238276,0.9716999999999999
gemini_primary,gemini,mnli:80930n,40,40,0,1,-0.0,40,1.0,0,0.0,0,0.0,50,50,0,1,-0.0,50,1.0,0,0.0,0,0.0,mnli,related:26f841597c4cdc9b42f538ba,4,0.7568541031570768,0.8037000000000001
gemini_primary,gemini,mnli:81469n,40,40,0,1,-0.0,0,0.0,40,1.0,0,0.0,50,50,0,1,-0.0,0,0.0,50,1.0,0,0.0,mnli,related:780c280678bb1e75278bbb52,1,0.49162518731895233,0.4856999999999998
gemini_primary,gemini,mnli:81579e,40,40,0,1,-0.0,0,0.0,40,1.0,0,0.0,50,50,0,1,-0.0,0,0.0,50,1.0,0,0.0,mnli,related:f4d979be2d003e79724cc3f7,2,0.574559939675675,0.5363999999999999
gemini_primary,gemini,mnli:81812e,40,40,0,2,0.620650811723053,23,0.575,17,0.425,0,0.0,50,50,0,2,0.6126016192893442,30,0.6,20,0.4,0,0.0,mnli,related:7fec8d14f641420b043ee54e,4,0.7446691278530929,0.7647
gemini_primary,gemini,mnli:82349n,40,40,0,1,-0.0,0,0.0,40,1.0,0,0.0,50,50,0,1,-0.0,0,0.0,50,1.0,0,0.0,mnli,related:7e0ad279a3cc307c40a4f095,2,0.6309976505858845,0.5690999999999999
gemini_primary,gemini,mnli:82436n,40,40,0,2,0.620650811723053,17,0.425,23,0.575,0,0.0,50,50,0,2,0.628013873115187,23,0.46,27,0.54,0,0.0,mnli,related:734061f3f5b8648086c12a2f,3,0.6984165968290856,0.7644000000000001
gemini_primary,gemini,mnli:83248c,40,40,0,1,-0.0,0,0.0,0,0.0,40,1.0,50,50,0,1,-0.0,0,0.0,0,0.0,50,1.0,mnli,related:b685e530ed93b852d1da0c7c,5,0.8267513364993165,0.8157000000000001
gemini_primary,gemini,mnli:85838e,40,40,0,1,-0.0,0,0.0,0,0.0,40,1.0,50,50,0,1,-0.0,0,0.0,0,0.0,50,1.0,mnli,related:63a309b86221fd9c041d3f2e,4,0.7872134081209567,0.8127
gemini_primary,gemini,mnli:86184c,40,40,0,1,-0.0,0,0.0,40,1.0,0,0.0,50,50,0,1,-0.0,0,0.0,50,1.0,0,0.0,mnli,related:3df3fe3e44b224af366e1959,3,0.699989145407344,0.7383
gemini_primary,gemini,mnli:86886n,40,40,0,1,-0.0,0,0.0,40,1.0,0,0.0,50,50,0,1,-0.0,0,0.0,50,1.0,0,0.0,mnli,related:c27962095d88d36523323e32,2,0.5947668722929232,0.6912
gemini_primary,gemini,mnli:88064n,40,40,0,1,-0.0,0,0.0,40,1.0,0,0.0,50,50,0,1,-0.0,0,0.0,50,1.0,0,0.0,mnli,related:f32b624f7f062cdb1a9d1fcd,4,0.7988938048632206,0.8307000000000001
gemini_primary,gemini,mnli:88349n,40,40,0,1,-0.0,40,1.0,0,0.0,0,0.0,50,50,0,1,-0.0,50,1.0,0,0.0,0,0.0,mnli,related:ca2b8d4f79b90a82668b79c4,4,0.7824710667211512,0.7788
gemini_primary,gemini,mnli:89995e,40,40,0,1,-0.0,40,1.0,0,0.0,0,0.0,50,50,0,1,-0.0,50,1.0,0,0.0,0,0.0,mnli,related:4ae949910e7e513afe417b66,5,0.9078213991733008,0.9110999999999999
gemini_primary,gemini,mnli:91650n,40,40,0,1,-0.0,40,1.0,0,0.0,0,0.0,50,50,0,1,-0.0,50,1.0,0,0.0,0,0.0,mnli,related:9ab50e7ca06b7f7fac8426c4,1,0.26899191022241986,0.1982999999999998
gemini_primary,gemini,mnli:92211n,40,40,0,1,-0.0,0,0.0,40,1.0,0,0.0,50,50,0,1,-0.0,0,0.0,50,1.0,0,0.0,mnli,related:6b54e7e553cec0494a5fd2f9,3,0.6652116776605258,0.7479000000000001
gemini_primary,gemini,mnli:92422e,40,40,0,1,-0.0,0,0.0,40,1.0,0,0.0,50,50,0,1,-0.0,0,0.0,50,1.0,0,0.0,mnli,related:b3d7c396667932ae69a19300,4,0.7394589821266465,0.7764000000000001
gemini_primary,gemini,mnli:93236c,40,40,0,1,-0.0,0,0.0,0,0.0,40,1.0,50,50,0,1,-0.0,0,0.0,0,0.0,50,1.0,mnli,related:85688d5a76451f9d3b3bca18,2,0.6386991986127977,0.6708
gemini_primary,gemini,mnli:93357n,40,40,0,1,-0.0,0,0.0,40,1.0,0,0.0,50,50,0,1,-0.0,0,0.0,50,1.0,0,0.0,mnli,related:d927346cef7bbe5514293005,2,0.6143464649158729,0.6339
gemini_primary,gemini,mnli:93587e,40,40,0,2,0.48530664205811297,9,0.225,31,0.775,0,0.0,50,50,0,2,0.5397293690992068,14,0.28,36,0.72,0,0.0,mnli,related:126ebf7ee35120c6a3afc078,3,0.6744454683101251,0.7628999999999999
gemini_primary,gemini,mnli:95186n,40,40,0,1,-0.0,0,0.0,40,1.0,0,0.0,50,50,0,1,-0.0,0,0.0,50,1.0,0,0.0,mnli,related:55a0e13e07144eee7d971d81,3,0.6622433592149579,0.7431000000000001
gemini_primary,gemini,mnli:96338n,40,40,0,1,-0.0,40,1.0,0,0.0,0,0.0,50,50,0,1,-0.0,50,1.0,0,0.0,0,0.0,mnli,related:a080c47a8adc9f33a8871990,1,0.5309050755619202,0.5913000000000002
gemini_primary,gemini,mnli:97394c,40,40,0,1,-0.0,0,0.0,40,1.0,0,0.0,50,50,0,1,-0.0,0,0.0,50,1.0,0,0.0,mnli,related:ee47a6b7b1c58242eab906af,5,0.9776876721714716,0.9753000000000001
gemini_primary,gemini,snli:121335612.jpg#3r1e,40,40,0,1,-0.0,40,1.0,0,0.0,0,0.0,50,50,0,1,-0.0,50,1.0,0,0.0,0,0.0,snli,related:3a74186e39bd079c77766ac0,4,0.6551668992678749,0.7317
gemini_primary,gemini,snli:140526326.jpg#2r1n,40,40,0,1,-0.0,0,0.0,40,1.0,0,0.0,50,50,0,1,-0.0,0,0.0,50,1.0,0,0.0,snli,related:661a4c1db2d5b0716a06e587,2,0.44958379862776376,0.4281
gemini_primary,gemini,snli:157557961.jpg#3r1e,40,40,0,2,0.6126016192893442,24,0.6,16,0.4,0,0.0,50,50,0,2,0.5834956376269081,33,0.66,17,0.34,0,0.0,snli,related:77175a3431b0416d505e03c4,5,0.7914782283840677,0.8043
gemini_primary,gemini,snli:177302997.jpg#0r1n,40,40,0,1,-0.0,0,0.0,40,1.0,0,0.0,50,50,0,1,-0.0,0,0.0,50,1.0,0,0.0,snli,related:9420bf464df856bddda39b44,3,0.5216188850628637,0.5772
gemini_primary,gemini,snli:193596775.jpg#3r1n,40,40,0,1,-0.0,0,0.0,40,1.0,0,0.0,50,50,0,1,-0.0,0,0.0,50,1.0,0,0.0,snli,related:bcae3b8ca90418a0a261d86f,5,0.6881941642686976,0.6980999999999999
gemini_primary,gemini,snli:2058472558.jpg#1r1c,40,40,0,1,-0.0,0,0.0,0,0.0,40,1.0,50,50,0,1,-0.0,0,0.0,0,0.0,50,1.0,snli,related:cc891c9686e757e00e50b629,3,0.47961229531682303,0.5147999999999999
gemini_primary,gemini,snli:2062607137.jpg#4r1n,40,40,0,1,-0.0,0,0.0,40,1.0,0,0.0,50,50,0,1,-0.0,0,0.0,50,1.0,0,0.0,snli,related:8bb0c8edbef5921cef884b35,1,0.24445052736464695,0.17190000000000005
gemini_primary,gemini,snli:2087469385.jpg#1r1n,40,40,0,1,-0.0,0,0.0,40,1.0,0,0.0,50,50,0,1,-0.0,0,0.0,50,1.0,0,0.0,snli,related:6d9830e0bd056d7da234eed0,5,0.8198746470064714,0.7871999999999999
gemini_primary,gemini,snli:209604956.jpg#2r1n,40,40,0,1,-0.0,0,0.0,40,1.0,0,0.0,50,50,0,1,-0.0,0,0.0,50,1.0,0,0.0,snli,related:6ed8fc3666dd8af7f546c798,3,0.5219557000563467,0.44490000000000013
gemini_primary,gemini,snli:2156726763.jpg#4r1e,40,40,0,1,-0.0,40,1.0,0,0.0,0,0.0,50,50,0,1,-0.0,50,1.0,0,0.0,0,0.0,snli,related:6f65dd84a96fb04d443f8b3f,1,-0.0,0.0
gemini_primary,gemini,snli:221597303.jpg#0r1c,40,40,0,1,-0.0,0,0.0,40,1.0,0,0.0,50,50,0,1,-0.0,0,0.0,50,1.0,0,0.0,snli,related:59c5eac036fb4776436e2c76,5,0.8887838676629483,0.8900999999999999
gemini_primary,gemini,snli:2217258342.jpg#1r1e,40,40,0,1,-0.0,40,1.0,0,0.0,0,0.0,50,50,0,1,-0.0,50,1.0,0,0.0,0,0.0,snli,related:add052870444464d7953d5f4,1,0.140029011886545,0.08790000000000014
gemini_primary,gemini,snli:2237363031.jpg#0r1n,40,40,0,1,-0.0,0,0.0,40,1.0,0,0.0,50,50,0,1,-0.0,0,0.0,50,1.0,0,0.0,snli,related:5fcb33c5328805c3cd246ab5,4,0.6527322069307151,0.6923999999999999
gemini_primary,gemini,snli:2250713748.jpg#3r1e,40,40,0,1,-0.0,0,0.0,40,1.0,0,0.0,50,50,0,1,-0.0,0,0.0,50,1.0,0,0.0,snli,related:86b116086e7fe4dea3987669,2,0.40020477099739327,0.4032000000000002
gemini_primary,gemini,snli:2303609756.jpg#0r1n,40,40,0,1,-0.0,0,0.0,40,1.0,0,0.0,50,50,0,1,-0.0,0,0.0,50,1.0,0,0.0,snli,related:924d387dc8b2ebf1fae8e3d0,2,0.41820813089774694,0.38670000000000004
gemini_primary,gemini,snli:2308491551.jpg#1r1n,40,40,0,1,-0.0,0,0.0,40,1.0,0,0.0,50,50,0,1,-0.0,0,0.0,50,1.0,0,0.0,snli,related:b767e132339c9bbb8b286bf8,1,0.2413575520075012,0.17160000000000009
gemini_primary,gemini,snli:2344323083.jpg#4r1c,40,40,0,1,-0.0,0,0.0,40,1.0,0,0.0,50,50,0,1,-0.0,0,0.0,50,1.0,0,0.0,snli,related:f76b5bd27d8db132155166fc,4,0.6243602109020209,0.7391999999999999
gemini_primary,gemini,snli:2358359289.jpg#1r1e,40,40,0,2,0.620650811723053,17,0.425,23,0.575,0,0.0,50,50,0,2,0.5947668722929232,18,0.36,32,0.64,0,0.0,snli,related:8d302ac5a3f6850d63fdd308,5,0.7611275370117042,0.7731000000000001
gemini_primary,gemini,snli:2369840118.jpg#0r1n,40,40,0,1,-0.0,0,0.0,40,1.0,0,0.0,50,50,0,1,-0.0,0,0.0,50,1.0,0,0.0,snli,related:70189664b9b2f83c2a67db11,1,0.23120185132875057,0.17070000000000002
gemini_primary,gemini,snli:23775702.jpg#2r1c,40,40,0,1,-0.0,0,0.0,40,1.0,0,0.0,50,50,0,1,-0.0,0,0.0,50,1.0,0,0.0,snli,related:c60d46cfcb5ed1589d935afb,2,0.40020477099739327,0.4032000000000002
gemini_primary,gemini,snli:238269802.jpg#3r1n,40,40,0,1,-0.0,0,0.0,40,1.0,0,0.0,50,50,0,1,-0.0,0,0.0,50,1.0,0,0.0,snli,related:df21e94edb324c92c6722e96,3,0.5216188850628637,0.5772
gemini_primary,gemini,snli:242216901.jpg#0r1n,40,40,0,1,-0.0,0,0.0,40,1.0,0,0.0,50,50,0,1,-0.0,0,0.0,50,1.0,0,0.0,snli,related:77568bf075f18cd39c99c12e,5,0.732348410415534,0.7893
gemini_primary,gemini,snli:2480327661.jpg#3r1n,40,40,0,2,0.10641319994632661,39,0.975,1,0.025,0,0.0,50,50,0,2,0.08923904665092415,49,0.98,1,0.02,0,0.0,snli,related:8f45a10395afbe7a526aeaf3,1,0.2811828957817385,0.22289999999999993
gemini_primary,gemini,snli:2496236371.jpg#0r1e,40,40,0,1,-0.0,0,0.0,40,1.0,0,0.0,50,50,0,1,-0.0,0,0.0,50,1.0,0,0.0,snli,related:cb09efdb9a644c167dca21f0,5,0.6678035527143219,0.7521
gemini_primary,gemini,snli:2503678250.jpg#3r1c,40,40,0,1,-0.0,0,0.0,40,1.0,0,0.0,50,50,0,1,-0.0,0,0.0,50,1.0,0,0.0,snli,related:ad8aacd70cf20af5ff42b6e7,3,0.4908704800224254,0.5313000000000001
gemini_primary,gemini,snli:2525716531.jpg#0r1n,40,40,0,1,-0.0,0,0.0,40,1.0,0,0.0,50,50,0,1,-0.0,0,0.0,50,1.0,0,0.0,snli,related:9b5ef593a09674921fda6ef3,3,0.5198014510432585,0.44430000000000003
gemini_primary,gemini,snli:254178173.jpg#3r1e,40,40,0,1,-0.0,40,1.0,0,0.0,0,0.0,50,50,0,1,-0.0,50,1.0,0,0.0,0,0.0,snli,related:e4a6599adbe80ff6952dd00b,3,0.5481020818752099,0.6177000000000001
gemini_primary,gemini,snli:2553131080.jpg#3r1e,40,40,0,2,0.4554859150035952,32,0.8,8,0.2,0,0.0,50,50,0,2,0.4290808428709484,41,0.82,9,0.18,0,0.0,snli,related:096118edbfed1e5dbe01190b,3,0.5166404882803554,0.5210999999999999
gemini_primary,gemini,snli:2554531876.jpg#4r1e,40,40,0,2,0.620650811723053,23,0.575,17,0.425,0,0.0,50,50,0,2,0.628013873115187,27,0.54,23,0.46,0,0.0,snli,related:ca0aa0518a39ea2855946450,5,0.8201737580164614,0.8004
gemini_primary,gemini,snli:2577736128.jpg#0r1e,40,40,0,1,-0.0,0,0.0,40,1.0,0,0.0,50,50,0,1,-0.0,0,0.0,50,1.0,0,0.0,snli,related:330d859e7d8c69ffa824e18a,3,0.5666924449788731,0.5051999999999999
gemini_primary,gemini,snli:2604825598.jpg#0r1e,40,40,0,1,-0.0,40,1.0,0,0.0,0,0.0,50,50,0,1,-0.0,50,1.0,0,0.0,0,0.0,snli,related:910ea5e2863ac5108e8aa903,1,0.26899191022241986,0.1982999999999998
gemini_primary,gemini,snli:2630123726.jpg#0r1n,40,40,0,1,-0.0,0,0.0,40,1.0,0,0.0,50,50,0,1,-0.0,0,0.0,50,1.0,0,0.0,snli,related:a9fb3364a72862bcc06ee09f,2,0.4716734178155153,0.3975000000000002
gemini_primary,gemini,snli:2655196158.jpg#0r1e,40,40,0,1,-0.0,0,0.0,40,1.0,0,0.0,50,50,0,1,-0.0,0,0.0,50,1.0,0,0.0,snli,related:f15484cc3d6b2265566eaa14,1,0.3154118522911846,0.29369999999999996
gemini_primary,gemini,snli:2663670442.jpg#0r1n,40,40,0,1,-0.0,0,0.0,40,1.0,0,0.0,50,50,0,1,-0.0,0,0.0,50,1.0,0,0.0,snli,related:5672f4c0c1c76e4deb0afa9c,3,0.5642760147640484,0.5604000000000001
gemini_primary,gemini,snli:276598014.jpg#2r1n,40,40,0,1,-0.0,0,0.0,40,1.0,0,0.0,50,50,0,1,-0.0,0,0.0,50,1.0,0,0.0,snli,related:3848b370aa707308591385e6,2,0.4425792153219578,0.4616999999999998
gemini_primary,gemini,snli:2807030070.jpg#0r1n,40,40,0,1,-0.0,0,0.0,40,1.0,0,0.0,50,50,0,1,-0.0,0,0.0,50,1.0,0,0.0,snli,related:c93ce4c7ef5e8d09d936134f,2,0.34591394211310134,0.29669999999999996
gemini_primary,gemini,snli:2807228428.jpg#4r1n,40,40,0,1,-0.0,0,0.0,40,1.0,0,0.0,50,50,0,1,-0.0,0,0.0,50,1.0,0,0.0,snli,related:e563b3aac90606162da823c6,1,0.17334373143577353,0.11610000000000004
gemini_primary,gemini,snli:2835793460.jpg#0r1c,40,40,0,1,-0.0,0,0.0,0,0.0,40,1.0,50,50,0,1,-0.0,0,0.0,0,0.0,50,1.0,snli,related:b711d27a6ccf5ad79a71a46c,4,0.621980038474333,0.7353000000000002
gemini_primary,gemini,snli:2838888385.jpg#2r1n,40,40,0,1,-0.0,0,0.0,40,1.0,0,0.0,50,50,0,1,-0.0,0,0.0,50,1.0,0,0.0,snli,related:a35a56d30f92eb9d19d235cc,1,0.3039586532644838,0.2481
gemini_primary,gemini,snli:2843695880.jpg#2r1c,40,40,0,1,-0.0,0,0.0,40,1.0,0,0.0,50,50,0,1,-0.0,0,0.0,50,1.0,0,0.0,snli,related:8f9754ed522f7500b2ce8bf8,5,0.7058772911321769,0.7764
gemini_primary,gemini,snli:2855910826.jpg#0r1e,40,40,0,1,-0.0,40,1.0,0,0.0,0,0.0,50,50,0,1,-0.0,50,1.0,0,0.0,0,0.0,snli,related:ff8957626371f688539065e3,1,0.050974793321072506,0.02970000000000006
gemini_primary,gemini,snli:2858759108.jpg#3r1e,40,40,0,1,-0.0,40,1.0,0,0.0,0,0.0,50,50,0,1,-0.0,50,1.0,0,0.0,0,0.0,snli,related:3c2f7b5aaffa64131d10f73b,1,0.08923904665092415,0.058800000000000185
gemini_primary,gemini,snli:2871962580.jpg#1r1c,40,40,0,1,-0.0,0,0.0,40,1.0,0,0.0,50,50,0,1,-0.0,0,0.0,50,1.0,0,0.0,snli,related:c06814414fd8a5da77542e53,3,0.5719353353963194,0.5493
gemini_primary,gemini,snli:2871962580.jpg#1r1n,40,40,0,1,-0.0,40,1.0,0,0.0,0,0.0,50,50,0,1,-0.0,50,1.0,0,0.0,0,0.0,snli,related:c06814414fd8a5da77542e53,3,0.5500768449304291,0.5697000000000001
gemini_primary,gemini,snli:2872778569.jpg#3r1n,40,40,0,1,-0.0,0,0.0,0,0.0,40,1.0,50,50,0,1,-0.0,0,0.0,0,0.0,50,1.0,snli,related:09702dae0c724726261ca41e,4,0.6087207413841681,0.7137
gemini_primary,gemini,snli:2885111681.jpg#0r1e,40,40,0,1,-0.0,40,1.0,0,0.0,0,0.0,50,50,0,1,-0.0,50,1.0,0,0.0,0,0.0,snli,related:103b4242f58b5944e2b42226,1,0.20347065732696523,0.1437
gemini_primary,gemini,snli:297556640.jpg#0r1c,40,40,0,1,-0.0,0,0.0,40,1.0,0,0.0,50,50,0,1,-0.0,0,0.0,50,1.0,0,0.0,snli,related:8c29bd14709937d845774037,5,0.7008459205242019,0.7683
gemini_primary,gemini,snli:3018973947.jpg#0r1c,40,40,0,1,-0.0,0,0.0,0,0.0,40,1.0,50,50,0,1,-0.0,0,0.0,0,0.0,50,1.0,snli,related:80ba97a9d0f7952ba4c1ea66,1,0.18069636157678548,0.14250000000000013
gemini_primary,gemini,snli:3037283097.jpg#1r1c,40,40,0,1,-0.0,0,0.0,40,1.0,0,0.0,50,50,0,1,-0.0,0,0.0,50,1.0,0,0.0,snli,related:7bfe538e7eb5497f287a4eb7,4,0.6037411834537667,0.6507000000000002
gemini_primary,gemini,snli:3038952914.jpg#4r1e,40,40,0,2,0.620650811723053,23,0.575,17,0.425,0,0.0,50,50,0,2,0.6126016192893442,30,0.6,20,0.4,0,0.0,snli,related:e9f7602384b7e0c13387683d,4,0.6161032001157866,0.7257
gemini_primary,gemini,snli:3078084729.jpg#1r1e,40,40,0,1,-0.0,0,0.0,40,1.0,0,0.0,50,50,0,1,-0.0,0,0.0,50,1.0,0,0.0,snli,related:9fcfd942f33d39074b33a7f5,5,0.898538457077634,0.8892
gemini_primary,gemini,snli:3082934678.jpg#2r1n,40,40,0,1,-0.0,0,0.0,40,1.0,0,0.0,50,50,0,1,-0.0,0,0.0,50,1.0,0,0.0,snli,related:ce0f54598d5188cb5155cfdd,1,0.10185764172235329,0.05910000000000015
gemini_primary,gemini,snli:3102363657.jpg#0r1n,40,40,0,1,-0.0,0,0.0,40,1.0,0,0.0,50,50,0,1,-0.0,0,0.0,50,1.0,0,0.0,snli,related:aad68fb7982844c540ce09ea,2,0.3187761366089048,0.24989999999999996
gemini_primary,gemini,snli:3141293960.jpg#1r1e,40,40,0,2,0.6021808102656678,25,0.625,15,0.375,0,0.0,50,50,0,2,0.5947668722929232,32,0.64,18,0.36,0,0.0,snli,related:3db9a2434e2ef83b26a98179,4,0.5998073091663122,0.6992999999999999
gemini_primary,gemini,snli:3229604446.jpg#0r1n,40,40,0,1,-0.0,0,0.0,40,1.0,0,0.0,50,50,0,1,-0.0,0,0.0,50,1.0,0,0.0,snli,related:51d13e648d5782d8a591b9d8,4,0.6111063202213676,0.6620999999999999
gemini_primary,gemini,snli:3244632670.jpg#1r1c,40,40,0,1,-0.0,0,0.0,40,1.0,0,0.0,50,50,0,1,-0.0,0,0.0,50,1.0,0,0.0,snli,related:54ed2017b3d80c167b08fd24,3,0.5166404882803554,0.5210999999999999
gemini_primary,gemini,snli:3306464579.jpg#0r1c,40,40,0,1,-0.0,0,0.0,40,1.0,0,0.0,50,50,0,1,-0.0,0,0.0,50,1.0,0,0.0,snli,related:2bb9796f552c2df5fb951952,2,0.384766393172661,0.3825000000000002
gemini_primary,gemini,snli:3309230607.jpg#3r1c,40,40,0,1,-0.0,0,0.0,40,1.0,0,0.0,50,50,0,1,-0.0,0,0.0,50,1.0,0,0.0,snli,related:65879902706fb0e07c28888b,4,0.6309297535714574,0.75
gemini_primary,gemini,snli:3344632789.jpg#0r2n,40,40,0,1,-0.0,0,0.0,40,1.0,0,0.0,50,50,0,1,-0.0,0,0.0,50,1.0,0,0.0,snli,related:063cf2a624ca541e0b4bd43e,2,0.45507692782909376,0.41160000000000013
gemini_primary,gemini,snli:3366424545.jpg#2r1n,40,40,0,1,-0.0,40,1.0,0,0.0,0,0.0,50,50,0,1,-0.0,50,1.0,0,0.0,0,0.0,snli,related:6933601c76aba1e2590ac876,3,0.49065871999637445,0.41970000000000024
gemini_primary,gemini,snli:3371919733.jpg#0r1n,40,40,0,1,-0.0,0,0.0,40,1.0,0,0.0,50,50,0,1,-0.0,0,0.0,50,1.0,0,0.0,snli,related:12b63b2a39d97fed573cadd4,4,0.6087207413841681,0.7137
gemini_primary,gemini,snli:3381038951.jpg#0r1e,40,40,0,1,-0.0,0,0.0,40,1.0,0,0.0,50,50,0,1,-0.0,0,0.0,50,1.0,0,0.0,snli,related:1d9b7f7f8f080b9e77fc9b1e,2,0.3628856744706107,0.29910000000000003
gemini_primary,gemini,snli:3411579899.jpg#1r1n,40,40,0,2,0.384766393172661,6,0.15,34,0.85,0,0.0,50,50,0,2,0.3686136494567082,7,0.14,43,0.86,0,0.0,snli,related:cddc944051d37ecf309f7788,5,0.6848801639200583,0.7428
gemini_primary,gemini,snli:3420651743.jpg#3r1e,40,40,0,1,-0.0,0,0.0,40,1.0,0,0.0,50,50,0,1,-0.0,0,0.0,50,1.0,0,0.0,snli,related:f0340cae0b51cbe2ee0eac9e,3,0.4908704800224254,0.5313000000000001
gemini_primary,gemini,snli:3424908564.jpg#1r1e,40,40,0,1,-0.0,0,0.0,40,1.0,0,0.0,50,50,0,1,-0.0,0,0.0,50,1.0,0,0.0,snli,related:526604316d1f316c2c59b527,3,0.5279387813779857,0.5090999999999999
gemini_primary,gemini,snli:344536009.jpg#2r1e,40,40,0,1,-0.0,40,1.0,0,0.0,0,0.0,50,50,0,1,-0.0,50,1.0,0,0.0,0,0.0,snli,related:c76bdefaed8f8c22aa865472,2,0.38104282681502366,0.30210000000000004
gemini_primary,gemini,snli:3560513546.jpg#4r1n,40,40,0,1,-0.0,0,0.0,40,1.0,0,0.0,50,50,0,1,-0.0,0,0.0,50,1.0,0,0.0,snli,related:5887e34ecbea7c34c3e305c0,2,0.40140466230784827,0.3651000000000001
gemini_primary,gemini,snli:3587666993.jpg#2r1n,40,40,0,1,-0.0,40,1.0,0,0.0,0,0.0,50,50,0,1,-0.0,50,1.0,0,0.0,0,0.0,snli,related:3fe8883858afe25cf183466a,2,0.3686136494567082,0.3612000000000002
gemini_primary,gemini,snli:363701711.jpg#1r1n,40,40,0,1,-0.0,0,0.0,40,1.0,0,0.0,50,50,0,1,-0.0,0,0.0,50,1.0,0,0.0,snli,related:b4e463493d53f7be78289ad7,2,0.4642348715761745,0.44790000000000013
gemini_primary,gemini,snli:3637966641.jpg#3r1n,40,40,0,1,-0.0,0,0.0,40,1.0,0,0.0,50,50,0,1,-0.0,0,0.0,50,1.0,0,0.0,snli,related:944db2c0ff77d8baebb4ef3a,2,0.3187761366089048,0.24989999999999996
gemini_primary,gemini,snli:3662271861.jpg#3r1c,40,40,0,1,-0.0,0,0.0,40,1.0,0,0.0,50,50,0,1,-0.0,0,0.0,50,1.0,0,0.0,snli,related:f7d4647662695bf2c380db7f,5,0.688759043111807,0.7208999999999999
gemini_primary,gemini,snli:3708177171.jpg#1r1e,40,40,0,1,-0.0,40,1.0,0,0.0,0,0.0,50,50,0,1,-0.0,50,1.0,0,0.0,0,0.0,snli,related:78451bb48bdef25472075f23,1,0.20659474215035953,0.16920000000000002
gemini_primary,gemini,snli:3717886615.jpg#1r1c,40,40,0,1,-0.0,0,0.0,0,0.0,40,1.0,50,50,0,1,-0.0,0,0.0,0,0.0,50,1.0,snli,related:a9a2896c0866c9e50e8b5626,4,0.6180439169521745,0.6728999999999998
gemini_primary,gemini,snli:3789378919.jpg#4r1n,40,40,0,1,-0.0,0,0.0,40,1.0,0,0.0,50,50,0,1,-0.0,0,0.0,50,1.0,0,0.0,snli,related:ef85535adfdcad9ff7f49e10,1,0.12264760695797414,0.08730000000000004
gemini_primary,gemini,snli:381275595.jpg#1r1n,40,40,0,1,-0.0,0,0.0,0,0.0,40,1.0,50,50,0,1,-0.0,0,0.0,0,0.0,50,1.0,snli,related:14eb3bc943eefc62c9bb2f5e,3,0.5397293690992068,0.6048
gemini_primary,gemini,snli:3854366835.jpg#0r1n,40,40,0,1,-0.0,0,0.0,40,1.0,0,0.0,50,50,0,1,-0.0,0,0.0,50,1.0,0,0.0,snli,related:8b58f1a712dc85fca28099a3,2,0.44958379862776376,0.4281
gemini_primary,gemini,snli:3948003394.jpg#1r1n,40,40,0,1,-0.0,0,0.0,40,1.0,0,0.0,50,50,0,1,-0.0,0,0.0,50,1.0,0,0.0,snli,related:6f35fe6c285fcb152ff44c9f,3,0.5527221585731599,0.5439
gemini_primary,gemini,snli:3958553026.jpg#1r1c,40,40,0,1,-0.0,0,0.0,0,0.0,40,1.0,50,50,0,1,-0.0,0,0.0,0,0.0,50,1.0,snli,related:e52b73c21e573bc5b99b34ff,4,0.6622433592149579,0.7431000000000001
gemini_primary,gemini,snli:3970646119.jpg#0r1n,40,40,0,1,-0.0,0,0.0,40,1.0,0,0.0,50,50,0,1,-0.0,0,0.0,50,1.0,0,0.0,snli,related:78edb20c7a302a5f927dfeb6,3,0.574559939675675,0.5363999999999999
gemini_primary,gemini,snli:3974156067.jpg#1r1n,40,40,0,1,-0.0,40,1.0,0,0.0,0,0.0,50,50,0,1,-0.0,50,1.0,0,0.0,0,0.0,snli,related:19211c12ae0227cd6aea540a,1,0.050974793321072506,0.02970000000000006
gemini_primary,gemini,snli:4116163419.jpg#0r1n,40,40,0,1,-0.0,0,0.0,40,1.0,0,0.0,50,50,0,1,-0.0,0,0.0,50,1.0,0,0.0,snli,related:9f9824c1d65da88f67a3bb5c,2,0.4290808428709484,0.4428000000000002
gemini_primary,gemini,snli:4116163419.jpg#0r2n,40,40,0,1,-0.0,0,0.0,40,1.0,0,0.0,50,50,0,1,-0.0,0,0.0,50,1.0,0,0.0,snli,related:9f9824c1d65da88f67a3bb5c,1,0.2113264425412527,0.1443000000000001
gemini_primary,gemini,snli:4145746372.jpg#0r1n,40,40,0,1,-0.0,0,0.0,40,1.0,0,0.0,50,50,0,1,-0.0,0,0.0,50,1.0,0,0.0,snli,related:46cbd2b81d1621813a5449e3,5,0.7073644291464858,0.7788
gemini_primary,gemini,snli:4194622325.jpg#2r1n,40,40,0,1,-0.0,40,1.0,0,0.0,0,0.0,50,50,0,1,-0.0,50,1.0,0,0.0,0,0.0,snli,related:1da5c75cb9b3819ee4192185,4,0.6037411834537667,0.6507000000000002
gemini_primary,gemini,snli:4259457716.jpg#2r1n,40,40,0,1,-0.0,0,0.0,40,1.0,0,0.0,50,50,0,1,-0.0,0,0.0,50,1.0,0,0.0,snli,related:ddee263f7a3772b094c51d64,4,0.60445721699434,0.7068
gemini_primary,gemini,snli:4271560578.jpg#1r1n,40,40,0,1,-0.0,0,0.0,40,1.0,0,0.0,50,50,0,1,-0.0,0,0.0,50,1.0,0,0.0,snli,related:b5dbcf6eb959919d3132a457,5,0.8340042969700759,0.8553000000000001
gemini_primary,gemini,snli:429500919.jpg#3r1e,40,40,0,1,-0.0,0,0.0,40,1.0,0,0.0,50,50,0,1,-0.0,0,0.0,50,1.0,0,0.0,snli,related:5d75ca35c716194a7dca8bb0,4,0.6588960636110485,0.7377
gemini_primary,gemini,snli:4309898620.jpg#1r1e,40,40,0,1,-0.0,40,1.0,0,0.0,0,0.0,50,50,0,1,-0.0,50,1.0,0,0.0,0,0.0,snli,related:e5962da8bd6af77a7c29f036,2,0.38439980829185605,0.30269999999999997
gemini_primary,gemini,snli:431018958.jpg#1r1n,40,40,0,1,-0.0,0,0.0,40,1.0,0,0.0,50,50,0,1,-0.0,0,0.0,50,1.0,0,0.0,snli,related:719e44e7cac80dde9db1bd2d,3,0.5394525291768463,0.5540999999999999
gemini_primary,gemini,snli:434469662.jpg#2r1n,40,40,0,1,-0.0,40,1.0,0,0.0,0,0.0,50,50,0,1,-0.0,50,1.0,0,0.0,0,0.0,snli,related:946a90d4a18792b34e0c1796,5,0.8619182231448229,0.8748000000000001
gemini_primary,gemini,snli:4413167760.jpg#0r1e,40,40,0,1,-0.0,40,1.0,0,0.0,0,0.0,50,50,0,1,-0.0,50,1.0,0,0.0,0,0.0,snli,related:bd0b2dc5c740dab1492d84e7,1,-0.0,0.0
gemini_primary,gemini,snli:4450400692.jpg#1r1n,40,40,0,1,-0.0,40,1.0,0,0.0,0,0.0,50,50,0,1,-0.0,50,1.0,0,0.0,0,0.0,snli,related:c1b94258ac037e7456ee5f05,3,0.5481020818752099,0.6177000000000001
gemini_primary,gemini,snli:4519902281.jpg#1r1n,40,40,0,1,-0.0,0,0.0,40,1.0,0,0.0,50,50,0,1,-0.0,0,0.0,50,1.0,0,0.0,snli,related:0d4d35fd85cc9e9ac400462f,2,0.39541266114328005,0.3249
gemini_primary,gemini,snli:453807108.jpg#0r1n,40,40,0,2,0.556032649876389,12,0.3,28,0.7,0,0.0,50,50,0,2,0.5706011702567103,16,0.32,34,0.68,0,0.0,snli,related:e78f6edda58d27c1e94d3f5d,5,0.732348410415534,0.7893
gemini_primary,gemini,snli:4540798718.jpg#3r1c,40,40,0,1,-0.0,0,0.0,40,1.0,0,0.0,50,50,0,1,-0.0,0,0.0,50,1.0,0,0.0,snli,related:48a119f7179531033ec67d4d,2,0.3517043367110296,0.33929999999999993
gemini_primary,gemini,snli:4545817148.jpg#2r1n,40,40,0,1,-0.0,0,0.0,40,1.0,0,0.0,50,50,0,1,-0.0,0,0.0,50,1.0,0,0.0,snli,related:75db0a107660bbef0e6b7dad,3,0.4821022921402596,0.41760000000000014
gemini_primary,gemini,snli:4546261932.jpg#3r1n,40,40,0,1,-0.0,0,0.0,40,1.0,0,0.0,50,50,0,1,-0.0,0,0.0,50,1.0,0,0.0,snli,related:53087323eb9968a01bfc4003,1,0.23120185132875057,0.17070000000000002
gemini_primary,gemini,snli:4554364450.jpg#1r1n,40,40,0,1,-0.0,0,0.0,40,1.0,0,0.0,50,50,0,1,-0.0,0,0.0,50,1.0,0,0.0,snli,related:3c6b1d5cd40ac7807e5b1a9c,3,0.49065871999637445,0.41970000000000024
gemini_primary,gemini,snli:4588335754.jpg#4r1c,40,40,0,1,-0.0,0,0.0,40,1.0,0,0.0,50,50,0,1,-0.0,0,0.0,50,1.0,0,0.0,snli,related:f5554d0b49096d55fc4b7bd9,4,0.6053113948014869,0.6204
gemini_primary,gemini,snli:459560694.jpg#0r1c,40,40,0,1,-0.0,0,0.0,40,1.0,0,0.0,50,50,0,1,-0.0,0,0.0,50,1.0,0,0.0,snli,related:3190eca09f1df51d4ae76b2b,5,0.6945802165175051,0.7298999999999999
gemini_primary,gemini,snli:4645891941.jpg#1r1n,40,40,0,1,-0.0,0,0.0,40,1.0,0,0.0,50,50,0,1,-0.0,0,0.0,50,1.0,0,0.0,snli,related:0f24cbfe29705e0ed1b168d5,4,0.6652116776605258,0.7479000000000001
gemini_primary,gemini,snli:4665413015.jpg#4r1c,40,40,0,1,-0.0,0,0.0,0,0.0,40,1.0,50,50,0,1,-0.0,0,0.0,0,0.0,50,1.0,snli,related:7f14b41acf795da76b94367d,4,0.6309297535714574,0.75
gemini_primary,gemini,snli:4684538785.jpg#1r1n,40,40,0,1,-0.0,0,0.0,40,1.0,0,0.0,50,50,0,1,-0.0,0,0.0,50,1.0,0,0.0,snli,related:8dc564bd1091102b6f71f067,4,0.6551668992678749,0.7317
gemini_primary,gemini,snli:4697732220.jpg#0r1n,40,40,0,1,-0.0,0,0.0,40,1.0,0,0.0,50,50,0,1,-0.0,0,0.0,50,1.0,0,0.0,snli,related:d4ee60bc1c21ed08e30236dc,5,0.8117014562291199,0.8349
gemini_primary,gemini,snli:4699585469.jpg#4r1c,40,40,0,1,-0.0,0,0.0,0,0.0,40,1.0,50,50,0,1,-0.0,0,0.0,0,0.0,50,1.0,snli,related:662175087580f9c08c4fa534,4,0.629290338486824,0.7473
gemini_primary,gemini,snli:4716333601.jpg#2r1c,40,40,0,1,-0.0,0,0.0,0,0.0,40,1.0,50,50,0,1,-0.0,0,0.0,0,0.0,50,1.0,snli,related:a4ec2c54d82b78620973620b,3,0.5821828963842497,0.5246999999999998
gemini_primary,gemini,snli:4745021716.jpg#3r1e,40,40,0,1,-0.0,0,0.0,40,1.0,0,0.0,50,50,0,1,-0.0,0,0.0,50,1.0,0,0.0,snli,related:95fcc4fff6fdd82340c8b4c6,5,0.8645182112815539,0.8397000000000001
gemini_primary,gemini,snli:478415357.jpg#0r1e,40,40,0,1,-0.0,0,0.0,40,1.0,0,0.0,50,50,0,1,-0.0,0,0.0,50,1.0,0,0.0,snli,related:c055eb54354699bcca765c1e,4,0.635896768995797,0.6411
gemini_primary,gemini,snli:4824416683.jpg#0r1c,40,40,0,1,-0.0,0,0.0,40,1.0,0,0.0,50,50,0,1,-0.0,0,0.0,50,1.0,0,0.0,snli,related:4bac771fa5a71f50f64233dc,4,0.6652116776605258,0.7479000000000001
gemini_primary,gemini,snli:4825458628.jpg#1r1n,40,40,0,1,-0.0,0,0.0,40,1.0,0,0.0,50,50,0,1,-0.0,0,0.0,50,1.0,0,0.0,snli,related:6f3eb0e506bb170f4cc09e6c,5,0.7143911110186236,0.6828000000000001
gemini_primary,gemini,snli:4833879670.jpg#0r1c,40,40,0,1,-0.0,0,0.0,0,0.0,40,1.0,50,50,0,1,-0.0,0,0.0,0,0.0,50,1.0,snli,related:1317cdf24da525c3bf5b160e,1,0.23120185132875057,0.17070000000000002
gemini_primary,gemini,snli:4859795235.jpg#1r1n,40,40,0,1,-0.0,0,0.0,40,1.0,0,0.0,50,50,0,1,-0.0,0,0.0,50,1.0,0,0.0,snli,related:8911a92d346455e0353e2b28,3,0.5422535821602696,0.4826999999999998
gemini_primary,gemini,snli:4867540330.jpg#0r1n,40,40,0,1,-0.0,0,0.0,40,1.0,0,0.0,50,50,0,1,-0.0,0,0.0,50,1.0,0,0.0,snli,related:f4f20852632b59da35b1ba48,3,0.5481020818752099,0.6177000000000001
gemini_primary,gemini,snli:4878415659.jpg#3r1n,40,40,0,2,0.6021808102656678,15,0.375,25,0.625,0,0.0,50,50,0,2,0.6192284641353301,21,0.42,29,0.58,0,0.0,snli,related:d431f271dfccaa57c751af75,4,0.5947668722929232,0.6912
gemini_primary,gemini,snli:4878621384.jpg#0r1e,40,40,0,3,0.6257309858938136,30,0.75,8,0.2,2,0.05,50,50,0,3,0.574559939675675,39,0.78,9,0.18,2,0.04,snli,related:4b491fd08bcb7621b1a0a11b,5,0.9724616681466847,0.9696
gemini_primary,gemini,snli:4938457809.jpg#0r1c,40,40,0,1,-0.0,0,0.0,40,1.0,0,0.0,50,50,0,1,-0.0,0,0.0,50,1.0,0,0.0,snli,related:7715f0cdedfe5727ca46fefd,3,0.5635297099909076,0.6417000000000002
gemini_primary,gemini,snli:4952669491.jpg#1r1n,40,40,0,1,-0.0,0,0.0,40,1.0,0,0.0,50,50,0,1,-0.0,0,0.0,50,1.0,0,0.0,snli,related:87faf1d1783e61a44514bf10,1,0.29590327428938457,0.2699999999999999
gemini_primary,gemini,snli:4963720718.jpg#3r1n,40,40,0,1,-0.0,0,0.0,40,1.0,0,0.0,50,50,0,1,-0.0,0,0.0,50,1.0,0,0.0,snli,related:90f226172f3d023f1cd67708,1,0.27538179412163355,0.24569999999999992
gemini_primary,gemini,snli:4982419929.jpg#1r1n,40,40,0,1,-0.0,0,0.0,40,1.0,0,0.0,50,50,0,1,-0.0,0,0.0,50,1.0,0,0.0,snli,related:355ad9a990f63c383a73c12e,5,0.7709390814632961,0.7527
gemini_primary,gemini,snli:4984550402.jpg#0r1c,40,40,0,1,-0.0,0,0.0,40,1.0,0,0.0,50,50,0,1,-0.0,0,0.0,50,1.0,0,0.0,snli,related:aeda1f2ffe071443b304c7c8,1,0.27438480104402874,0.1988999999999999
gemini_primary,gemini,snli:502783522.jpg#2r1e,40,40,0,1,-0.0,40,1.0,0,0.0,0,0.0,50,50,0,1,-0.0,50,1.0,0,0.0,0,0.0,snli,related:bddcb4be5bc5918e60a93553,5,0.7045746855208038,0.7743
gemini_primary,gemini,snli:5180313655.jpg#0r2c,40,40,0,1,-0.0,0,0.0,0,0.0,40,1.0,50,50,0,1,-0.0,0,0.0,0,0.0,50,1.0,snli,related:6161076bd0ce7fe9b9f20152,1,0.2537468173658883,0.2208
gemini_primary,gemini,snli:5262731925.jpg#3r1c,40,40,0,1,-0.0,0,0.0,0,0.0,40,1.0,50,50,0,1,-0.0,0,0.0,0,0.0,50,1.0,snli,related:444209b955a07664d7a14938,3,0.5698367845704152,0.5991000000000002
gemini_primary,gemini,snli:526995387.jpg#1r1c,40,40,0,1,-0.0,0,0.0,40,1.0,0,0.0,50,50,0,1,-0.0,0,0.0,50,1.0,0,0.0,snli,related:c40caa0344c16a2fbd768742,4,0.6302013678814029,0.7488
gemini_primary,gemini,snli:538638526.jpg#0r1c,40,40,0,1,-0.0,0,0.0,0,0.0,40,1.0,50,50,0,1,-0.0,0,0.0,0,0.0,50,1.0,snli,related:284c0231418c8134ad3fe589,2,0.3517043367110296,0.33929999999999993
gemini_primary,gemini,snli:5436986554.jpg#1r1e,40,40,0,1,-0.0,40,1.0,0,0.0,0,0.0,50,50,0,1,-0.0,50,1.0,0,0.0,0,0.0,snli,related:abb169006b5a55833899b0e6,1,0.20347065732696523,0.1437
gemini_primary,gemini,snli:559404730.jpg#2r1n,40,40,0,1,-0.0,0,0.0,40,1.0,0,0.0,50,50,0,1,-0.0,0,0.0,50,1.0,0,0.0,snli,related:52f6443a0112656625084ddd,1,0.20659474215035953,0.16920000000000002
gemini_primary,gemini,snli:5623287052.jpg#0r1e,40,40,0,1,-0.0,0,0.0,40,1.0,0,0.0,50,50,0,1,-0.0,0,0.0,50,1.0,0,0.0,snli,related:3f09a539a28e6e2ba9e0fc5b,4,0.6363602504066004,0.7017
gemini_primary,gemini,snli:5669382831.jpg#3r1n,40,40,0,1,-0.0,0,0.0,40,1.0,0,0.0,50,50,0,1,-0.0,0,0.0,50,1.0,0,0.0,snli,related:7d64ac4167e36caf8cf6a4f1,4,0.6522782953405903,0.5901
gemini_primary,gemini,snli:5897279071.jpg#0r1e,40,40,0,1,-0.0,40,1.0,0,0.0,0,0.0,50,50,0,1,-0.0,50,1.0,0,0.0,0,0.0,snli,related:c099a41a175e5dbf98bf2099,2,0.3837944733853429,0.34290000000000004
gemini_primary,gemini,snli:5964395383.jpg#1r1n,40,40,0,1,-0.0,0,0.0,40,1.0,0,0.0,50,50,0,1,-0.0,0,0.0,50,1.0,0,0.0,snli,related:5de936360b46c6d6e0c2f3b6,2,0.43054579734944654,0.35129999999999995
gemini_primary,gemini,snli:5971287030.jpg#4r1n,40,40,0,1,-0.0,40,1.0,0,0.0,0,0.0,50,50,0,1,-0.0,50,1.0,0,0.0,0,0.0,snli,related:f3e6bf47fb7a2020efed5d44,5,0.7436573150249799,0.7148999999999999
gemini_primary,gemini,snli:6167267993.jpg#2r1c,40,40,0,1,-0.0,0,0.0,40,1.0,0,0.0,50,50,0,1,-0.0,0,0.0,50,1.0,0,0.0,snli,related:017b02a04f83d4a184fa826a,3,0.5118595071429147,0.5625
gemini_primary,gemini,snli:6204719881.jpg#1r1e,40,40,0,1,-0.0,0,0.0,40,1.0,0,0.0,50,50,0,1,-0.0,0,0.0,50,1.0,0,0.0,snli,related:f1ac5f7620de5ef1ce4cf2f9,5,0.8620695250929956,0.8660999999999999
gemini_primary,gemini,snli:6233103167.jpg#3r1n,40,40,0,1,-0.0,0,0.0,40,1.0,0,0.0,50,50,0,1,-0.0,0,0.0,50,1.0,0,0.0,snli,related:0d48e79b7db7967ce933e682,2,0.4530892804232003,0.39330000000000015
gemini_primary,gemini,snli:6553168529.jpg#3r1e,40,40,0,1,-0.0,0,0.0,40,1.0,0,0.0,50,50,0,1,-0.0,0,0.0,50,1.0,0,0.0,snli,related:84a4c9cf7ac31b508374f791,2,0.34591394211310134,0.29669999999999996
gemini_primary,gemini,snli:6739582637.jpg#1r1e,40,40,0,1,-0.0,40,1.0,0,0.0,0,0.0,50,50,0,1,-0.0,50,1.0,0,0.0,0,0.0,snli,related:671850edd7e2c2b973e519dc,4,0.6134079808302009,0.5757000000000001
gemini_primary,gemini,snli:6859510611.jpg#0r1c,40,40,0,1,-0.0,0,0.0,0,0.0,40,1.0,50,50,0,1,-0.0,0,0.0,0,0.0,50,1.0,snli,related:9f3b109aa8dc5a606ef45958,1,0.23120185132875057,0.17070000000000002
gemini_primary,gemini,snli:6918466589.jpg#0r1n,40,40,0,1,-0.0,0,0.0,40,1.0,0,0.0,50,50,0,1,-0.0,0,0.0,50,1.0,0,0.0,snli,related:6e41510b33bb21686a9f6b7f,4,0.6510526011077807,0.7251000000000001
gemini_primary,gemini,snli:6956105362.jpg#3r1n,40,40,0,1,-0.0,0,0.0,40,1.0,0,0.0,50,50,0,1,-0.0,0,0.0,50,1.0,0,0.0,snli,related:273115ff412d898c5688a544,5,0.7008459205242019,0.7683
gemini_primary,gemini,snli:7052516843.jpg#4r1n,40,40,0,1,-0.0,0,0.0,40,1.0,0,0.0,50,50,0,1,-0.0,0,0.0,50,1.0,0,0.0,snli,related:bfa99d53bfa9330f96817275,3,0.5044181041340579,0.5036999999999998
gemini_primary,gemini,snli:7058943627.jpg#4r1e,40,40,0,1,-0.0,40,1.0,0,0.0,0,0.0,50,50,0,1,-0.0,50,1.0,0,0.0,0,0.0,snli,related:1102021095421cd8478a5eff,2,0.384766393172661,0.3825000000000002
gemini_primary,gemini,snli:7382482712.jpg#0r1e,40,40,0,2,0.42210199594763664,33,0.825,7,0.175,0,0.0,50,50,0,2,0.40020477099739327,42,0.84,8,0.16,0,0.0,snli,related:63a8cecee06327beb6ca78ef,5,0.7308435127689968,0.7868999999999999
gemini_primary,gemini,snli:74736854.jpg#0r1n,40,40,0,1,-0.0,40,1.0,0,0.0,0,0.0,50,50,0,1,-0.0,50,1.0,0,0.0,0,0.0,snli,related:551a47d926a9f4a649f1136f,5,0.7696956716741421,0.7718999999999999
gemini_primary,gemini,snli:7557754272.jpg#1r1c,40,40,0,1,-0.0,0,0.0,40,1.0,0,0.0,50,50,0,1,-0.0,0,0.0,50,1.0,0,0.0,snli,related:2e7054e424279aedf92e5697,2,0.44958379862776376,0.4281
gemini_primary,gemini,snli:761479953.jpg#2r1n,40,40,0,1,-0.0,0,0.0,40,1.0,0,0.0,50,50,0,1,-0.0,0,0.0,50,1.0,0,0.0,snli,related:e93e2c4db29aef6729faf8e6,4,0.6593181438824625,0.6393000000000001
gemini_primary,gemini,snli:7916249448.jpg#3r1e,40,40,0,1,-0.0,0,0.0,40,1.0,0,0.0,50,50,0,1,-0.0,0,0.0,50,1.0,0,0.0,snli,related:557ecb7d553ababd27549103,5,0.86895728031364,0.8571000000000001
gemini_primary,gemini,snli:8081167161.jpg#0r1n,40,40,0,1,-0.0,0,0.0,40,1.0,0,0.0,50,50,0,1,-0.0,0,0.0,50,1.0,0,0.0,snli,related:0f8627ec322aef477647fee5,2,0.3686136494567082,0.3612000000000002
gemini_primary,gemini,snli:845623658.jpg#3r1e,40,40,0,1,-0.0,40,1.0,0,0.0,0,0.0,50,50,0,1,-0.0,50,1.0,0,0.0,0,0.0,snli,related:b6ffbc334b5465a1fc4ff82e,2,0.3628856744706107,0.29910000000000003
gemini_primary,gemini,snli:86901941.jpg#2r1n,40,40,0,1,-0.0,0,0.0,40,1.0,0,0.0,50,50,0,1,-0.0,0,0.0,50,1.0,0,0.0,snli,related:7a3d55c0f8f72c8eafd80b9e,1,0.15286935115005693,0.11519999999999997
openai_primary,openai,mnli:100319e,40,40,0,1,-0.0,40,1.0,0,0.0,0,0.0,50,50,0,1,-0.0,50,1.0,0,0.0,0,0.0,mnli,related:2c70f2228d8b322053c9819a,4,0.8093391899010808,0.8312999999999999
openai_primary,openai,mnli:101245n,40,40,0,2,0.48530664205811297,31,0.775,9,0.225,0,0.0,50,50,0,2,0.5016145675514593,38,0.76,12,0.24,0,0.0,mnli,related:cd025cffd136ef90b92e43cd,2,0.5500768449304291,0.5697000000000001
openai_primary,openai,mnli:102923n,40,40,0,1,-0.0,40,1.0,0,0.0,0,0.0,50,50,0,1,-0.0,50,1.0,0,0.0,0,0.0,mnli,related:2afa59460ce40cb5f40585b1,1,0.4425792153219578,0.4616999999999998
openai_primary,openai,mnli:103354n,40,40,0,1,-0.0,40,1.0,0,0.0,0,0.0,50,50,0,1,-0.0,50,1.0,0,0.0,0,0.0,mnli,related:13612884c6f143784b9eef6d,1,0.47961229531682303,0.5147999999999999
openai_primary,openai,mnli:104395n,40,40,0,2,0.18069636157678548,38,0.95,2,0.05,0,0.0,50,50,0,2,0.15286935115005693,48,0.96,2,0.04,0,0.0,mnli,related:82cb3788c0b00b292ea5cb56,3,0.6650749297033755,0.7115999999999999
openai_primary,openai,mnli:105561n,40,40,0,2,0.18069636157678548,2,0.05,38,0.95,0,0.0,50,50,0,2,0.15286935115005693,2,0.04,48,0.96,0,0.0,mnli,related:3a0e95f63bed1f95abafd231,4,0.8152365782998114,0.8403
openai_primary,openai,mnli:105790e,40,40,0,1,-0.0,40,1.0,0,0.0,0,0.0,50,50,0,1,-0.0,50,1.0,0,0.0,0,0.0,mnli,related:3064da1a57b440a546aeabf2,1,0.4448532321246563,0.37320000000000003
openai_primary,openai,mnli:105911n,40,40,0,2,0.6021808102656678,0,0.0,25,0.625,15,0.375,50,50,0,2,0.5834956376269081,0,0.0,33,0.66,17,0.34,mnli,related:354268dcd462e6cc195a8195,4,0.8117014562291199,0.8349
openai_primary,openai,mnli:107020c,40,40,0,1,-0.0,0,0.0,40,1.0,0,0.0,50,50,0,1,-0.0,0,0.0,50,1.0,0,0.0,mnli,related:5bbaa8e9403f2d180143dbc4,5,0.9119722237214369,0.9117000000000001
openai_primary,openai,mnli:107302e,40,40,0,3,0.6977241547344534,24,0.6,1,0.025,15,0.375,50,50,0,3,0.821473367922256,27,0.54,4,0.08,19,0.38,mnli,related:dff5ff76b264137c0e33decd,1,0.4425792153219578,0.4616999999999998
openai_primary,openai,mnli:108027e,40,40,0,3,0.6713088601248792,13,0.325,26,0.65,1,0.025,50,50,0,3,0.6848801639200583,19,0.38,30,0.6,1,0.02,mnli,related:6fa41e8911020e026d3ace6d,3,0.6997359065970814,0.6453000000000001
openai_primary,openai,mnli:108813n,40,40,0,1,-0.0,40,1.0,0,0.0,0,0.0,50,50,0,1,-0.0,50,1.0,0,0.0,0,0.0,mnli,related:7eeee26138ca622cc5b07e14,1,0.3154118522911846,0.29369999999999996
openai_primary,openai,mnli:109876n,40,40,0,2,0.5739795876036418,27,0.675,13,0.325,0,0.0,50,50,0,2,0.5834956376269081,33,0.66,17,0.34,0,0.0,mnli,related:639601cad27d2ecc35baea21,5,0.9713107216099229,0.9675
openai_primary,openai,mnli:111693e,40,40,0,2,0.18069636157678548,2,0.05,38,0.95,0,0.0,50,50,0,2,0.20659474215035953,3,0.06,47,0.94,0,0.0,mnli,related:e5a256d3ca27ce4ff101427f,5,0.975115363920752,0.9729000000000001
openai_primary,openai,mnli:112402c,40,40,0,2,0.42210199594763664,7,0.175,33,0.825,0,0.0,50,50,0,2,0.40020477099739327,8,0.16,42,0.84,0,0.0,mnli,related:4e49da2b5e92d1f37a98c720,5,0.9005609085670006,0.9069
openai_primary,openai,mnli:112547n,40,40,0,1,-0.0,0,0.0,0,0.0,40,1.0,50,50,0,1,-0.0,0,0.0,0,0.0,50,1.0,mnli,related:e34d79573919ad5b941f6a50,4,0.7583722676863826,0.8061000000000001
openai_primary,openai,mnli:114458n,40,40,0,3,0.4462841661186387,1,0.025,34,0.85,5,0.125,50,50,0,3,0.5146665698614722,1,0.02,40,0.8,9,0.18,mnli,related:0d39e3ebba0bfb2846bb93ed,5,0.8494778557207068,0.8667
openai_primary,openai,mnli:115173n,40,40,0,2,0.10641319994632661,0,0.0,39,0.975,1,0.025,50,50,0,2,0.08923904665092415,0,0.0,49,0.98,1,0.02,mnli,related:33103ccda91c06a4f01ef88f,1,0.5283125606810566,0.5379
openai_primary,openai,mnli:117894n,40,40,0,2,0.18069636157678548,38,0.95,2,0.05,0,0.0,50,50,0,2,0.15286935115005693,48,0.96,2,0.04,0,0.0,mnli,related:3d95500a728f0c500d236f2e,3,0.668760540379691,0.6902999999999999
openai_primary,openai,mnli:118141n,40,40,0,1,-0.0,40,1.0,0,0.0,0,0.0,50,50,0,1,-0.0,50,1.0,0,0.0,0,0.0,mnli,related:e9e5e927a894d9fa9b3f65d5,2,0.6265115205054576,0.6273000000000001
openai_primary,openai,mnli:118460n,40,40,0,1,-0.0,40,1.0,0,0.0,0,0.0,50,50,0,1,-0.0,50,1.0,0,0.0,0,0.0,mnli,related:d3c3938ec96b17734a585789,2,0.5642760147640484,0.5604000000000001
openai_primary,openai,mnli:122393n,40,40,0,2,0.34295098019812775,35,0.875,5,0.125,0,0.0,50,50,0,2,0.29590327428938457,45,0.9,5,0.1,0,0.0,mnli,related:8e93cc74274955f209f392b6,2,0.6310305925570608,0.6591000000000002
openai_primary,openai,mnli:123953e,40,40,0,2,0.18069636157678548,0,0.0,2,0.05,38,0.95,50,50,0,2,0.20659474215035953,0,0.0,3,0.06,47,0.94,mnli,related:8ba2267b808d4fba4d96adaf,5,0.9726371951521047,0.9686999999999999
openai_primary,openai,mnli:127410n,40,40,0,2,0.10641319994632661,1,0.025,0,0.0,39,0.975,50,50,0,2,0.08923904665092415,1,0.02,0,0.0,49,0.98,mnli,related:3e58a45b553faba55103fe8d,2,0.6357863828604826,0.5709000000000001
openai_primary,openai,mnli:127903c,40,40,0,1,-0.0,0,0.0,0,0.0,40,1.0,50,50,0,1,-0.0,0,0.0,0,0.0,50,1.0,mnli,related:f6978a75956091e1b10be905,5,0.9249552242689056,0.9123
openai_primary,openai,mnli:128160n,40,40,0,2,0.10641319994632661,39,0.975,1,0.025,0,0.0,50,50,0,2,0.08923904665092415,49,0.98,1,0.02,0,0.0,mnli,related:0f7da56dd43a4c7e41f140f3,2,0.6048685850552654,0.5463
openai_primary,openai,mnli:128497c,40,40,0,1,-0.0,0,0.0,0,0.0,40,1.0,50,50,0,1,-0.0,0,0.0,0,0.0,50,1.0,mnli,related:1c2a531312f2c4d7ad7c7ca2,4,0.7308435127689968,0.7868999999999999
openai_primary,openai,mnli:128832c,40,40,0,1,-0.0,0,0.0,0,0.0,40,1.0,50,50,0,1,-0.0,0,0.0,0,0.0,50,1.0,mnli,related:22a3aee2baae538f94428c69,4,0.7578031622544015,0.8051999999999999
openai_primary,openai,mnli:129360e,40,39,1,2,0.24684720518702505,36,0.9230769230769231,3,0.07692307692307693,0,0.0,50,49,1,2,0.20964952172081355,46,0.9387755102040817,3,0.061224489795918366,0,0.0,mnli,related:88f26cdceadf8acf59a3f3e3,2,0.6245611559639105,0.6830999999999999
openai_primary,openai,mnli:129601e,40,40,0,1,-0.0,40,1.0,0,0.0,0,0.0,50,50,0,1,-0.0,50,1.0,0,0.0,0,0.0,mnli,related:96329f105348c39e5b613f44,1,0.29590327428938457,0.2699999999999999
openai_primary,openai,mnli:130482c,40,40,0,2,0.10641319994632661,0,0.0,1,0.025,39,0.975,50,50,0,2,0.08923904665092415,0,0.0,1,0.02,49,0.98,mnli,related:84313ad2dd8af6dfa5a48826,3,0.6718663973271148,0.7587
openai_primary,openai,mnli:130680e,40,40,0,1,-0.0,40,1.0,0,0.0,0,0.0,50,50,0,1,-0.0,50,1.0,0,0.0,0,0.0,mnli,related:b8c27ad023aefd4b83f5049c,1,0.27538179412163355,0.24569999999999992
openai_primary,openai,mnli:130869c,40,40,0,3,0.7752800080998893,21,0.525,17,0.425,2,0.05,50,50,0,3,0.7979245137145226,25,0.5,22,0.44,3,0.06,mnli,related:59716dba32a0539946a3abae,4,0.7515090682546727,0.7188
openai_primary,openai,mnli:131261n,40,40,0,1,-0.0,40,1.0,0,0.0,0,0.0,50,50,0,1,-0.0,50,1.0,0,0.0,0,0.0,mnli,related:72ac97b96257ebbc10e83e88,4,0.7692552373208171,0.8024999999999999
openai_primary,openai,mnli:131461c,40,40,0,1,-0.0,0,0.0,0,0.0,40,1.0,50,50,0,1,-0.0,0,0.0,0,0.0,50,1.0,mnli,related:e94abdaae2ab1e0329f70696,4,0.7342271246466371,0.7923
openai_primary,openai,mnli:132019n,40,40,0,3,0.487430189015167,33,0.825,1,0.025,6,0.15,50,50,0,3,0.45507692782909376,42,0.84,1,0.02,7,0.14,mnli,related:b29a357fc441619574364329,2,0.6257309858938136,0.5925
openai_primary,openai,mnli:132539e,40,40,0,1,-0.0,40,1.0,0,0.0,0,0.0,50,50,0,1,-0.0,50,1.0,0,0.0,0,0.0,mnli,related:202b696bb9c94dbb26ca2156,5,0.9007944381210607,0.9012
openai_primary,openai,mnli:133433e,40,40,0,1,-0.0,0,0.0,40,1.0,0,0.0,50,50,0,1,-0.0,0,0.0,50,1.0,0,0.0,mnli,related:d32bcf20fb9ae456dfac7405,5,0.9522267321171792,0.9519000000000001
openai_primary,openai,mnli:133966e,40,39,1,2,0.10854323006054536,38,0.9743589743589743,1,0.02564102564102564,0,0.0,50,49,1,2,0.15522296464956842,47,0.9591836734693877,2,0.04081632653061224,0,0.0,mnli,related:5d6e1374973fcb92ba275840,4,0.7487513982482873,0.7413
openai_primary,openai,mnli:134356n,40,40,0,1,-0.0,40,1.0,0,0.0,0,0.0,50,50,0,1,-0.0,50,1.0,0,0.0,0,0.0,mnli,related:f1caf01bbd568cb929d5a08c,2,0.5857991584114902,0.5916
openai_primary,openai,mnli:135449n,40,40,0,2,0.6297914799805243,21,0.525,19,0.475,0,0.0,50,50,0,2,0.628013873115187,23,0.46,27,0.54,0,0.0,mnli,related:ad7ded14496a37636b11e27a,5,0.884642930879194,0.8679
openai_primary,openai,mnli:136860c,40,40,0,1,-0.0,0,0.0,0,0.0,40,1.0,50,50,0,1,-0.0,0,0.0,0,0.0,50,1.0,mnli,related:94e409aee0c03f60f0f84c9a,5,0.8231872352784078,0.7958999999999999
openai_primary,openai,mnli:137399e,40,40,0,2,0.620650811723053,17,0.425,23,0.575,0,0.0,50,50,0,2,0.6126016192893442,20,0.4,30,0.6,0,0.0,mnli,related:9d8aecc4f7be7deb45f39de1,2,0.5602004156954052,0.5847000000000001
openai_primary,openai,mnli:13760c,40,40,0,3,0.4195261826092958,2,0.05,3,0.075,35,0.875,50,50,0,3,0.45563901376787413,4,0.08,3,0.06,43,0.86,mnli,related:9cbe55a1c3c42390af99d893,3,0.6956079776687244,0.7599000000000001
openai_primary,openai,mnli:138227e,40,40,0,2,0.18069636157678548,2,0.05,38,0.95,0,0.0,50,50,0,2,0.20659474215035953,3,0.06,47,0.94,0,0.0,mnli,related:2180ef2d2c00481401b48665,1,0.3628856744706107,0.29910000000000003
openai_primary,openai,mnli:13911n,40,40,0,1,-0.0,0,0.0,0,0.0,40,1.0,50,50,0,1,-0.0,0,0.0,0,0.0,50,1.0,mnli,related:12c35ea88fda20302d734c2c,5,0.8853971727493658,0.8853000000000001
openai_primary,openai,mnli:139481e,40,40,0,1,-0.0,40,1.0,0,0.0,0,0.0,50,50,0,1,-0.0,50,1.0,0,0.0,0,0.0,mnli,related:501bb9677ba38385cf883039,2,0.6062557151083064,0.5979000000000001
openai_primary,openai,mnli:141321n,40,40,0,2,0.4554859150035952,0,0.0,8,0.2,32,0.8,50,50,0,2,0.4290808428709484,0,0.0,9,0.18,41,0.82,mnli,related:a5adea06a8f1b7e6f21ebefa,4,0.8120130853909596,0.7893
openai_primary,openai,mnli:141525e,40,40,0,1,-0.0,40,1.0,0,0.0,0,0.0,50,50,0,1,-0.0,50,1.0,0,0.0,0,0.0,mnli,related:2c33538bf9baf1365adc769e,4,0.7391392620766545,0.7563
openai_primary,openai,mnli:142630n,40,40,0,1,-0.0,0,0.0,40,1.0,0,0.0,50,50,0,2,0.08923904665092415,1,0.02,49,0.98,0,0.0,mnli,related:a631841fc16aa0ba8a756c85,3,0.7068069462659552,0.7778999999999999
openai_primary,openai,mnli:15110n,40,40,0,1,-0.0,0,0.0,40,1.0,0,0.0,50,50,0,1,-0.0,0,0.0,50,1.0,0,0.0,mnli,related:a197edd3174cb80d8bf4e7ef,5,0.949021664825559,0.9453
openai_primary,openai,mnli:16086n,40,40,0,2,0.10641319994632661,1,0.025,0,0.0,39,0.975,50,50,0,2,0.08923904665092415,1,0.02,0,0.0,49,0.98,mnli,related:b619b7521d32f00c3daaa74b,5,0.8537881944388862,0.8627999999999999
openai_primary,openai,mnli:16521n,40,40,0,2,0.10641319994632661,1,0.025,0,0.0,39,0.975,50,50,0,2,0.08923904665092415,1,0.02,0,0.0,49,0.98,mnli,related:fc6f269339731edc3a43a2d9,3,0.6755492768969195,0.7647
openai_primary,openai,mnli:16835n,40,40,0,2,0.10641319994632661,39,0.975,1,0.025,0,0.0,50,50,0,2,0.08923904665092415,49,0.98,1,0.02,0,0.0,mnli,related:cc3c434c07dd8f232230c049,2,0.6180439169521745,0.6728999999999998
openai_primary,openai,mnli:17660e,40,40,0,2,0.24247358783039705,37,0.925,3,0.075,0,0.0,50,50,0,2,0.2537468173658883,46,0.92,4,0.08,0,0.0,mnli,related:e5a0e5aa51f311d3ef47cf72,3,0.6757771722222379,0.7284
openai_primary,openai,mnli:18086n,40,40,0,2,0.6126016192893442,24,0.6,16,0.4,0,0.0,50,50,0,2,0.6126016192893442,30,0.6,20,0.4,0,0.0,mnli,related:35a32e2c82fc13d7db9746b0,3,0.6924176276387906,0.7548
openai_primary,openai,mnli:19208c,40,40,0,2,0.6309297535714574,0,0.0,20,0.5,20,0.5,50,50,0,2,0.628013873115187,0,0.0,27,0.54,23,0.46,mnli,related:4743fb25e740c6c469fccb60,3,0.6744454683101251,0.7628999999999999
openai_primary,openai,mnli:19768e,40,40,0,2,0.42210199594763664,33,0.825,7,0.175,0,0.0,50,50,0,2,0.4554859150035952,40,0.8,10,0.2,0,0.0,mnli,related:279344c8f0a5e6d3cdc4ec6a,4,0.7756368676378311,0.7688999999999999
openai_primary,openai,mnli:2043n,40,40,0,2,0.10641319994632661,1,0.025,39,0.975,0,0.0,50,50,0,2,0.08923904665092415,1,0.02,49,0.98,0,0.0,mnli,related:82311f72927e0ae820c7dd86,4,0.8152365782998114,0.8403
openai_primary,openai,mnli:21420e,40,40,0,2,0.18069636157678548,38,0.95,2,0.05,0,0.0,50,50,0,2,0.15286935115005693,48,0.96,2,0.04,0,0.0,mnli,related:a9f24fd08bf0645f4a9fe3f4,2,0.5857991584114902,0.5916
openai_primary,openai,mnli:22235c,40,40,0,1,-0.0,0,0.0,40,1.0,0,0.0,50,50,0,1,-0.0,0,0.0,50,1.0,0,0.0,mnli,related:40470e67d268d5d7609173ec,5,0.9615814646507949,0.9597000000000001
openai_primary,openai,mnli:22938e,40,40,0,1,-0.0,40,1.0,0,0.0,0,0.0,50,50,0,1,-0.0,50,1.0,0,0.0,0,0.0,mnli,related:b5fae59cae16dcb1a71cc89f,3,0.6758559519668015,0.7011
openai_primary,openai,mnli:24043e,40,40,0,2,0.18069636157678548,38,0.95,2,0.05,0,0.0,50,50,0,2,0.15286935115005693,48,0.96,2,0.04,0,0.0,mnli,related:b479dc1f20eef780811da339,1,0.47101421773437824,0.4323
openai_primary,openai,mnli:24755e,40,40,0,1,-0.0,40,1.0,0,0.0,0,0.0,50,50,0,1,-0.0,50,1.0,0,0.0,0,0.0,mnli,related:2a7b1455725ed7fefe9339cc,2,0.5642760147640484,0.5604000000000001
openai_primary,openai,mnli:24929e,40,40,0,2,0.10641319994632661,39,0.975,1,0.025,0,0.0,50,50,0,2,0.08923904665092415,49,0.98,1,0.02,0,0.0,mnli,related:76a4e9adb0dfe79cd0dd5a19,1,0.5333692724423735,0.46440000000000015
openai_primary,openai,mnli:2529c,40,40,0,1,-0.0,0,0.0,0,0.0,40,1.0,50,50,0,1,-0.0,0,0.0,0,0.0,50,1.0,mnli,related:11d4e96822fc77a8a345b4a5,1,0.5007746265697037,0.4718999999999998
openai_primary,openai,mnli:26372n,40,40,0,2,0.24247358783039705,37,0.925,3,0.075,0,0.0,50,50,0,2,0.29590327428938457,45,0.9,5,0.1,0,0.0,mnli,related:0f1adf5e0081c3c51ae1e10a,3,0.7028980344324497,0.7716
openai_primary,openai,mnli:28306c,40,40,0,1,-0.0,0,0.0,0,0.0,40,1.0,50,50,0,1,-0.0,0,0.0,0,0.0,50,1.0,mnli,related:5ad72d42bba5575ca688bc0a,4,0.7577945484203429,0.7131000000000001
openai_primary,openai,mnli:28456n,40,40,0,2,0.6297914799805243,0,0.0,19,0.475,21,0.525,50,50,0,2,0.6309297535714574,0,0.0,25,0.5,25,0.5,mnli,related:c59cffb20389eac54c5c00ad,2,0.6111063202213676,0.6620999999999999
openai_primary,openai,mnli:28459c,40,40,0,1,-0.0,0,0.0,40,1.0,0,0.0,50,50,0,1,-0.0,0,0.0,50,1.0,0,0.0,mnli,related:7c5457fdfe9ed90bf7b6cff6,2,0.621980038474333,0.7353000000000002
openai_primary,openai,mnli:304n,40,40,0,1,-0.0,40,1.0,0,0.0,0,0.0,50,50,0,1,-0.0,50,1.0,0,0.0,0,0.0,mnli,related:2cc0b76ca7c99fb7978b9001,1,0.49162518731895233,0.4856999999999998
openai_primary,openai,mnli:30592n,40,40,0,2,0.10641319994632661,1,0.025,39,0.975,0,0.0,50,50,0,2,0.08923904665092415,1,0.02,49,0.98,0,0.0,mnli,related:efdc58e5fbfc43d44000fe01,1,0.4642348715761745,0.44790000000000013
openai_primary,openai,mnli:31249e,40,40,0,1,-0.0,40,1.0,0,0.0,0,0.0,50,50,0,1,-0.0,50,1.0,0,0.0,0,0.0,mnli,related:e6cb4ce55472eb9a14339504,1,0.45563901376787413,0.3756000000000001
openai_primary,openai,mnli:32196n,40,40,0,2,0.589331327997029,14,0.35,26,0.65,0,0.0,50,50,0,2,0.5834956376269081,17,0.34,33,0.66,0,0.0,mnli,related:b582827bd3ea1fb98abacba4,5,0.8858931682915012,0.8927999999999999
openai_primary,openai,mnli:33822c,40,40,0,1,-0.0,0,0.0,40,1.0,0,0.0,50,50,0,1,-0.0,0,0.0,50,1.0,0,0.0,mnli,related:23f585665d5efc1ae0f5f590,4,0.7623516473575125,0.7406999999999999
openai_primary,openai,mnli:33822n,40,40,0,1,-0.0,0,0.0,40,1.0,0,0.0,50,50,0,1,-0.0,0,0.0,50,1.0,0,0.0,mnli,related:23f585665d5efc1ae0f5f590,2,0.573352180603001,0.5072999999999998
openai_primary,openai,mnli:35138c,40,40,0,2,0.34295098019812775,0,0.0,5,0.125,35,0.875,50,50,0,2,0.40020477099739327,0,0.0,8,0.16,42,0.84,mnli,related:2d5fdc4b30b2d9e2fc637f9e,3,0.6694469613799563,0.6537
openai_primary,openai,mnli:35422c,40,40,0,1,-0.0,0,0.0,40,1.0,0,0.0,50,50,0,1,-0.0,0,0.0,50,1.0,0,0.0,mnli,related:a0ad4592449c37dbaca2c062,3,0.7236149531707791,0.7052999999999999
openai_primary,openai,mnli:37633n,40,40,0,2,0.10641319994632661,0,0.0,39,0.975,1,0.025,50,50,0,2,0.08923904665092415,0,0.0,49,0.98,1,0.02,mnli,related:5b1c86d6d70266026e88ac33,1,0.4342537851754369,0.40770000000000023
openai_primary,openai,mnli:3839c,40,40,0,2,0.6126016192893442,0,0.0,16,0.4,24,0.6,50,50,0,2,0.6126016192893442,0,0.0,20,0.4,30,0.6,mnli,related:cf2a727ab26853fff51202d8,4,0.7463685701896878,0.7871999999999999
openai_primary,openai,mnli:38421n,40,40,0,2,0.6297914799805243,21,0.525,19,0.475,0,0.0,50,50,0,2,0.628013873115187,27,0.54,23,0.46,0,0.0,mnli,related:d4f3b2e89d25c02b736fcefb,1,0.3414518657897441,0.2747999999999999
openai_primary,openai,mnli:38784n,40,40,0,2,0.10641319994632661,0,0.0,1,0.025,39,0.975,50,50,0,2,0.08923904665092415,0,0.0,1,0.02,49,0.98,mnli,related:bfa334630c362ce94b33be8f,3,0.715171354568791,0.7388999999999999
openai_primary,openai,mnli:38925n,40,40,0,2,0.10641319994632661,0,0.0,39,0.975,1,0.025,50,50,0,2,0.08923904665092415,0,0.0,49,0.98,1,0.02,mnli,related:d9f7d38368c97a507e130adb,4,0.8175878511739982,0.8439
openai_primary,openai,mnli:40099c,40,40,0,1,-0.0,0,0.0,40,1.0,0,0.0,50,50,0,1,-0.0,0,0.0,50,1.0,0,0.0,mnli,related:1ef35842584fa84d5aea4b52,3,0.7268051630788016,0.7377
openai_primary,openai,mnli:40100e,40,40,0,1,-0.0,40,1.0,0,0.0,0,0.0,50,50,0,1,-0.0,50,1.0,0,0.0,0,0.0,mnli,related:7290a29d986998625dafab55,1,0.2113264425412527,0.1443000000000001
openai_primary,openai,mnli:43094c,40,40,0,1,-0.0,0,0.0,40,1.0,0,0.0,50,50,0,1,-0.0,0,0.0,50,1.0,0,0.0,mnli,related:9917a1b6d4056ad6e12eaefa,3,0.6755492768969195,0.7647
openai_primary,openai,mnli:43897e,40,39,1,2,0.24684720518702505,3,0.07692307692307693,36,0.9230769230769231,0,0.0,50,49,1,2,0.2573600195294081,4,0.08163265306122448,45,0.9183673469387755,0,0.0,mnli,related:a38f18581c8c2962ed1a78b8,3,0.7049911514071078,0.7461000000000001
openai_primary,openai,mnli:44834n,40,40,0,3,0.3589962496465303,2,0.05,2,0.05,36,0.9,50,50,0,3,0.3042211976516048,2,0.04,2,0.04,46,0.92,mnli,related:a51c410455c3213baff97ac8,5,0.9715040828476419,0.9708
openai_primary,openai,mnli:45089c,40,40,0,2,0.5739795876036418,0,0.0,27,0.675,13,0.325,50,50,0,2,0.5397293690992068,0,0.0,36,0.72,14,0.28,mnli,related:a5c8944f8857ab7fe6a92b7c,2,0.628013873115187,0.7451999999999999
openai_primary,openai,mnli:45749n,40,40,0,2,0.4554859150035952,0,0.0,32,0.8,8,0.2,50,50,0,2,0.4290808428709484,0,0.0,41,0.82,9,0.18,mnli,related:6c4df4d2f61d6d632ae70bb0,4,0.7883776764439291,0.7691999999999999
openai_primary,openai,mnli:45957e,40,39,1,1,-0.0,39,1.0,0,0.0,0,0.0,50,49,1,2,0.09068111698162355,48,0.9795918367346939,1,0.02040816326530612,0,0.0,mnli,related:9ccd616447285f06dabd69a5,5,0.9776876721714716,0.9753000000000001
openai_primary,openai,mnli:46063n,40,40,0,2,0.10641319994632661,1,0.025,39,0.975,0,0.0,50,50,0,2,0.08923904665092415,1,0.02,49,0.98,0,0.0,mnli,related:ffd37bc1a0aef6c1f603bf8f,1,0.40140466230784827,0.3651000000000001
openai_primary,openai,mnli:46576e,40,38,2,2,0.619535658677928,22,0.5789473684210527,16,0.42105263157894735,0,0.0,50,48,2,2,0.6237998740277074,27,0.5625,21,0.4375,0,0.0,mnli,related:8cb077be511f327863ca6525,3,0.7236149531707791,0.7052999999999999
openai_primary,openai,mnli:46820e,40,40,0,2,0.18069636157678548,38,0.95,2,0.05,0,0.0,50,50,0,2,0.15286935115005693,48,0.96,2,0.04,0,0.0,mnli,related:9fa72acd204b6cc14d284bb4,5,0.8541738385892101,0.8546999999999998
openai_primary,openai,mnli:49123n,40,40,0,1,-0.0,0,0.0,0,0.0,40,1.0,50,50,0,1,-0.0,0,0.0,0,0.0,50,1.0,mnli,related:9f0bced239549d9c195919b2,5,0.8629306843873523,0.8763000000000001
openai_primary,openai,mnli:49237c,40,40,0,1,-0.0,0,0.0,0,0.0,40,1.0,50,50,0,1,-0.0,0,0.0,0,0.0,50,1.0,mnli,related:452b06175c4f1ee01ec31ccc,1,0.27538179412163355,0.24569999999999992
openai_primary,openai,mnli:49434n,40,40,0,1,-0.0,40,1.0,0,0.0,0,0.0,50,50,0,1,-0.0,50,1.0,0,0.0,0,0.0,mnli,related:edce35e0ba4f9e31c22fd842,1,0.3339895202861302,0.3168000000000001
openai_primary,openai,mnli:50830n,40,40,0,2,0.556032649876389,28,0.7,12,0.3,0,0.0,50,50,0,2,0.5016145675514593,38,0.76,12,0.24,0,0.0,mnli,related:f60b5eb3a5aa1303a78bf47f,5,0.8454701750069316,0.8607000000000001
openai_primary,openai,mnli:52542n,40,40,0,1,-0.0,0,0.0,40,1.0,0,0.0,50,50,0,1,-0.0,0,0.0,50,1.0,0,0.0,mnli,related:f732fbb79406fb9edea3abbd,1,0.44958379862776376,0.4281
openai_primary,openai,mnli:52806e,40,40,0,1,-0.0,40,1.0,0,0.0,0,0.0,50,50,0,1,-0.0,50,1.0,0,0.0,0,0.0,mnli,related:737f7bd31a979e3beb0f04ad,2,0.5857991584114902,0.5916
openai_primary,openai,mnli:53074n,40,40,0,3,0.8387364917867971,11,0.275,24,0.6,5,0.125,50,50,0,3,0.8953124164139568,13,0.26,28,0.56,9,0.18,mnli,related:db3fedad9c9934412991197f,3,0.7246575639373701,0.6969000000000002
openai_primary,openai,mnli:53171n,40,40,0,2,0.384766393172661,6,0.15,34,0.85,0,0.0,50,50,0,3,0.4208762039107323,6,0.12,43,0.86,1,0.02,mnli,related:ccce06ebd1c87a751ec09343,4,0.7742698177315943,0.8103
openai_primary,openai,mnli:53415n,40,40,0,2,0.589331327997029,0,0.0,26,0.65,14,0.35,50,50,0,2,0.60445721699434,0,0.0,31,0.62,19,0.38,mnli,related:f9482c77761f63c350fab2c3,2,0.5998073091663122,0.6992999999999999
openai_primary,openai,mnli:53953n,40,40,0,1,-0.0,40,1.0,0,0.0,0,0.0,50,50,0,1,-0.0,50,1.0,0,0.0,0,0.0,mnli,related:dd0808329870bc3f86753f95,1,0.32549360171832303,0.27269999999999994
openai_primary,openai,mnli:55888c,40,39,1,2,0.10854323006054536,38,0.9743589743589743,1,0.02564102564102564,0,0.0,50,49,1,2,0.09068111698162355,48,0.9795918367346939,1,0.02040816326530612,0,0.0,mnli,related:a485d9437ffa5418c5c17330,4,0.8117014562291199,0.8349
openai_primary,openai,mnli:58357c,40,40,0,3,0.8621215689004271,7,0.175,24,0.6,9,0.225,50,50,0,3,0.886884108997377,8,0.16,28,0.56,14,0.28,mnli,related:af894faf77e839b77ceb5215,2,0.6000430042650235,0.5712
openai_primary,openai,mnli:58377n,40,40,0,2,0.48530664205811297,31,0.775,9,0.225,0,0.0,50,50,0,2,0.5016145675514593,38,0.76,12,0.24,0,0.0,mnli,related:39ae8c37a88d926801eb872f,2,0.5959406540511122,0.6387000000000002
openai_primary,openai,mnli:62273n,40,40,0,1,-0.0,40,1.0,0,0.0,0,0.0,50,50,0,1,-0.0,50,1.0,0,0.0,0,0.0,mnli,related:e10d538a734636e0b662c8ed,5,0.8342021906516291,0.8556
openai_primary,openai,mnli:62287n,40,40,0,3,0.7199877141320895,2,0.05,26,0.65,12,0.3,50,50,0,3,0.6803454839201113,2,0.04,34,0.68,14,0.28,mnli,related:2de7922e8bc2da3d77970230,5,0.8979267872267827,0.8853
openai_primary,openai,mnli:63751e,40,40,0,1,-0.0,40,1.0,0,0.0,0,0.0,50,50,0,1,-0.0,50,1.0,0,0.0,0,0.0,mnli,related:3006cd744b773e311695e33c,3,0.7210194362354154,0.7713
openai_primary,openai,mnli:65066n,40,40,0,2,0.24247358783039705,3,0.075,0,0.0,37,0.925,50,50,0,2,0.20659474215035953,3,0.06,0,0.0,47,0.94,mnli,related:e77cc5a46c91c635c67c71d6,2,0.6310305925570608,0.6591000000000002
openai_primary,openai,mnli:65650e,40,40,0,2,0.556032649876389,28,0.7,12,0.3,0,0.0,50,50,0,2,0.5397293690992068,36,0.72,14,0.28,0,0.0,mnli,related:afcab309e278b891ca79abbb,3,0.6718663973271148,0.7587
openai_primary,openai,mnli:66937n,40,39,1,1,-0.0,39,1.0,0,0.0,0,0.0,50,49,1,1,-0.0,49,1.0,0,0.0,0,0.0,mnli,related:f780c74702e02ef1fa73cc9c,3,0.688759043111807,0.7208999999999999
openai_primary,openai,mnli:69906c,40,40,0,2,0.589331327997029,14,0.35,26,0.65,0,0.0,50,50,0,2,0.5834956376269081,17,0.34,33,0.66,0,0.0,mnli,related:5224d8be5550014b94a2602f,5,0.9001423155764294,0.9063000000000001
openai_primary,openai,mnli:70590c,40,40,0,2,0.6297914799805243,0,0.0,19,0.475,21,0.525,50,50,0,2,0.628013873115187,0,0.0,23,0.46,27,0.54,mnli,related:f7c3c4ca3021e9e5fe5b6472,3,0.6755492768969195,0.7647
openai_primary,openai,mnli:7096n,40,40,0,1,-0.0,0,0.0,40,1.0,0,0.0,50,50,0,1,-0.0,0,0.0,50,1.0,0,0.0,mnli,related:6bf113c6436d9e2a5b2f625b,2,0.5957997201315275,0.6063000000000002
openai_primary,openai,mnli:71099n,40,39,1,2,0.5181705821880987,29,0.7435897435897436,10,0.2564102564102564,0,0.0,50,49,1,2,0.5606736244508914,34,0.6938775510204082,15,0.30612244897959184,0,0.0,mnli,related:24b250830c6c271c5d556d4c,2,0.6310305925570608,0.6591000000000002
openai_primary,openai,mnli:71273c,40,40,0,1,-0.0,0,0.0,0,0.0,40,1.0,50,50,0,1,-0.0,0,0.0,0,0.0,50,1.0,mnli,related:9d28040da51445bf9aa59329,1,0.451669263803415,0.37470000000000003
openai_primary,openai,mnli:73156e,40,40,0,1,-0.0,40,1.0,0,0.0,0,0.0,50,50,0,1,-0.0,50,1.0,0,0.0,0,0.0,mnli,related:c828e378223d5ccbd49877d1,4,0.7756368676378311,0.7688999999999999
openai_primary,openai,mnli:73278n,40,40,0,2,0.24247358783039705,37,0.925,3,0.075,0,0.0,50,50,0,2,0.20659474215035953,47,0.94,3,0.06,0,0.0,mnli,related:c400b070ce6d15a1ce26d2da,5,0.9247548024237994,0.9249
openai_primary,openai,mnli:7531e,40,40,0,2,0.5118595071429147,10,0.25,30,0.75,0,0.0,50,50,0,3,0.5642760147640484,11,0.22,38,0.76,1,0.02,mnli,related:f8305cc21461b5dd32274b51,1,0.40020477099739327,0.4032000000000002
openai_primary,openai,mnli:75838n,40,40,0,1,-0.0,40,1.0,0,0.0,0,0.0,50,50,0,1,-0.0,50,1.0,0,0.0,0,0.0,mnli,related:27520517d2e62a4d9db63007,4,0.751717230216656,0.7956
openai_primary,openai,mnli:77175c,40,40,0,2,0.48530664205811297,31,0.775,9,0.225,0,0.0,50,50,0,2,0.4554859150035952,40,0.8,10,0.2,0,0.0,mnli,related:57ca63d53369e22bbfa62ad8,5,0.8853971727493658,0.8853000000000001
openai_primary,openai,mnli:77175n,40,40,0,1,-0.0,0,0.0,40,1.0,0,0.0,50,50,0,2,0.20659474215035953,3,0.06,47,0.94,0,0.0,mnli,related:57ca63d53369e22bbfa62ad8,4,0.7391392620766545,0.7563
openai_primary,openai,mnli:77875e,40,40,0,1,-0.0,40,1.0,0,0.0,0,0.0,50,50,0,1,-0.0,50,1.0,0,0.0,0,0.0,mnli,related:3b575a0e4a9c50ce306393e5,1,0.5315861401853634,0.4796999999999998
openai_primary,openai,mnli:79141e,40,40,0,2,0.4554859150035952,32,0.8,8,0.2,0,0.0,50,50,0,2,0.47961229531682303,39,0.78,11,0.22,0,0.0,mnli,related:290fd1e64445012342f0bbf4,3,0.7073644291464858,0.7788
openai_primary,openai,mnli:79507e,40,40,0,1,-0.0,40,1.0,0,0.0,0,0.0,50,50,0,1,-0.0,50,1.0,0,0.0,0,0.0,mnli,related:26591d8f948d86b48deec83c,1,0.5118595071429147,0.5625
openai_primary,openai,mnli:80643n,40,40,0,2,0.10641319994632661,39,0.975,1,0.025,0,0.0,50,50,0,2,0.20659474215035953,47,0.94,3,0.06,0,0.0,mnli,related:4a80bc062537c8291f767653,5,0.9747494803238276,0.9716999999999999
openai_primary,openai,mnli:80930n,40,39,1,2,0.6064727741416684,24,0.6153846153846154,15,0.38461538461538464,0,0.0,50,49,1,2,0.6154883479468024,29,0.5918367346938775,20,0.40816326530612246,0,0.0,mnli,related:26f841597c4cdc9b42f538ba,4,0.7568541031570768,0.8037000000000001
openai_primary,openai,mnli:81469n,40,40,0,3,0.654204929289425,27,0.675,12,0.3,1,0.025,50,50,0,3,0.6527322069307151,33,0.66,16,0.32,1,0.02,mnli,related:780c280678bb1e75278bbb52,1,0.49162518731895233,0.4856999999999998
openai_primary,openai,mnli:81579e,40,40,0,2,0.48530664205811297,9,0.225,31,0.775,0,0.0,50,50,0,2,0.5016145675514593,12,0.24,38,0.76,0,0.0,mnli,related:f4d979be2d003e79724cc3f7,2,0.574559939675675,0.5363999999999999
openai_primary,openai,mnli:81812e,40,40,0,2,0.24247358783039705,37,0.925,3,0.075,0,0.0,50,50,0,2,0.2537468173658883,46,0.92,4,0.08,0,0.0,mnli,related:7fec8d14f641420b043ee54e,4,0.7446691278530929,0.7647
openai_primary,openai,mnli:82349n,40,40,0,2,0.5118595071429147,10,0.25,30,0.75,0,0.0,50,50,0,2,0.556032649876389,15,0.3,35,0.7,0,0.0,mnli,related:7e0ad279a3cc307c40a4f095,2,0.6309976505858845,0.5690999999999999
openai_primary,openai,mnli:82436n,40,40,0,2,0.384766393172661,34,0.85,6,0.15,0,0.0,50,50,0,2,0.40020477099739327,42,0.84,8,0.16,0,0.0,mnli,related:734061f3f5b8648086c12a2f,3,0.6984165968290856,0.7644000000000001
openai_primary,openai,mnli:83248c,40,40,0,2,0.626370941606566,0,0.0,22,0.55,18,0.45,50,50,0,2,0.6243602109020209,0,0.0,28,0.56,22,0.44,mnli,related:b685e530ed93b852d1da0c7c,5,0.8267513364993165,0.8157000000000001
openai_primary,openai,mnli:85838e,40,40,0,1,-0.0,40,1.0,0,0.0,0,0.0,50,50,0,1,-0.0,50,1.0,0,0.0,0,0.0,mnli,related:63a309b86221fd9c041d3f2e,4,0.7872134081209567,0.8127
openai_primary,openai,mnli:86184c,40,40,0,2,0.10641319994632661,1,0.025,39,0.975,0,0.0,50,49,1,2,0.09068111698162355,1,0.02040816326530612,48,0.9795918367346939,0,0.0,mnli,related:3df3fe3e44b224af366e1959,3,0.699989145407344,0.7383
openai_primary,openai,mnli:86886n,40,40,0,1,-0.0,40,1.0,0,0.0,0,0.0,50,50,0,2,0.08923904665092415,49,0.98,0,0.0,1,0.02,mnli,related:c27962095d88d36523323e32,2,0.5947668722929232,0.6912
openai_primary,openai,mnli:88064n,40,40,0,2,0.42210199594763664,33,0.825,7,0.175,0,0.0,50,50,0,2,0.4290808428709484,41,0.82,9,0.18,0,0.0,mnli,related:f32b624f7f062cdb1a9d1fcd,4,0.7988938048632206,0.8307000000000001
openai_primary,openai,mnli:88349n,40,40,0,2,0.6297914799805243,19,0.475,21,0.525,0,0.0,50,50,0,2,0.6309297535714574,25,0.5,25,0.5,0,0.0,mnli,related:ca2b8d4f79b90a82668b79c4,4,0.7824710667211512,0.7788
openai_primary,openai,mnli:89995e,40,40,0,1,-0.0,40,1.0,0,0.0,0,0.0,50,50,0,2,0.08923904665092415,49,0.98,1,0.02,0,0.0,mnli,related:4ae949910e7e513afe417b66,5,0.9078213991733008,0.9110999999999999
openai_primary,openai,mnli:91650n,40,40,0,1,-0.0,40,1.0,0,0.0,0,0.0,50,50,0,1,-0.0,50,1.0,0,0.0,0,0.0,mnli,related:9ab50e7ca06b7f7fac8426c4,1,0.26899191022241986,0.1982999999999998
openai_primary,openai,mnli:92211n,40,40,0,2,0.10641319994632661,39,0.975,1,0.025,0,0.0,50,50,0,2,0.08923904665092415,49,0.98,1,0.02,0,0.0,mnli,related:6b54e7e553cec0494a5fd2f9,3,0.6652116776605258,0.7479000000000001
openai_primary,openai,mnli:92422e,40,40,0,2,0.18069636157678548,38,0.95,2,0.05,0,0.0,50,50,0,2,0.15286935115005693,48,0.96,2,0.04,0,0.0,mnli,related:b3d7c396667932ae69a19300,4,0.7394589821266465,0.7764000000000001
openai_primary,openai,mnli:93236c,40,40,0,1,-0.0,0,0.0,0,0.0,40,1.0,50,50,0,1,-0.0,0,0.0,0,0.0,50,1.0,mnli,related:85688d5a76451f9d3b3bca18,2,0.6386991986127977,0.6708
openai_primary,openai,mnli:93357n,40,40,0,1,-0.0,40,1.0,0,0.0,0,0.0,50,50,0,1,-0.0,50,1.0,0,0.0,0,0.0,mnli,related:d927346cef7bbe5514293005,2,0.6143464649158729,0.6339
openai_primary,openai,mnli:93587e,40,39,1,2,0.10854323006054536,38,0.9743589743589743,1,0.02564102564102564,0,0.0,50,49,1,2,0.09068111698162355,48,0.9795918367346939,1,0.02040816326530612,0,0.0,mnli,related:126ebf7ee35120c6a3afc078,3,0.6744454683101251,0.7628999999999999
openai_primary,openai,mnli:95186n,40,40,0,2,0.620650811723053,23,0.575,17,0.425,0,0.0,50,50,0,2,0.6192284641353301,29,0.58,21,0.42,0,0.0,mnli,related:55a0e13e07144eee7d971d81,3,0.6622433592149579,0.7431000000000001
openai_primary,openai,mnli:96338n,40,40,0,1,-0.0,40,1.0,0,0.0,0,0.0,50,50,0,1,-0.0,50,1.0,0,0.0,0,0.0,mnli,related:a080c47a8adc9f33a8871990,1,0.5309050755619202,0.5913000000000002
openai_primary,openai,mnli:97394c,40,40,0,3,0.21224284925535838,1,0.025,38,0.95,1,0.025,50,50,0,3,0.17810654129291525,1,0.02,48,0.96,1,0.02,mnli,related:ee47a6b7b1c58242eab906af,5,0.9776876721714716,0.9753000000000001
openai_primary,openai,snli:121335612.jpg#3r1e,40,40,0,1,-0.0,40,1.0,0,0.0,0,0.0,50,50,0,1,-0.0,50,1.0,0,0.0,0,0.0,snli,related:3a74186e39bd079c77766ac0,4,0.6551668992678749,0.7317
openai_primary,openai,snli:140526326.jpg#2r1n,40,40,0,2,0.384766393172661,6,0.15,34,0.85,0,0.0,50,50,0,2,0.3686136494567082,7,0.14,43,0.86,0,0.0,snli,related:661a4c1db2d5b0716a06e587,2,0.44958379862776376,0.4281
openai_primary,openai,snli:157557961.jpg#3r1e,40,40,0,1,-0.0,40,1.0,0,0.0,0,0.0,50,50,0,1,-0.0,50,1.0,0,0.0,0,0.0,snli,related:77175a3431b0416d505e03c4,5,0.7914782283840677,0.8043
openai_primary,openai,snli:177302997.jpg#0r1n,40,40,0,1,-0.0,0,0.0,40,1.0,0,0.0,50,50,0,1,-0.0,0,0.0,50,1.0,0,0.0,snli,related:9420bf464df856bddda39b44,3,0.5216188850628637,0.5772
openai_primary,openai,snli:193596775.jpg#3r1n,40,40,0,2,0.48530664205811297,31,0.775,9,0.225,0,0.0,50,50,0,2,0.4290808428709484,41,0.82,9,0.18,0,0.0,snli,related:bcae3b8ca90418a0a261d86f,5,0.6881941642686976,0.6980999999999999
openai_primary,openai,snli:2058472558.jpg#1r1c,40,40,0,1,-0.0,0,0.0,40,1.0,0,0.0,50,50,0,1,-0.0,0,0.0,50,1.0,0,0.0,snli,related:cc891c9686e757e00e50b629,3,0.47961229531682303,0.5147999999999999
openai_primary,openai,snli:2062607137.jpg#4r1n,40,40,0,2,0.10641319994632661,1,0.025,39,0.975,0,0.0,50,50,0,2,0.08923904665092415,1,0.02,49,0.98,0,0.0,snli,related:8bb0c8edbef5921cef884b35,1,0.24445052736464695,0.17190000000000005
openai_primary,openai,snli:2087469385.jpg#1r1n,40,40,0,2,0.5739795876036418,13,0.325,27,0.675,0,0.0,50,50,0,2,0.5834956376269081,17,0.34,33,0.66,0,0.0,snli,related:6d9830e0bd056d7da234eed0,5,0.8198746470064714,0.7871999999999999
openai_primary,openai,snli:209604956.jpg#2r1n,40,40,0,1,-0.0,40,1.0,0,0.0,0,0.0,50,50,0,1,-0.0,50,1.0,0,0.0,0,0.0,snli,related:6ed8fc3666dd8af7f546c798,3,0.5219557000563467,0.44490000000000013
openai_primary,openai,snli:2156726763.jpg#4r1e,40,40,0,1,-0.0,40,1.0,0,0.0,0,0.0,50,50,0,1,-0.0,50,1.0,0,0.0,0,0.0,snli,related:6f65dd84a96fb04d443f8b3f,1,-0.0,0.0
openai_primary,openai,snli:221597303.jpg#0r1c,40,40,0,3,0.9604875865907869,19,0.475,10,0.25,11,0.275,50,50,0,3,0.9848537833789299,21,0.42,14,0.28,15,0.3,snli,related:59c5eac036fb4776436e2c76,5,0.8887838676629483,0.8900999999999999
openai_primary,openai,snli:2217258342.jpg#1r1e,40,40,0,1,-0.0,40,1.0,0,0.0,0,0.0,50,50,0,1,-0.0,50,1.0,0,0.0,0,0.0,snli,related:add052870444464d7953d5f4,1,0.140029011886545,0.08790000000000014
openai_primary,openai,snli:2237363031.jpg#0r1n,40,40,0,2,0.10641319994632661,1,0.025,39,0.975,0,0.0,50,50,0,2,0.08923904665092415,1,0.02,49,0.98,0,0.0,snli,related:5fcb33c5328805c3cd246ab5,4,0.6527322069307151,0.6923999999999999
openai_primary,openai,snli:2250713748.jpg#3r1e,40,40,0,1,-0.0,40,1.0,0,0.0,0,0.0,50,50,0,1,-0.0,50,1.0,0,0.0,0,0.0,snli,related:86b116086e7fe4dea3987669,2,0.40020477099739327,0.4032000000000002
openai_primary,openai,snli:2303609756.jpg#0r1n,40,40,0,2,0.24247358783039705,3,0.075,37,0.925,0,0.0,50,50,0,2,0.20659474215035953,3,0.06,47,0.94,0,0.0,snli,related:924d387dc8b2ebf1fae8e3d0,2,0.41820813089774694,0.38670000000000004
openai_primary,openai,snli:2308491551.jpg#1r1n,40,40,0,1,-0.0,40,1.0,0,0.0,0,0.0,50,50,0,1,-0.0,50,1.0,0,0.0,0,0.0,snli,related:b767e132339c9bbb8b286bf8,1,0.2413575520075012,0.17160000000000009
openai_primary,openai,snli:2344323083.jpg#4r1c,40,40,0,2,0.10641319994632661,1,0.025,39,0.975,0,0.0,50,50,0,2,0.08923904665092415,1,0.02,49,0.98,0,0.0,snli,related:f76b5bd27d8db132155166fc,4,0.6243602109020209,0.7391999999999999
openai_primary,openai,snli:2358359289.jpg#1r1e,40,40,0,3,0.771083239199684,8,0.2,5,0.125,27,0.675,50,50,0,3,0.7709786577160883,12,0.24,5,0.1,33,0.66,snli,related:8d302ac5a3f6850d63fdd308,5,0.7611275370117042,0.7731000000000001
openai_primary,openai,snli:2369840118.jpg#0r1n,40,40,0,2,0.6021808102656678,15,0.375,25,0.625,0,0.0,50,50,0,2,0.6126016192893442,20,0.4,30,0.6,0,0.0,snli,related:70189664b9b2f83c2a67db11,1,0.23120185132875057,0.17070000000000002
openai_primary,openai,snli:23775702.jpg#2r1c,40,40,0,1,-0.0,0,0.0,40,1.0,0,0.0,50,50,0,1,-0.0,0,0.0,50,1.0,0,0.0,snli,related:c60d46cfcb5ed1589d935afb,2,0.40020477099739327,0.4032000000000002
openai_primary,openai,snli:238269802.jpg#3r1n,40,40,0,2,0.42210199594763664,33,0.825,7,0.175,0,0.0,50,50,0,2,0.40020477099739327,42,0.84,8,0.16,0,0.0,snli,related:df21e94edb324c92c6722e96,3,0.5216188850628637,0.5772
openai_primary,openai,snli:242216901.jpg#0r1n,40,40,0,3,0.6857851545783826,25,0.625,14,0.35,1,0.025,50,50,0,3,0.6527322069307151,33,0.66,16,0.32,1,0.02,snli,related:77568bf075f18cd39c99c12e,5,0.732348410415534,0.7893
openai_primary,openai,snli:2480327661.jpg#3r1n,40,39,1,2,0.10854323006054536,38,0.9743589743589743,1,0.02564102564102564,0,0.0,50,49,1,2,0.15522296464956842,47,0.9591836734693877,2,0.04081632653061224,0,0.0,snli,related:8f45a10395afbe7a526aeaf3,1,0.2811828957817385,0.22289999999999993
openai_primary,openai,snli:2496236371.jpg#0r1e,40,40,0,1,-0.0,40,1.0,0,0.0,0,0.0,50,50,0,1,-0.0,50,1.0,0,0.0,0,0.0,snli,related:cb09efdb9a644c167dca21f0,5,0.6678035527143219,0.7521
openai_primary,openai,snli:2503678250.jpg#3r1c,40,40,0,2,0.10641319994632661,0,0.0,39,0.975,1,0.025,50,50,0,2,0.15286935115005693,0,0.0,48,0.96,2,0.04,snli,related:ad8aacd70cf20af5ff42b6e7,3,0.4908704800224254,0.5313000000000001
openai_primary,openai,snli:2525716531.jpg#0r1n,40,40,0,2,0.10641319994632661,39,0.975,1,0.025,0,0.0,50,50,0,2,0.08923904665092415,49,0.98,1,0.02,0,0.0,snli,related:9b5ef593a09674921fda6ef3,3,0.5198014510432585,0.44430000000000003
openai_primary,openai,snli:254178173.jpg#3r1e,40,40,0,1,-0.0,40,1.0,0,0.0,0,0.0,50,50,0,1,-0.0,50,1.0,0,0.0,0,0.0,snli,related:e4a6599adbe80ff6952dd00b,3,0.5481020818752099,0.6177000000000001
openai_primary,openai,snli:2553131080.jpg#3r1e,40,40,0,1,-0.0,40,1.0,0,0.0,0,0.0,50,50,0,1,-0.0,50,1.0,0,0.0,0,0.0,snli,related:096118edbfed1e5dbe01190b,3,0.5166404882803554,0.5210999999999999
openai_primary,openai,snli:2554531876.jpg#4r1e,40,40,0,1,-0.0,40,1.0,0,0.0,0,0.0,50,50,0,1,-0.0,50,1.0,0,0.0,0,0.0,snli,related:ca0aa0518a39ea2855946450,5,0.8201737580164614,0.8004
openai_primary,openai,snli:2577736128.jpg#0r1e,40,40,0,1,-0.0,40,1.0,0,0.0,0,0.0,50,50,0,1,-0.0,50,1.0,0,0.0,0,0.0,snli,related:330d859e7d8c69ffa824e18a,3,0.5666924449788731,0.5051999999999999
openai_primary,openai,snli:2604825598.jpg#0r1e,40,40,0,1,-0.0,40,1.0,0,0.0,0,0.0,50,50,0,1,-0.0,50,1.0,0,0.0,0,0.0,snli,related:910ea5e2863ac5108e8aa903,1,0.26899191022241986,0.1982999999999998
openai_primary,openai,snli:2630123726.jpg#0r1n,40,40,0,2,0.24247358783039705,3,0.075,37,0.925,0,0.0,50,50,0,2,0.29590327428938457,5,0.1,45,0.9,0,0.0,snli,related:a9fb3364a72862bcc06ee09f,2,0.4716734178155153,0.3975000000000002
openai_primary,openai,snli:2655196158.jpg#0r1e,40,40,0,1,-0.0,40,1.0,0,0.0,0,0.0,50,50,0,1,-0.0,50,1.0,0,0.0,0,0.0,snli,related:f15484cc3d6b2265566eaa14,1,0.3154118522911846,0.29369999999999996
openai_primary,openai,snli:2663670442.jpg#0r1n,40,40,0,1,-0.0,40,1.0,0,0.0,0,0.0,50,50,0,1,-0.0,50,1.0,0,0.0,0,0.0,snli,related:5672f4c0c1c76e4deb0afa9c,3,0.5642760147640484,0.5604000000000001
openai_primary,openai,snli:276598014.jpg#2r1n,40,40,0,2,0.34295098019812775,35,0.875,5,0.125,0,0.0,50,50,0,2,0.3686136494567082,43,0.86,7,0.14,0,0.0,snli,related:3848b370aa707308591385e6,2,0.4425792153219578,0.4616999999999998
openai_primary,openai,snli:2807030070.jpg#0r1n,40,40,0,2,0.18069636157678548,38,0.95,2,0.05,0,0.0,50,50,0,2,0.15286935115005693,48,0.96,2,0.04,0,0.0,snli,related:c93ce4c7ef5e8d09d936134f,2,0.34591394211310134,0.29669999999999996
openai_primary,openai,snli:2807228428.jpg#4r1n,40,40,0,2,0.6126016192893442,16,0.4,24,0.6,0,0.0,50,50,0,2,0.6302013678814029,24,0.48,26,0.52,0,0.0,snli,related:e563b3aac90606162da823c6,1,0.17334373143577353,0.11610000000000004
openai_primary,openai,snli:2835793460.jpg#0r1c,40,40,0,2,0.18069636157678548,0,0.0,38,0.95,2,0.05,50,50,0,2,0.15286935115005693,0,0.0,48,0.96,2,0.04,snli,related:b711d27a6ccf5ad79a71a46c,4,0.621980038474333,0.7353000000000002
openai_primary,openai,snli:2838888385.jpg#2r1n,40,40,0,2,0.18069636157678548,2,0.05,38,0.95,0,0.0,50,50,0,3,0.3414518657897441,4,0.08,45,0.9,1,0.02,snli,related:a35a56d30f92eb9d19d235cc,1,0.3039586532644838,0.2481
openai_primary,openai,snli:2843695880.jpg#2r1c,40,40,0,2,0.18069636157678548,2,0.05,38,0.95,0,0.0,50,50,0,2,0.15286935115005693,2,0.04,48,0.96,0,0.0,snli,related:8f9754ed522f7500b2ce8bf8,5,0.7058772911321769,0.7764
openai_primary,openai,snli:2855910826.jpg#0r1e,40,40,0,1,-0.0,40,1.0,0,0.0,0,0.0,50,50,0,1,-0.0,50,1.0,0,0.0,0,0.0,snli,related:ff8957626371f688539065e3,1,0.050974793321072506,0.02970000000000006
openai_primary,openai,snli:2858759108.jpg#3r1e,40,40,0,1,-0.0,40,1.0,0,0.0,0,0.0,50,50,0,1,-0.0,50,1.0,0,0.0,0,0.0,snli,related:3c2f7b5aaffa64131d10f73b,1,0.08923904665092415,0.058800000000000185
openai_primary,openai,snli:2871962580.jpg#1r1c,40,40,0,2,0.24247358783039705,0,0.0,37,0.925,3,0.075,50,50,0,2,0.20659474215035953,0,0.0,47,0.94,3,0.06,snli,related:c06814414fd8a5da77542e53,3,0.5719353353963194,0.5493
openai_primary,openai,snli:2871962580.jpg#1r1n,40,40,0,2,0.10641319994632661,39,0.975,1,0.025,0,0.0,50,50,0,2,0.08923904665092415,49,0.98,1,0.02,0,0.0,snli,related:c06814414fd8a5da77542e53,3,0.5500768449304291,0.5697000000000001
openai_primary,openai,snli:2872778569.jpg#3r1n,40,40,0,1,-0.0,0,0.0,40,1.0,0,0.0,50,50,0,1,-0.0,0,0.0,50,1.0,0,0.0,snli,related:09702dae0c724726261ca41e,4,0.6087207413841681,0.7137
openai_primary,openai,snli:2885111681.jpg#0r1e,40,40,0,1,-0.0,40,1.0,0,0.0,0,0.0,50,50,0,1,-0.0,50,1.0,0,0.0,0,0.0,snli,related:103b4242f58b5944e2b42226,1,0.20347065732696523,0.1437
openai_primary,openai,snli:297556640.jpg#0r1c,40,40,0,1,-0.0,0,0.0,40,1.0,0,0.0,50,50,0,1,-0.0,0,0.0,50,1.0,0,0.0,snli,related:8c29bd14709937d845774037,5,0.7008459205242019,0.7683
openai_primary,openai,snli:3018973947.jpg#0r1c,40,40,0,2,0.6126016192893442,0,0.0,16,0.4,24,0.6,50,50,0,2,0.628013873115187,0,0.0,23,0.46,27,0.54,snli,related:80ba97a9d0f7952ba4c1ea66,1,0.18069636157678548,0.14250000000000013
openai_primary,openai,snli:3037283097.jpg#1r1c,40,40,0,1,-0.0,0,0.0,40,1.0,0,0.0,50,50,0,1,-0.0,0,0.0,50,1.0,0,0.0,snli,related:7bfe538e7eb5497f287a4eb7,4,0.6037411834537667,0.6507000000000002
openai_primary,openai,snli:3038952914.jpg#4r1e,40,40,0,1,-0.0,40,1.0,0,0.0,0,0.0,50,50,0,1,-0.0,50,1.0,0,0.0,0,0.0,snli,related:e9f7602384b7e0c13387683d,4,0.6161032001157866,0.7257
openai_primary,openai,snli:3078084729.jpg#1r1e,40,40,0,2,0.24247358783039705,3,0.075,37,0.925,0,0.0,50,50,0,2,0.2537468173658883,4,0.08,46,0.92,0,0.0,snli,related:9fcfd942f33d39074b33a7f5,5,0.898538457077634,0.8892
openai_primary,openai,snli:3082934678.jpg#2r1n,40,40,0,1,-0.0,0,0.0,40,1.0,0,0.0,50,50,0,1,-0.0,0,0.0,50,1.0,0,0.0,snli,related:ce0f54598d5188cb5155cfdd,1,0.10185764172235329,0.05910000000000015
openai_primary,openai,snli:3102363657.jpg#0r1n,40,40,0,1,-0.0,0,0.0,40,1.0,0,0.0,50,50,0,1,-0.0,0,0.0,50,1.0,0,0.0,snli,related:aad68fb7982844c540ce09ea,2,0.3187761366089048,0.24989999999999996
openai_primary,openai,snli:3141293960.jpg#1r1e,40,40,0,2,0.5118595071429147,10,0.25,30,0.75,0,0.0,50,50,0,2,0.5216188850628637,13,0.26,37,0.74,0,0.0,snli,related:3db9a2434e2ef83b26a98179,4,0.5998073091663122,0.6992999999999999
openai_primary,openai,snli:3229604446.jpg#0r1n,40,40,0,2,0.34295098019812775,5,0.125,35,0.875,0,0.0,50,50,0,2,0.3686136494567082,7,0.14,43,0.86,0,0.0,snli,related:51d13e648d5782d8a591b9d8,4,0.6111063202213676,0.6620999999999999
openai_primary,openai,snli:3244632670.jpg#1r1c,40,40,0,2,0.10641319994632661,0,0.0,39,0.975,1,0.025,50,50,0,2,0.08923904665092415,0,0.0,49,0.98,1,0.02,snli,related:54ed2017b3d80c167b08fd24,3,0.5166404882803554,0.5210999999999999
openai_primary,openai,snli:3306464579.jpg#0r1c,40,40,0,1,-0.0,0,0.0,40,1.0,0,0.0,50,50,0,1,-0.0,0,0.0,50,1.0,0,0.0,snli,related:2bb9796f552c2df5fb951952,2,0.384766393172661,0.3825000000000002
openai_primary,openai,snli:3309230607.jpg#3r1c,40,40,0,2,0.556032649876389,12,0.3,28,0.7,0,0.0,50,50,0,2,0.5947668722929232,18,0.36,32,0.64,0,0.0,snli,related:65879902706fb0e07c28888b,4,0.6309297535714574,0.75
openai_primary,openai,snli:3344632789.jpg#0r2n,40,40,0,2,0.10641319994632661,39,0.975,1,0.025,0,0.0,50,50,0,2,0.08923904665092415,49,0.98,1,0.02,0,0.0,snli,related:063cf2a624ca541e0b4bd43e,2,0.45507692782909376,0.41160000000000013
openai_primary,openai,snli:3366424545.jpg#2r1n,40,40,0,1,-0.0,40,1.0,0,0.0,0,0.0,50,50,0,1,-0.0,50,1.0,0,0.0,0,0.0,snli,related:6933601c76aba1e2590ac876,3,0.49065871999637445,0.41970000000000024
openai_primary,openai,snli:3371919733.jpg#0r1n,40,40,0,1,-0.0,40,1.0,0,0.0,0,0.0,50,50,0,1,-0.0,50,1.0,0,0.0,0,0.0,snli,related:12b63b2a39d97fed573cadd4,4,0.6087207413841681,0.7137
openai_primary,openai,snli:3381038951.jpg#0r1e,40,40,0,1,-0.0,0,0.0,40,1.0,0,0.0,50,50,0,1,-0.0,0,0.0,50,1.0,0,0.0,snli,related:1d9b7f7f8f080b9e77fc9b1e,2,0.3628856744706107,0.29910000000000003
openai_primary,openai,snli:3411579899.jpg#1r1n,40,40,0,1,-0.0,40,1.0,0,0.0,0,0.0,50,50,0,1,-0.0,50,1.0,0,0.0,0,0.0,snli,related:cddc944051d37ecf309f7788,5,0.6848801639200583,0.7428
openai_primary,openai,snli:3420651743.jpg#3r1e,40,40,0,1,-0.0,40,1.0,0,0.0,0,0.0,50,50,0,1,-0.0,50,1.0,0,0.0,0,0.0,snli,related:f0340cae0b51cbe2ee0eac9e,3,0.4908704800224254,0.5313000000000001
openai_primary,openai,snli:3424908564.jpg#1r1e,40,40,0,1,-0.0,40,1.0,0,0.0,0,0.0,50,50,0,1,-0.0,50,1.0,0,0.0,0,0.0,snli,related:526604316d1f316c2c59b527,3,0.5279387813779857,0.5090999999999999
openai_primary,openai,snli:344536009.jpg#2r1e,40,40,0,2,0.29590327428938457,36,0.9,4,0.1,0,0.0,50,50,0,2,0.2537468173658883,46,0.92,4,0.08,0,0.0,snli,related:c76bdefaed8f8c22aa865472,2,0.38104282681502366,0.30210000000000004
openai_primary,openai,snli:3560513546.jpg#4r1n,40,40,0,1,-0.0,0,0.0,40,1.0,0,0.0,50,50,0,1,-0.0,0,0.0,50,1.0,0,0.0,snli,related:5887e34ecbea7c34c3e305c0,2,0.40140466230784827,0.3651000000000001
openai_primary,openai,snli:3587666993.jpg#2r1n,40,40,0,1,-0.0,40,1.0,0,0.0,0,0.0,50,50,0,1,-0.0,50,1.0,0,0.0,0,0.0,snli,related:3fe8883858afe25cf183466a,2,0.3686136494567082,0.3612000000000002
openai_primary,openai,snli:363701711.jpg#1r1n,40,40,0,2,0.10641319994632661,39,0.975,1,0.025,0,0.0,50,50,0,2,0.08923904665092415,49,0.98,1,0.02,0,0.0,snli,related:b4e463493d53f7be78289ad7,2,0.4642348715761745,0.44790000000000013
openai_primary,openai,snli:3637966641.jpg#3r1n,40,40,0,2,0.24247358783039705,3,0.075,37,0.925,0,0.0,50,50,0,2,0.20659474215035953,3,0.06,47,0.94,0,0.0,snli,related:944db2c0ff77d8baebb4ef3a,2,0.3187761366089048,0.24989999999999996
openai_primary,openai,snli:3662271861.jpg#3r1c,40,40,0,2,0.10641319994632661,0,0.0,39,0.975,1,0.025,50,50,0,2,0.15286935115005693,0,0.0,48,0.96,2,0.04,snli,related:f7d4647662695bf2c380db7f,5,0.688759043111807,0.7208999999999999
openai_primary,openai,snli:3708177171.jpg#1r1e,40,40,0,1,-0.0,40,1.0,0,0.0,0,0.0,50,50,0,1,-0.0,50,1.0,0,0.0,0,0.0,snli,related:78451bb48bdef25472075f23,1,0.20659474215035953,0.16920000000000002
openai_primary,openai,snli:3717886615.jpg#1r1c,40,40,0,2,0.29590327428938457,0,0.0,36,0.9,4,0.1,50,50,0,2,0.2537468173658883,0,0.0,46,0.92,4,0.08,snli,related:a9a2896c0866c9e50e8b5626,4,0.6180439169521745,0.6728999999999998
openai_primary,openai,snli:3789378919.jpg#4r1n,40,40,0,2,0.5118595071429147,10,0.25,30,0.75,0,0.0,50,50,0,2,0.47961229531682303,11,0.22,39,0.78,0,0.0,snli,related:ef85535adfdcad9ff7f49e10,1,0.12264760695797414,0.08730000000000004
openai_primary,openai,snli:381275595.jpg#1r1n,40,40,0,2,0.29590327428938457,4,0.1,36,0.9,0,0.0,50,50,0,3,0.38320373864291246,5,0.1,44,0.88,1,0.02,snli,related:14eb3bc943eefc62c9bb2f5e,3,0.5397293690992068,0.6048
openai_primary,openai,snli:3854366835.jpg#0r1n,40,40,0,1,-0.0,0,0.0,40,1.0,0,0.0,50,50,0,1,-0.0,0,0.0,50,1.0,0,0.0,snli,related:8b58f1a712dc85fca28099a3,2,0.44958379862776376,0.4281
openai_primary,openai,snli:3948003394.jpg#1r1n,40,40,0,1,-0.0,0,0.0,40,1.0,0,0.0,50,50,0,1,-0.0,0,0.0,50,1.0,0,0.0,snli,related:6f35fe6c285fcb152ff44c9f,3,0.5527221585731599,0.5439
openai_primary,openai,snli:3958553026.jpg#1r1c,40,40,0,1,-0.0,0,0.0,40,1.0,0,0.0,50,50,0,1,-0.0,0,0.0,50,1.0,0,0.0,snli,related:e52b73c21e573bc5b99b34ff,4,0.6622433592149579,0.7431000000000001
openai_primary,openai,snli:3970646119.jpg#0r1n,40,40,0,2,0.6309297535714574,20,0.5,20,0.5,0,0.0,50,50,0,2,0.6302013678814029,24,0.48,26,0.52,0,0.0,snli,related:78edb20c7a302a5f927dfeb6,3,0.574559939675675,0.5363999999999999
openai_primary,openai,snli:3974156067.jpg#1r1n,40,40,0,1,-0.0,40,1.0,0,0.0,0,0.0,50,50,0,1,-0.0,50,1.0,0,0.0,0,0.0,snli,related:19211c12ae0227cd6aea540a,1,0.050974793321072506,0.02970000000000006
openai_primary,openai,snli:4116163419.jpg#0r1n,40,40,0,1,-0.0,40,1.0,0,0.0,0,0.0,50,50,0,1,-0.0,50,1.0,0,0.0,0,0.0,snli,related:9f9824c1d65da88f67a3bb5c,2,0.4290808428709484,0.4428000000000002
openai_primary,openai,snli:4116163419.jpg#0r2n,40,40,0,2,0.24247358783039705,37,0.925,3,0.075,0,0.0,50,50,0,2,0.20659474215035953,47,0.94,3,0.06,0,0.0,snli,related:9f9824c1d65da88f67a3bb5c,1,0.2113264425412527,0.1443000000000001
openai_primary,openai,snli:4145746372.jpg#0r1n,40,40,0,1,-0.0,40,1.0,0,0.0,0,0.0,50,50,0,1,-0.0,50,1.0,0,0.0,0,0.0,snli,related:46cbd2b81d1621813a5449e3,5,0.7073644291464858,0.7788
openai_primary,openai,snli:4194622325.jpg#2r1n,40,40,0,1,-0.0,40,1.0,0,0.0,0,0.0,50,50,0,1,-0.0,50,1.0,0,0.0,0,0.0,snli,related:1da5c75cb9b3819ee4192185,4,0.6037411834537667,0.6507000000000002
openai_primary,openai,snli:4259457716.jpg#2r1n,40,40,0,1,-0.0,0,0.0,40,1.0,0,0.0,50,50,0,1,-0.0,0,0.0,50,1.0,0,0.0,snli,related:ddee263f7a3772b094c51d64,4,0.60445721699434,0.7068
openai_primary,openai,snli:4271560578.jpg#1r1n,40,40,0,1,-0.0,40,1.0,0,0.0,0,0.0,50,50,0,1,-0.0,50,1.0,0,0.0,0,0.0,snli,related:b5dbcf6eb959919d3132a457,5,0.8340042969700759,0.8553000000000001
openai_primary,openai,snli:429500919.jpg#3r1e,40,40,0,2,0.18069636157678548,38,0.95,2,0.05,0,0.0,50,50,0,2,0.15286935115005693,48,0.96,2,0.04,0,0.0,snli,related:5d75ca35c716194a7dca8bb0,4,0.6588960636110485,0.7377
openai_primary,openai,snli:4309898620.jpg#1r1e,40,40,0,1,-0.0,40,1.0,0,0.0,0,0.0,50,50,0,1,-0.0,50,1.0,0,0.0,0,0.0,snli,related:e5962da8bd6af77a7c29f036,2,0.38439980829185605,0.30269999999999997
openai_primary,openai,snli:431018958.jpg#1r1n,40,40,0,2,0.5739795876036418,27,0.675,13,0.325,0,0.0,50,50,0,2,0.556032649876389,35,0.7,15,0.3,0,0.0,snli,related:719e44e7cac80dde9db1bd2d,3,0.5394525291768463,0.5540999999999999
openai_primary,openai,snli:434469662.jpg#2r1n,40,40,0,1,-0.0,40,1.0,0,0.0,0,0.0,50,50,0,1,-0.0,50,1.0,0,0.0,0,0.0,snli,related:946a90d4a18792b34e0c1796,5,0.8619182231448229,0.8748000000000001
openai_primary,openai,snli:4413167760.jpg#0r1e,40,40,0,1,-0.0,40,1.0,0,0.0,0,0.0,50,50,0,1,-0.0,50,1.0,0,0.0,0,0.0,snli,related:bd0b2dc5c740dab1492d84e7,1,-0.0,0.0
openai_primary,openai,snli:4450400692.jpg#1r1n,40,40,0,1,-0.0,40,1.0,0,0.0,0,0.0,50,50,0,1,-0.0,50,1.0,0,0.0,0,0.0,snli,related:c1b94258ac037e7456ee5f05,3,0.5481020818752099,0.6177000000000001
openai_primary,openai,snli:4519902281.jpg#1r1n,40,40,0,2,0.4554859150035952,32,0.8,8,0.2,0,0.0,50,50,0,2,0.5016145675514593,38,0.76,12,0.24,0,0.0,snli,related:0d4d35fd85cc9e9ac400462f,2,0.39541266114328005,0.3249
openai_primary,openai,snli:453807108.jpg#0r1n,40,40,0,2,0.10641319994632661,1,0.025,39,0.975,0,0.0,50,50,0,2,0.08923904665092415,1,0.02,49,0.98,0,0.0,snli,related:e78f6edda58d27c1e94d3f5d,5,0.732348410415534,0.7893
openai_primary,openai,snli:4540798718.jpg#3r1c,40,40,0,2,0.18069636157678548,0,0.0,2,0.05,38,0.95,50,50,0,2,0.2537468173658883,0,0.0,4,0.08,46,0.92,snli,related:48a119f7179531033ec67d4d,2,0.3517043367110296,0.33929999999999993
openai_primary,openai,snli:4545817148.jpg#2r1n,40,40,0,2,0.10641319994632661,39,0.975,1,0.025,0,0.0,50,50,0,2,0.08923904665092415,49,0.98,1,0.02,0,0.0,snli,related:75db0a107660bbef0e6b7dad,3,0.4821022921402596,0.41760000000000014
openai_primary,openai,snli:4546261932.jpg#3r1n,40,40,0,2,0.18069636157678548,38,0.95,2,0.05,0,0.0,50,50,0,2,0.20659474215035953,47,0.94,3,0.06,0,0.0,snli,related:53087323eb9968a01bfc4003,1,0.23120185132875057,0.17070000000000002
openai_primary,openai,snli:4554364450.jpg#1r1n,40,40,0,1,-0.0,40,1.0,0,0.0,0,0.0,50,50,0,1,-0.0,50,1.0,0,0.0,0,0.0,snli,related:3c6b1d5cd40ac7807e5b1a9c,3,0.49065871999637445,0.41970000000000024
openai_primary,openai,snli:4588335754.jpg#4r1c,40,40,0,2,0.24247358783039705,0,0.0,37,0.925,3,0.075,50,50,0,2,0.20659474215035953,0,0.0,47,0.94,3,0.06,snli,related:f5554d0b49096d55fc4b7bd9,4,0.6053113948014869,0.6204
openai_primary,openai,snli:459560694.jpg#0r1c,40,40,0,2,0.6021808102656678,0,0.0,25,0.625,15,0.375,50,50,0,2,0.5706011702567103,0,0.0,34,0.68,16,0.32,snli,related:3190eca09f1df51d4ae76b2b,5,0.6945802165175051,0.7298999999999999
openai_primary,openai,snli:4645891941.jpg#1r1n,40,40,0,1,-0.0,40,1.0,0,0.0,0,0.0,50,50,0,1,-0.0,50,1.0,0,0.0,0,0.0,snli,related:0f24cbfe29705e0ed1b168d5,4,0.6652116776605258,0.7479000000000001
openai_primary,openai,snli:4665413015.jpg#4r1c,40,40,0,1,-0.0,0,0.0,40,1.0,0,0.0,50,50,0,1,-0.0,0,0.0,50,1.0,0,0.0,snli,related:7f14b41acf795da76b94367d,4,0.6309297535714574,0.75
openai_primary,openai,snli:4684538785.jpg#1r1n,40,40,0,2,0.24247358783039705,3,0.075,37,0.925,0,0.0,50,50,0,2,0.3339895202861302,6,0.12,44,0.88,0,0.0,snli,related:8dc564bd1091102b6f71f067,4,0.6551668992678749,0.7317
openai_primary,openai,snli:4697732220.jpg#0r1n,40,40,0,1,-0.0,40,1.0,0,0.0,0,0.0,50,50,0,1,-0.0,50,1.0,0,0.0,0,0.0,snli,related:d4ee60bc1c21ed08e30236dc,5,0.8117014562291199,0.8349
openai_primary,openai,snli:4699585469.jpg#4r1c,40,40,0,2,0.626370941606566,0,0.0,22,0.55,18,0.45,50,50,0,2,0.6192284641353301,0,0.0,29,0.58,21,0.42,snli,related:662175087580f9c08c4fa534,4,0.629290338486824,0.7473
openai_primary,openai,snli:4716333601.jpg#2r1c,40,40,0,2,0.34295098019812775,35,0.875,5,0.125,0,0.0,50,50,0,2,0.3686136494567082,43,0.86,7,0.14,0,0.0,snli,related:a4ec2c54d82b78620973620b,3,0.5821828963842497,0.5246999999999998
openai_primary,openai,snli:4745021716.jpg#3r1e,40,40,0,2,0.24247358783039705,37,0.925,3,0.075,0,0.0,50,50,0,2,0.20659474215035953,47,0.94,3,0.06,0,0.0,snli,related:95fcc4fff6fdd82340c8b4c6,5,0.8645182112815539,0.8397000000000001
openai_primary,openai,snli:478415357.jpg#0r1e,40,40,0,1,-0.0,40,1.0,0,0.0,0,0.0,50,50,0,1,-0.0,50,1.0,0,0.0,0,0.0,snli,related:c055eb54354699bcca765c1e,4,0.635896768995797,0.6411
openai_primary,openai,snli:4824416683.jpg#0r1c,40,40,0,1,-0.0,0,0.0,40,1.0,0,0.0,50,50,0,1,-0.0,0,0.0,50,1.0,0,0.0,snli,related:4bac771fa5a71f50f64233dc,4,0.6652116776605258,0.7479000000000001
openai_primary,openai,snli:4825458628.jpg#1r1n,40,40,0,2,0.29590327428938457,36,0.9,4,0.1,0,0.0,50,50,0,2,0.2537468173658883,46,0.92,4,0.08,0,0.0,snli,related:6f3eb0e506bb170f4cc09e6c,5,0.7143911110186236,0.6828000000000001
openai_primary,openai,snli:4833879670.jpg#0r1c,40,40,0,1,-0.0,0,0.0,40,1.0,0,0.0,50,50,0,2,0.08923904665092415,0,0.0,49,0.98,1,0.02,snli,related:1317cdf24da525c3bf5b160e,1,0.23120185132875057,0.17070000000000002
openai_primary,openai,snli:4859795235.jpg#1r1n,40,40,0,2,0.6297914799805243,21,0.525,19,0.475,0,0.0,50,50,0,2,0.6302013678814029,26,0.52,24,0.48,0,0.0,snli,related:8911a92d346455e0353e2b28,3,0.5422535821602696,0.4826999999999998
openai_primary,openai,snli:4867540330.jpg#0r1n,40,40,0,1,-0.0,40,1.0,0,0.0,0,0.0,50,50,0,1,-0.0,50,1.0,0,0.0,0,0.0,snli,related:f4f20852632b59da35b1ba48,3,0.5481020818752099,0.6177000000000001
openai_primary,openai,snli:4878415659.jpg#3r1n,40,40,0,2,0.5118595071429147,30,0.75,10,0.25,0,0.0,50,50,0,2,0.5216188850628637,37,0.74,13,0.26,0,0.0,snli,related:d431f271dfccaa57c751af75,4,0.5947668722929232,0.6912
openai_primary,openai,snli:4878621384.jpg#0r1e,40,40,0,1,-0.0,40,1.0,0,0.0,0,0.0,50,50,0,1,-0.0,50,1.0,0,0.0,0,0.0,snli,related:4b491fd08bcb7621b1a0a11b,5,0.9724616681466847,0.9696
openai_primary,openai,snli:4938457809.jpg#0r1c,40,40,0,1,-0.0,0,0.0,40,1.0,0,0.0,50,50,0,1,-0.0,0,0.0,50,1.0,0,0.0,snli,related:7715f0cdedfe5727ca46fefd,3,0.5635297099909076,0.6417000000000002
openai_primary,openai,snli:4952669491.jpg#1r1n,40,40,0,1,-0.0,0,0.0,40,1.0,0,0.0,50,50,0,1,-0.0,0,0.0,50,1.0,0,0.0,snli,related:87faf1d1783e61a44514bf10,1,0.29590327428938457,0.2699999999999999
openai_primary,openai,snli:4963720718.jpg#3r1n,40,40,0,2,0.6126016192893442,16,0.4,24,0.6,0,0.0,50,50,0,2,0.60445721699434,19,0.38,31,0.62,0,0.0,snli,related:90f226172f3d023f1cd67708,1,0.27538179412163355,0.24569999999999992
openai_primary,openai,snli:4982419929.jpg#1r1n,40,40,0,2,0.535374293024931,29,0.725,11,0.275,0,0.0,50,50,0,2,0.5397293690992068,36,0.72,14,0.28,0,0.0,snli,related:355ad9a990f63c383a73c12e,5,0.7709390814632961,0.7527
openai_primary,openai,snli:4984550402.jpg#0r1c,40,40,0,1,-0.0,0,0.0,40,1.0,0,0.0,50,50,0,1,-0.0,0,0.0,50,1.0,0,0.0,snli,related:aeda1f2ffe071443b304c7c8,1,0.27438480104402874,0.1988999999999999
openai_primary,openai,snli:502783522.jpg#2r1e,40,40,0,2,0.5118595071429147,30,0.75,10,0.25,0,0.0,50,50,0,2,0.556032649876389,35,0.7,15,0.3,0,0.0,snli,related:bddcb4be5bc5918e60a93553,5,0.7045746855208038,0.7743
openai_primary,openai,snli:5180313655.jpg#0r2c,40,40,0,2,0.6126016192893442,0,0.0,16,0.4,24,0.6,50,50,0,2,0.6126016192893442,0,0.0,20,0.4,30,0.6,snli,related:6161076bd0ce7fe9b9f20152,1,0.2537468173658883,0.2208
openai_primary,openai,snli:5262731925.jpg#3r1c,40,40,0,1,-0.0,0,0.0,40,1.0,0,0.0,50,50,0,2,0.08923904665092415,0,0.0,49,0.98,1,0.02,snli,related:444209b955a07664d7a14938,3,0.5698367845704152,0.5991000000000002
openai_primary,openai,snli:526995387.jpg#1r1c,40,40,0,2,0.589331327997029,0,0.0,14,0.35,26,0.65,50,50,0,2,0.5834956376269081,0,0.0,17,0.34,33,0.66,snli,related:c40caa0344c16a2fbd768742,4,0.6302013678814029,0.7488
openai_primary,openai,snli:538638526.jpg#0r1c,40,40,0,2,0.24247358783039705,0,0.0,37,0.925,3,0.075,50,50,0,2,0.2537468173658883,0,0.0,46,0.92,4,0.08,snli,related:284c0231418c8134ad3fe589,2,0.3517043367110296,0.33929999999999993
openai_primary,openai,snli:5436986554.jpg#1r1e,40,40,0,1,-0.0,40,1.0,0,0.0,0,0.0,50,50,0,1,-0.0,50,1.0,0,0.0,0,0.0,snli,related:abb169006b5a55833899b0e6,1,0.20347065732696523,0.1437
openai_primary,openai,snli:559404730.jpg#2r1n,40,40,0,1,-0.0,40,1.0,0,0.0,0,0.0,50,50,0,1,-0.0,50,1.0,0,0.0,0,0.0,snli,related:52f6443a0112656625084ddd,1,0.20659474215035953,0.16920000000000002
openai_primary,openai,snli:5623287052.jpg#0r1e,40,40,0,1,-0.0,40,1.0,0,0.0,0,0.0,50,50,0,1,-0.0,50,1.0,0,0.0,0,0.0,snli,related:3f09a539a28e6e2ba9e0fc5b,4,0.6363602504066004,0.7017
openai_primary,openai,snli:5669382831.jpg#3r1n,40,40,0,2,0.48530664205811297,31,0.775,9,0.225,0,0.0,50,50,0,2,0.47961229531682303,39,0.78,11,0.22,0,0.0,snli,related:7d64ac4167e36caf8cf6a4f1,4,0.6522782953405903,0.5901
openai_primary,openai,snli:5897279071.jpg#0r1e,40,40,0,1,-0.0,40,1.0,0,0.0,0,0.0,50,50,0,1,-0.0,50,1.0,0,0.0,0,0.0,snli,related:c099a41a175e5dbf98bf2099,2,0.3837944733853429,0.34290000000000004
openai_primary,openai,snli:5964395383.jpg#1r1n,40,40,0,2,0.10641319994632661,1,0.025,39,0.975,0,0.0,50,50,0,2,0.08923904665092415,1,0.02,49,0.98,0,0.0,snli,related:5de936360b46c6d6e0c2f3b6,2,0.43054579734944654,0.35129999999999995
openai_primary,openai,snli:5971287030.jpg#4r1n,40,40,0,2,0.42210199594763664,33,0.825,7,0.175,0,0.0,50,50,0,2,0.40020477099739327,42,0.84,8,0.16,0,0.0,snli,related:f3e6bf47fb7a2020efed5d44,5,0.7436573150249799,0.7148999999999999
openai_primary,openai,snli:6167267993.jpg#2r1c,40,40,0,1,-0.0,0,0.0,40,1.0,0,0.0,50,50,0,1,-0.0,0,0.0,50,1.0,0,0.0,snli,related:017b02a04f83d4a184fa826a,3,0.5118595071429147,0.5625
openai_primary,openai,snli:6204719881.jpg#1r1e,40,40,0,2,0.18069636157678548,38,0.95,2,0.05,0,0.0,50,50,0,2,0.15286935115005693,48,0.96,2,0.04,0,0.0,snli,related:f1ac5f7620de5ef1ce4cf2f9,5,0.8620695250929956,0.8660999999999999
openai_primary,openai,snli:6233103167.jpg#3r1n,40,40,0,2,0.42210199594763664,0,0.0,7,0.175,33,0.825,50,50,0,2,0.47961229531682303,0,0.0,11,0.22,39,0.78,snli,related:0d48e79b7db7967ce933e682,2,0.4530892804232003,0.39330000000000015
openai_primary,openai,snli:6553168529.jpg#3r1e,40,40,0,2,0.535374293024931,11,0.275,29,0.725,0,0.0,50,50,0,2,0.5016145675514593,12,0.24,38,0.76,0,0.0,snli,related:84a4c9cf7ac31b508374f791,2,0.34591394211310134,0.29669999999999996
openai_primary,openai,snli:6739582637.jpg#1r1e,40,40,0,1,-0.0,40,1.0,0,0.0,0,0.0,50,50,0,1,-0.0,50,1.0,0,0.0,0,0.0,snli,related:671850edd7e2c2b973e519dc,4,0.6134079808302009,0.5757000000000001
openai_primary,openai,snli:6859510611.jpg#0r1c,40,40,0,2,0.556032649876389,0,0.0,28,0.7,12,0.3,50,50,0,2,0.5706011702567103,0,0.0,34,0.68,16,0.32,snli,related:9f3b109aa8dc5a606ef45958,1,0.23120185132875057,0.17070000000000002
openai_primary,openai,snli:6918466589.jpg#0r1n,40,40,0,2,0.10641319994632661,39,0.975,1,0.025,0,0.0,50,50,0,2,0.08923904665092415,49,0.98,1,0.02,0,0.0,snli,related:6e41510b33bb21686a9f6b7f,4,0.6510526011077807,0.7251000000000001
openai_primary,openai,snli:6956105362.jpg#3r1n,40,40,0,1,-0.0,40,1.0,0,0.0,0,0.0,50,50,0,1,-0.0,50,1.0,0,0.0,0,0.0,snli,related:273115ff412d898c5688a544,5,0.7008459205242019,0.7683
openai_primary,openai,snli:7052516843.jpg#4r1n,40,40,0,1,-0.0,40,1.0,0,0.0,0,0.0,50,50,0,1,-0.0,50,1.0,0,0.0,0,0.0,snli,related:bfa99d53bfa9330f96817275,3,0.5044181041340579,0.5036999999999998
openai_primary,openai,snli:7058943627.jpg#4r1e,40,40,0,1,-0.0,40,1.0,0,0.0,0,0.0,50,50,0,1,-0.0,50,1.0,0,0.0,0,0.0,snli,related:1102021095421cd8478a5eff,2,0.384766393172661,0.3825000000000002
openai_primary,openai,snli:7382482712.jpg#0r1e,40,40,0,2,0.10641319994632661,39,0.975,1,0.025,0,0.0,50,50,0,2,0.08923904665092415,49,0.98,1,0.02,0,0.0,snli,related:63a8cecee06327beb6ca78ef,5,0.7308435127689968,0.7868999999999999
openai_primary,openai,snli:74736854.jpg#0r1n,40,40,0,1,-0.0,40,1.0,0,0.0,0,0.0,50,50,0,1,-0.0,50,1.0,0,0.0,0,0.0,snli,related:551a47d926a9f4a649f1136f,5,0.7696956716741421,0.7718999999999999
openai_primary,openai,snli:7557754272.jpg#1r1c,40,40,0,1,-0.0,0,0.0,40,1.0,0,0.0,50,50,0,1,-0.0,0,0.0,50,1.0,0,0.0,snli,related:2e7054e424279aedf92e5697,2,0.44958379862776376,0.4281
openai_primary,openai,snli:761479953.jpg#2r1n,40,40,0,2,0.4554859150035952,32,0.8,8,0.2,0,0.0,50,50,0,2,0.4554859150035952,40,0.8,10,0.2,0,0.0,snli,related:e93e2c4db29aef6729faf8e6,4,0.6593181438824625,0.6393000000000001
openai_primary,openai,snli:7916249448.jpg#3r1e,40,40,0,1,-0.0,40,1.0,0,0.0,0,0.0,50,50,0,1,-0.0,50,1.0,0,0.0,0,0.0,snli,related:557ecb7d553ababd27549103,5,0.86895728031364,0.8571000000000001
openai_primary,openai,snli:8081167161.jpg#0r1n,40,40,0,2,0.42210199594763664,7,0.175,33,0.825,0,0.0,50,50,0,2,0.3686136494567082,7,0.14,43,0.86,0,0.0,snli,related:0f8627ec322aef477647fee5,2,0.3686136494567082,0.3612000000000002
openai_primary,openai,snli:845623658.jpg#3r1e,40,40,0,2,0.34295098019812775,35,0.875,5,0.125,0,0.0,50,50,0,2,0.3339895202861302,44,0.88,6,0.12,0,0.0,snli,related:b6ffbc334b5465a1fc4ff82e,2,0.3628856744706107,0.29910000000000003
openai_primary,openai,snli:86901941.jpg#2r1n,40,40,0,2,0.6297914799805243,21,0.525,19,0.475,0,0.0,50,50,0,2,0.628013873115187,27,0.54,23,0.46,0,0.0,snli,related:7a3d55c0f8f72c8eafd80b9e,1,0.15286935115005693,0.11519999999999997
