row_index,group_id,fold,model_set,Y,probability,log_loss,brier
6,related:a9a2896c0866c9e50e8b5626,1,A,0,0.038232050574017615,0.038982074226793346,0.0014616896910942406
11,related:a631841fc16aa0ba8a756c85,1,A,0,0.053083906728375194,0.05454479239138596,0.002817901153546837
26,related:8e93cc74274955f209f392b6,1,A,0,0.060260381746045644,0.06215244394768363,0.003631313608179151
40,related:e94abdaae2ab1e0329f70696,1,A,0,0.03497904939782146,0.03560546741024116,0.0012235338967752339
47,related:7715f0cdedfe5727ca46fefd,1,A,0,0.06700504016503515,0.06935548025553168,0.0044896754075179745
56,related:5bbaa8e9403f2d180143dbc4,1,A,0,0.047732944993594394,0.04890976356442862,0.002278434037761508
58,related:12b63b2a39d97fed573cadd4,1,A,0,0.028786910385852436,0.02920938099368773,0.0008286862095630988
75,related:b3d7c396667932ae69a19300,1,A,0,0.028982014084885984,0.029410287777795915,0.0008399571404165295
85,related:ad8aacd70cf20af5ff42b6e7,1,A,0,0.06570443148935168,0.06796243630627241,0.0043170723173389085
91,related:85688d5a76451f9d3b3bca18,1,A,0,0.026996229477960123,0.027367321652520222,0.0007287964060266831
95,related:8b58f1a712dc85fca28099a3,1,A,0,0.06570443148935168,0.06796243630627241,0.0043170723173389085
141,related:c828e378223d5ccbd49877d1,1,A,0,0.034104168284446665,0.03469928524718256,0.0011630942943738577
143,related:063cf2a624ca541e0b4bd43e,1,A,0,0.06700504016503515,0.06935548025553168,0.0044896754075179745
148,related:edce35e0ba4f9e31c22fd842,1,A,1,0.026315566570338345,3.637594630089402,0.9480613759032414
156,related:2c33538bf9baf1365adc769e,1,A,0,0.185437812121785,0.20510450286848056,0.03438718216451443
162,related:e9e5e927a894d9fa9b3f65d5,1,A,0,0.2292340966212359,0.2603705787877954,0.05254827105375411
165,related:f60b5eb3a5aa1303a78bf47f,1,A,0,0.06365398260193876,0.06577019411081317,0.004051829501087923
174,related:8e93cc74274955f209f392b6,1,A,0,0.06146031532411769,0.06343013863285811,0.003777370359739976
177,related:e34d79573919ad5b941f6a50,1,A,0,0.18623082678514213,0.20607852418257028,0.03468192084507761
178,related:e34d79573919ad5b941f6a50,1,A,0,0.060260381746045644,0.06215244394768363,0.003631313608179151
189,related:1c2a531312f2c4d7ad7c7ca2,1,A,1,0.18623082678514213,1.6807683704569858,0.6622202672747933
192,related:23f585665d5efc1ae0f5f590,1,A,0,0.06146031532411769,0.06343013863285811,0.003777370359739976
197,related:719e44e7cac80dde9db1bd2d,1,A,0,0.4458553693723307,0.5903295601917551,0.19878701039813745
207,related:b3d7c396667932ae69a19300,1,A,0,0.060260381746045644,0.06215244394768363,0.003631313608179151
224,related:2c33538bf9baf1365adc769e,1,A,0,0.026315566570338345,0.02666801815442685,0.000692509043917909
230,related:8dc564bd1091102b6f71f067,1,A,0,0.08624291197423088,0.09019051087488955,0.0074378398657949365
240,related:e9e5e927a894d9fa9b3f65d5,1,A,0,0.034104168284446665,0.03469928524718256,0.0011630942943738577
246,related:f4f20852632b59da35b1ba48,1,A,0,0.06570443148935168,0.06796243630627241,0.0043170723173389085
249,related:bfa99d53bfa9330f96817275,1,A,0,0.06570443148935168,0.06796243630627241,0.0043170723173389085
279,related:a9a2896c0866c9e50e8b5626,1,A,1,0.2469216641561075,1.398684141822149,0.5671269799174066
286,related:9fcfd942f33d39074b33a7f5,1,A,0,0.06570443148935168,0.06796243630627241,0.0043170723173389085
304,related:8f9754ed522f7500b2ce8bf8,1,A,0,0.06570443148935168,0.06796243630627241,0.0043170723173389085
329,related:3064da1a57b440a546aeabf2,1,A,0,0.026315566570338345,0.02666801815442685,0.000692509043917909
332,related:5672f4c0c1c76e4deb0afa9c,1,A,0,0.06700504016503515,0.06935548025553168,0.0044896754075179745
350,related:551a47d926a9f4a649f1136f,1,A,0,0.24594832161205898,0.28229437434682025,0.0604905769037888
367,related:f4f20852632b59da35b1ba48,1,A,0,0.06700504016503515,0.06935548025553168,0.0044896754075179745
369,related:52f6443a0112656625084ddd,1,A,0,0.028786910385852436,0.02920938099368773,0.0008286862095630988
370,related:e94abdaae2ab1e0329f70696,1,A,0,0.18623082678514213,0.20607852418257028,0.03468192084507761
374,related:e94abdaae2ab1e0329f70696,1,A,0,0.23016148263339328,0.2615745038339462,0.0529743080880018
376,related:b5dbcf6eb959919d3132a457,1,A,0,0.19978643174749527,0.22287662662614335,0.03991461831039659
377,related:f60b5eb3a5aa1303a78bf47f,1,A,0,0.35032052257560287,0.4312761493667629,0.12272446853764347
383,related:1c2a531312f2c4d7ad7c7ca2,1,A,0,0.026996229477960123,0.027367321652520222,0.0007287964060266831
409,related:52f6443a0112656625084ddd,1,A,0,0.19978643174749527,0.22287662662614335,0.03991461831039659
415,related:9f0bced239549d9c195919b2,1,A,0,0.026996229477960123,0.027367321652520222,0.0007287964060266831
428,related:f4f20852632b59da35b1ba48,1,A,0,0.028786910385852436,0.02920938099368773,0.0008286862095630988
444,related:b6ffbc334b5465a1fc4ff82e,1,A,0,0.03551058839551264,0.03615642481534078,0.001261001888195517
493,related:8e93cc74274955f209f392b6,1,A,0,0.26540161361449904,0.30843134218828155,0.07043801650917984
517,related:23f585665d5efc1ae0f5f590,1,A,0,0.04678765998199481,0.047917587955903326,0.002189085126590758
528,related:85688d5a76451f9d3b3bca18,1,A,1,0.18623082678514213,1.6807683704569858,0.6622202672747933
534,related:ffd37bc1a0aef6c1f603bf8f,1,A,0,0.053083906728375194,0.05454479239138596,0.002817901153546837
546,related:5bbaa8e9403f2d180143dbc4,1,A,0,0.04678765998199481,0.047917587955903326,0.002189085126590758
555,related:f60b5eb3a5aa1303a78bf47f,1,A,0,0.06146031532411769,0.06343013863285811,0.003777370359739976
567,related:355ad9a990f63c383a73c12e,1,A,0,0.42997297819713953,0.5620715126055169,0.18487676197971784
577,related:c93ce4c7ef5e8d09d936134f,1,A,0,0.06570443148935168,0.06796243630627241,0.0043170723173389085
590,related:c828e378223d5ccbd49877d1,1,A,0,0.026315566570338345,0.02666801815442685,0.000692509043917909
591,related:b5dbcf6eb959919d3132a457,1,A,0,0.028786910385852436,0.02920938099368773,0.0008286862095630988
598,related:90f226172f3d023f1cd67708,1,A,0,0.04204118479528844,0.042950492327131426,0.0017674612189915921
600,related:12b63b2a39d97fed573cadd4,1,A,0,0.19978643174749527,0.22287662662614335,0.03991461831039659
601,related:dd0808329870bc3f86753f95,1,A,0,0.026315566570338345,0.02666801815442685,0.000692509043917909
604,related:ffd37bc1a0aef6c1f603bf8f,1,A,0,0.039968277289120314,0.04078895057571263,0.0015974631894600108
626,related:7715f0cdedfe5727ca46fefd,1,A,0,0.06570443148935168,0.06796243630627241,0.0043170723173389085
636,related:9f3b109aa8dc5a606ef45958,1,A,0,0.2469216641561075,0.28358602492796603,0.060970308229621545
660,related:3190eca09f1df51d4ae76b2b,1,A,0,0.06700504016503515,0.06935548025553168,0.0044896754075179745
674,related:8e93cc74274955f209f392b6,1,A,0,0.03171310004907734,0.032226851371873436,0.0010057207147227893
675,related:9fcfd942f33d39074b33a7f5,1,A,0,0.07444125442181482,0.07735767456032636,0.005541500359893364
687,related:7715f0cdedfe5727ca46fefd,1,A,0,0.05210799486109624,0.05351470184618361,0.0027152431284440323
691,related:f60b5eb3a5aa1303a78bf47f,1,A,0,0.060260381746045644,0.06215244394768363,0.003631313608179151
709,related:ad8aacd70cf20af5ff42b6e7,1,A,1,0.062107401393052625,2.778890112071369,0.8796425265216925
723,related:355ad9a990f63c383a73c12e,1,A,0,0.06570443148935168,0.06796243630627241,0.0043170723173389085
726,related:c93ce4c7ef5e8d09d936134f,1,A,0,0.23496531385152483,0.26783410481293435,0.055208698713345564
732,related:cddc944051d37ecf309f7788,1,A,1,0.11746264374114238,2.1416349215542825,0.7788721851923738
738,related:edce35e0ba4f9e31c22fd842,1,A,0,0.185437812121785,0.20510450286848056,0.03438718216451443
747,related:a485d9437ffa5418c5c17330,1,A,1,0.2032657498325223,1.5932410436054991,0.6347854653899329
770,related:5672f4c0c1c76e4deb0afa9c,1,A,0,0.06570443148935168,0.06796243630627241,0.0043170723173389085
774,related:e4a6599adbe80ff6952dd00b,1,A,0,0.03727894983461562,0.03799157667910453,0.001389720100771788
780,related:52f6443a0112656625084ddd,1,A,0,0.06570443148935168,0.06796243630627241,0.0043170723173389085
789,related:12b63b2a39d97fed573cadd4,1,A,0,0.06570443148935168,0.06796243630627241,0.0043170723173389085
792,related:9f0bced239549d9c195919b2,1,A,1,0.18623082678514213,1.6807683704569858,0.6622202672747933
841,related:9f3b109aa8dc5a606ef45958,1,A,0,0.038232050574017615,0.038982074226793346,0.0014616896910942406
843,related:b3d7c396667932ae69a19300,1,A,0,0.06146031532411769,0.06343013863285811,0.003777370359739976
845,related:355ad9a990f63c383a73c12e,1,A,0,0.06700504016503515,0.06935548025553168,0.0044896754075179745
862,related:6fa41e8911020e026d3ace6d,1,A,0,0.07477278445716334,0.07771593320920181,0.0055909692954774085
877,related:8b58f1a712dc85fca28099a3,1,A,0,0.05210799486109624,0.05351470184618361,0.0027152431284440323
889,related:e34d79573919ad5b941f6a50,1,A,0,0.06146031532411769,0.06343013863285811,0.003777370359739976
891,related:5672f4c0c1c76e4deb0afa9c,1,A,0,0.028786910385852436,0.02920938099368773,0.0008286862095630988
903,related:bfa99d53bfa9330f96817275,1,A,0,0.19978643174749527,0.22287662662614335,0.03991461831039659
912,related:0f24cbfe29705e0ed1b168d5,1,A,0,0.06570443148935168,0.06796243630627241,0.0043170723173389085
918,related:b4e463493d53f7be78289ad7,1,A,0,0.06700504016503515,0.06935548025553168,0.0044896754075179745
919,related:719e44e7cac80dde9db1bd2d,1,A,0,0.04079298415694562,0.041648361030512504,0.0016640675564288164
921,related:c055eb54354699bcca765c1e,1,A,0,0.06700504016503515,0.06935548025553168,0.0044896754075179745
938,related:1102021095421cd8478a5eff,1,A,0,0.028786910385852436,0.02920938099368773,0.0008286862095630988
941,related:8dc564bd1091102b6f71f067,1,A,0,0.06570443148935168,0.06796243630627241,0.0043170723173389085
945,related:6fa41e8911020e026d3ace6d,1,A,0,0.060260381746045644,0.06215244394768363,0.003631313608179151
964,related:19211c12ae0227cd6aea540a,1,A,0,0.03727894983461562,0.03799157667910453,0.001389720100771788
974,related:ad8aacd70cf20af5ff42b6e7,1,A,0,0.06700504016503515,0.06935548025553168,0.0044896754075179745
985,related:55a0e13e07144eee7d971d81,1,A,0,0.060260381746045644,0.06215244394768363,0.003631313608179151
1001,related:9fcfd942f33d39074b33a7f5,1,A,1,0.06700504016503515,2.702987436076722,0.8704795950774477
1014,related:1102021095421cd8478a5eff,1,A,0,0.03727894983461562,0.03799157667910453,0.001389720100771788
1030,related:c055eb54354699bcca765c1e,1,A,0,0.19978643174749527,0.22287662662614335,0.03991461831039659
1037,related:11d4e96822fc77a8a345b4a5,1,A,0,0.18623082678514213,0.20607852418257028,0.03468192084507761
1052,related:cd025cffd136ef90b92e43cd,1,A,1,0.036081321716743296,3.3219799515112536,0.9291392183433406
1065,related:f4f20852632b59da35b1ba48,1,A,0,0.19978643174749527,0.22287662662614335,0.03991461831039659
1073,related:b582827bd3ea1fb98abacba4,1,A,0,0.06146031532411769,0.06343013863285811,0.003777370359739976
1074,related:f9482c77761f63c350fab2c3,1,A,0,0.06908993380780436,0.07159260552015997,0.004773418953566788
1080,related:11d4e96822fc77a8a345b4a5,1,A,0,0.23016148263339328,0.2615745038339462,0.0529743080880018
1087,related:b4e463493d53f7be78289ad7,1,A,0,0.030451867602156957,0.030925158912037978,0.0009273162404592964
1096,related:edce35e0ba4f9e31c22fd842,1,A,0,0.2292340966212359,0.2603705787877954,0.05254827105375411
1097,related:d431f271dfccaa57c751af75,1,A,0,0.09512839629383434,0.09996221970515759,0.009049411781436794
1098,related:b6ffbc334b5465a1fc4ff82e,1,A,0,0.24594832161205898,0.28229437434682025,0.0604905769037888
1099,related:a080c47a8adc9f33a8871990,1,A,0,0.2292340966212359,0.2603705787877954,0.05254827105375411
1111,related:cd025cffd136ef90b92e43cd,1,A,1,0.3759205285461146,0.9783775181816633,0.389475186690161
1116,related:85688d5a76451f9d3b3bca18,1,A,0,0.03497904939782146,0.03560546741024116,0.0012235338967752339
1119,related:b6ffbc334b5465a1fc4ff82e,1,A,0,0.3000406271443045,0.35673298440062534,0.09002437793714757
1122,related:9f0bced239549d9c195919b2,1,A,0,0.06146031532411769,0.06343013863285811,0.003777370359739976
1127,related:b619b7521d32f00c3daaa74b,1,A,0,0.19517197532507152,0.2171266583307436,0.03809209995229033
1131,related:551a47d926a9f4a649f1136f,1,A,0,0.03727894983461562,0.03799157667910453,0.001389720100771788
1140,related:1102021095421cd8478a5eff,1,A,0,0.19978643174749527,0.22287662662614335,0.03991461831039659
1159,related:b619b7521d32f00c3daaa74b,1,A,0,0.03009603155623758,0.030558213990059434,0.0009057711154340482
1166,related:551a47d926a9f4a649f1136f,1,A,0,0.19978643174749527,0.22287662662614335,0.03991461831039659
1175,related:f3e6bf47fb7a2020efed5d44,1,A,0,0.03701285368308522,0.03771521481523535,0.001369951337765475
1177,related:cd025cffd136ef90b92e43cd,1,A,0,0.034104168284446665,0.03469928524718256,0.0011630942943738577
1180,related:f9482c77761f63c350fab2c3,1,A,0,0.06146031532411769,0.06343013863285811,0.003777370359739976
1183,related:b582827bd3ea1fb98abacba4,1,A,0,0.15481768226081485,0.16820291425985318,0.023968514740610625
1190,related:1102021095421cd8478a5eff,1,A,0,0.24594832161205898,0.28229437434682025,0.0604905769037888
1191,related:a485d9437ffa5418c5c17330,1,A,0,0.060260381746045644,0.06215244394768363,0.003631313608179151
1218,related:23f585665d5efc1ae0f5f590,1,A,0,0.047732944993594394,0.04890976356442862,0.002278434037761508
1239,related:063cf2a624ca541e0b4bd43e,1,A,0,0.030451867602156957,0.030925158912037978,0.0009273162404592964
1257,related:c93ce4c7ef5e8d09d936134f,1,A,0,0.06700504016503515,0.06935548025553168,0.0044896754075179745
1262,related:a631841fc16aa0ba8a756c85,1,A,0,0.060260381746045644,0.06215244394768363,0.003631313608179151
1269,related:dd0808329870bc3f86753f95,1,A,0,0.2292340966212359,0.2603705787877954,0.05254827105375411
1271,related:d431f271dfccaa57c751af75,1,A,1,0.24997743783192033,1.3863846138648657,0.5625338437611709
1291,related:e4a6599adbe80ff6952dd00b,1,A,0,0.19978643174749527,0.22287662662614335,0.03991461831039659
1302,related:b5dbcf6eb959919d3132a457,1,A,0,0.06570443148935168,0.06796243630627241,0.0043170723173389085
1304,related:8dc564bd1091102b6f71f067,1,A,1,0.06267546443532368,2.769785224748663,0.8785772849715362
1320,related:8b58f1a712dc85fca28099a3,1,A,0,0.06700504016503515,0.06935548025553168,0.0044896754075179745
1344,related:6fa41e8911020e026d3ace6d,1,A,0,0.06146031532411769,0.06343013863285811,0.003777370359739976
1351,related:d431f271dfccaa57c751af75,1,A,0,0.03992757880233284,0.04074655861804444,0.0015942115490164986
1366,related:cddc944051d37ecf309f7788,1,A,0,0.08201430873488545,0.08557347534029662,0.006726346837261108
1370,related:19211c12ae0227cd6aea540a,1,A,0,0.24594832161205898,0.28229437434682025,0.0604905769037888
1374,related:e34d79573919ad5b941f6a50,1,A,0,0.026996229477960123,0.027367321652520222,0.0007287964060266831
1375,related:9b5ef593a09674921fda6ef3,1,A,0,0.06570443148935168,0.06796243630627241,0.0043170723173389085
1378,related:55a0e13e07144eee7d971d81,1,A,0,0.03883345116780459,0.03960757719004052,0.0015080369296022636
1402,related:063cf2a624ca541e0b4bd43e,1,A,0,0.06570443148935168,0.06796243630627241,0.0043170723173389085
1441,related:cddc944051d37ecf309f7788,1,A,0,0.19978643174749527,0.22287662662614335,0.03991461831039659
1447,related:a080c47a8adc9f33a8871990,1,A,0,0.034104168284446665,0.03469928524718256,0.0011630942943738577
1456,related:55a0e13e07144eee7d971d81,1,A,1,0.5137385751874458,0.6660407514969268,0.23645017326073528
1458,related:0f24cbfe29705e0ed1b168d5,1,A,0,0.19978643174749527,0.22287662662614335,0.03991461831039659
1474,related:a485d9437ffa5418c5c17330,1,A,0,0.06146031532411769,0.06343013863285811,0.003777370359739976
1484,related:b4e463493d53f7be78289ad7,1,A,0,0.21827578304459364,0.24625326437719655,0.04764431746373051
1494,related:f3e6bf47fb7a2020efed5d44,1,A,0,0.03727894983461562,0.03799157667910453,0.001389720100771788
1502,related:9f3b109aa8dc5a606ef45958,1,A,0,0.07375194984857648,0.07661320747373383,0.005439350106466941
1512,related:9b5ef593a09674921fda6ef3,1,A,0,0.21827578304459364,0.24625326437719655,0.04764431746373051
1563,related:23f585665d5efc1ae0f5f590,1,A,0,0.060260381746045644,0.06215244394768363,0.003631313608179151
1585,related:bfa99d53bfa9330f96817275,1,A,0,0.028786910385852436,0.02920938099368773,0.0008286862095630988
1589,related:dd0808329870bc3f86753f95,1,A,0,0.034104168284446665,0.03469928524718256,0.0011630942943738577
1593,related:55a0e13e07144eee7d971d81,1,A,0,0.06146031532411769,0.06343013863285811,0.003777370359739976
1614,related:23f585665d5efc1ae0f5f590,1,A,0,0.060260381746045644,0.06215244394768363,0.003631313608179151
1621,related:11d4e96822fc77a8a345b4a5,1,A,0,0.03497904939782146,0.03560546741024116,0.0012235338967752339
1624,related:f3e6bf47fb7a2020efed5d44,1,A,0,0.33265041039224325,0.40444124802019843,0.11065629553412785
1631,related:cddc944051d37ecf309f7788,1,A,0,0.028786910385852436,0.02920938099368773,0.0008286862095630988
1633,related:2c33538bf9baf1365adc769e,1,A,0,0.2292340966212359,0.2603705787877954,0.05254827105375411
1642,related:063cf2a624ca541e0b4bd43e,1,A,1,0.21827578304459364,1.5219959558694411,0.6110927513745433
1643,related:9f3b109aa8dc5a606ef45958,1,A,1,0.15599767086198835,1.8579142022159287,0.7123399315903886
1644,related:a080c47a8adc9f33a8871990,1,A,1,0.185437812121785,1.6850356977681853,0.6635115579209444
1649,related:9f0bced239549d9c195919b2,1,A,0,0.060260381746045644,0.06215244394768363,0.003631313608179151
1694,related:b6ffbc334b5465a1fc4ff82e,1,A,0,0.03727894983461562,0.03799157667910453,0.001389720100771788
1695,related:90f226172f3d023f1cd67708,1,A,0,0.6630968640074807,1.0879598202350382,0.43969745105655533
1697,related:a080c47a8adc9f33a8871990,1,A,1,0.026315566570338345,3.637594630089402,0.9480613759032414
1712,related:11d4e96822fc77a8a345b4a5,1,A,0,0.026996229477960123,0.027367321652520222,0.0007287964060266831
1719,related:e4a6599adbe80ff6952dd00b,1,A,0,0.24594832161205898,0.28229437434682025,0.0604905769037888
1726,related:c93ce4c7ef5e8d09d936134f,1,A,0,0.031695617504701984,0.03220879640639431,0.0010046121690043708
1737,related:9b5ef593a09674921fda6ef3,1,A,0,0.030451867602156957,0.030925158912037978,0.0009273162404592964
1744,related:a9a2896c0866c9e50e8b5626,1,A,0,0.060872710097546,0.06280424995961689,0.003705486834619879
1750,related:a631841fc16aa0ba8a756c85,1,A,0,0.06146031532411769,0.06343013863285811,0.003777370359739976
1765,related:b5dbcf6eb959919d3132a457,1,A,1,0.06700504016503515,2.702987436076722,0.8704795950774477
1772,related:f9482c77761f63c350fab2c3,1,A,0,0.1684294588320619,0.1844391479067125,0.028368482602461234
1814,related:85688d5a76451f9d3b3bca18,1,A,1,0.23016148263339328,1.468974118008666,0.5926513428212152
1815,related:719e44e7cac80dde9db1bd2d,1,A,0,0.06570443148935168,0.06796243630627241,0.0043170723173389085
1820,related:1c2a531312f2c4d7ad7c7ca2,1,A,0,0.06146031532411769,0.06343013863285811,0.003777370359739976
1822,related:0f24cbfe29705e0ed1b168d5,1,A,0,0.028786910385852436,0.02920938099368773,0.0008286862095630988
1826,related:c828e378223d5ccbd49877d1,1,A,1,0.2292340966212359,1.4730115415878047,0.5940800778112824
1827,related:b619b7521d32f00c3daaa74b,1,A,1,0.060260381746045644,2.8090804103175446,0.8831105501160879
1829,related:9b5ef593a09674921fda6ef3,1,A,0,0.06700504016503515,0.06935548025553168,0.0044896754075179745
1838,related:b582827bd3ea1fb98abacba4,1,A,0,0.060260381746045644,0.06215244394768363,0.003631313608179151
1839,related:19211c12ae0227cd6aea540a,1,A,0,0.028786910385852436,0.02920938099368773,0.0008286862095630988
1857,related:b582827bd3ea1fb98abacba4,1,A,0,0.06689719423823147,0.06923989582162687,0.00447523459694767
1858,related:e9e5e927a894d9fa9b3f65d5,1,A,1,0.026315566570338345,3.637594630089402,0.9480613759032414
1868,related:355ad9a990f63c383a73c12e,1,A,1,0.04038078815942704,3.209401147728568,0.9208690317335224
1880,related:719e44e7cac80dde9db1bd2d,1,A,1,0.06700504016503515,2.702987436076722,0.8704795950774477
1893,related:f3e6bf47fb7a2020efed5d44,1,A,0,0.24594832161205898,0.28229437434682025,0.0604905769037888
1898,related:ffd37bc1a0aef6c1f603bf8f,1,A,1,0.30319993145343654,1.1933628512910022,0.48553033552649544
1903,related:cd025cffd136ef90b92e43cd,1,A,0,0.2292340966212359,0.2603705787877954,0.05254827105375411
1907,related:bfa99d53bfa9330f96817275,1,A,0,0.06700504016503515,0.06935548025553168,0.0044896754075179745
1925,related:23f585665d5efc1ae0f5f590,1,A,0,0.047732944993594394,0.04890976356442862,0.002278434037761508
1926,related:3064da1a57b440a546aeabf2,1,A,0,0.2292340966212359,0.2603705787877954,0.05254827105375411
1929,related:d431f271dfccaa57c751af75,1,A,0,0.41394874157592043,0.5343480215171054,0.17135356065228816
1951,related:12b63b2a39d97fed573cadd4,1,A,1,0.06700504016503515,2.702987436076722,0.8704795950774477
1967,related:a485d9437ffa5418c5c17330,1,A,0,0.02786703977739994,0.028262693524175906,0.0007765719059551904
1979,related:a631841fc16aa0ba8a756c85,1,A,0,0.049440732820731276,0.050704765310799975,0.0024443860618509347
1997,related:1c2a531312f2c4d7ad7c7ca2,1,A,0,0.060260381746045644,0.06215244394768363,0.003631313608179151
2006,related:23f585665d5efc1ae0f5f590,1,A,0,0.06146031532411769,0.06343013863285811,0.003777370359739976
2015,related:b4e463493d53f7be78289ad7,1,A,0,0.06570443148935168,0.06796243630627241,0.0043170723173389085
2021,related:e9e5e927a894d9fa9b3f65d5,1,A,1,0.18543781212178498,1.6850356977681855,0.6635115579209444
2083,related:a9a2896c0866c9e50e8b5626,1,A,1,0.07300759912794556,2.6171917456084395,0.8593149112745357
2097,related:90f226172f3d023f1cd67708,1,A,0,0.06570443148935168,0.06796243630627241,0.0043170723173389085
2114,related:c828e378223d5ccbd49877d1,1,A,1,0.18543781212178498,1.6850356977681855,0.6635115579209444
2120,related:3064da1a57b440a546aeabf2,1,A,0,0.18543781212178498,0.20510450286848056,0.034387182164514425
2134,related:e94abdaae2ab1e0329f70696,1,A,0,0.026996229477960123,0.027367321652520222,0.0007287964060266831
2137,related:8f9754ed522f7500b2ce8bf8,1,A,0,0.056111903330868566,0.057747661527310416,0.003148545695412739
2152,related:8f9754ed522f7500b2ce8bf8,1,A,0,0.0633416346991292,0.06543666802983847,0.004012162686357929
2157,related:3190eca09f1df51d4ae76b2b,1,A,0,0.15599767086198832,0.16960002474779384,0.02433527331436524
2165,related:6fa41e8911020e026d3ace6d,1,A,0,0.17893399425227638,0.19715177599189962,0.03201737429907368
2166,related:0f24cbfe29705e0ed1b168d5,1,A,0,0.06700504016503515,0.06935548025553168,0.0044896754075179745
2173,related:ffd37bc1a0aef6c1f603bf8f,1,A,0,0.049440732820731276,0.050704765310799975,0.0024443860618509347
2175,related:19211c12ae0227cd6aea540a,1,A,0,0.19978643174749522,0.22287662662614321,0.03991461831039657
2178,related:9fcfd942f33d39074b33a7f5,1,A,0,0.05968351921422047,0.06153877869564886,0.0035621224657942244
2186,related:8dc564bd1091102b6f71f067,1,A,1,0.06700504016503515,2.702987436076722,0.8704795950774477
2198,related:c055eb54354699bcca765c1e,1,A,0,0.028786910385852436,0.02920938099368773,0.0008286862095630988
2204,related:8f9754ed522f7500b2ce8bf8,1,A,0,0.06700504016503515,0.06935548025553168,0.0044896754075179745
2208,related:5bbaa8e9403f2d180143dbc4,1,A,1,0.23016148263339328,1.468974118008666,0.5926513428212152
2209,related:5bbaa8e9403f2d180143dbc4,1,A,0,0.03497904939782146,0.03560546741024116,0.0012235338967752339
2214,related:5672f4c0c1c76e4deb0afa9c,1,A,0,0.19978643174749522,0.22287662662614321,0.03991461831039657
2225,related:ad8aacd70cf20af5ff42b6e7,1,A,0,0.05723426151738637,0.05893744875590164,0.0032757606914405745
2231,related:3190eca09f1df51d4ae76b2b,1,A,0,0.07375194984857648,0.07661320747373383,0.005439350106466941
2232,related:7715f0cdedfe5727ca46fefd,1,A,0,0.05108071560102534,0.05243153730981184,0.0026092395063128334
2244,related:90f226172f3d023f1cd67708,1,A,0,0.06700504016503515,0.06935548025553168,0.0044896754075179745
2245,related:b3d7c396667932ae69a19300,1,A,1,0.21878091829350416,1.519684422961774,0.6103032536223407
2257,related:dd0808329870bc3f86753f95,1,A,0,0.18543781212178498,0.20510450286848056,0.034387182164514425
2260,related:edce35e0ba4f9e31c22fd842,1,A,0,0.034104168284446665,0.03469928524718256,0.0011630942943738577
2272,related:e4a6599adbe80ff6952dd00b,1,A,0,0.028786910385852436,0.02920938099368773,0.0008286862095630988
2277,related:52f6443a0112656625084ddd,1,A,0,0.06700504016503515,0.06935548025553168,0.0044896754075179745
2291,related:3190eca09f1df51d4ae76b2b,1,A,0,0.06570443148935168,0.06796243630627241,0.0043170723173389085
2294,related:551a47d926a9f4a649f1136f,1,A,0,0.028786910385852436,0.02920938099368773,0.0008286862095630988
2314,related:b619b7521d32f00c3daaa74b,1,A,0,0.06146031532411769,0.06343013863285811,0.003777370359739976
2319,related:2c33538bf9baf1365adc769e,1,A,0,0.034104168284446665,0.03469928524718256,0.0011630942943738577
2350,related:23f585665d5efc1ae0f5f590,1,A,0,0.04678765998199481,0.047917587955903326,0.002189085126590758
2363,related:8b58f1a712dc85fca28099a3,1,A,0,0.05108071560102534,0.05243153730981184,0.0026092395063128334
2379,related:f9482c77761f63c350fab2c3,1,A,0,0.060260381746045644,0.06215244394768363,0.003631313608179151
2384,related:c055eb54354699bcca765c1e,1,A,0,0.06570443148935168,0.06796243630627241,0.0043170723173389085
2388,related:3064da1a57b440a546aeabf2,1,A,0,0.034104168284446665,0.03469928524718256,0.0011630942943738577
6,related:a9a2896c0866c9e50e8b5626,1,B,0,0.0430810442726321,0.044036576875550425,0.0018559763756204873
11,related:a631841fc16aa0ba8a756c85,1,B,0,0.05526877661919758,0.05685481164620356,0.0030546376689827614
26,related:8e93cc74274955f209f392b6,1,B,0,0.0543572728586423,0.055890448133952664,0.002954713112628891
40,related:e94abdaae2ab1e0329f70696,1,B,0,0.036628194065945564,0.037315850385462,0.0013416246005325699
47,related:7715f0cdedfe5727ca46fefd,1,B,0,0.07123622528660947,0.07390085160562757,0.005074599793084579
56,related:5bbaa8e9403f2d180143dbc4,1,B,0,0.07434317596552154,0.07725171341998702,0.0055269078126404985
58,related:12b63b2a39d97fed573cadd4,1,B,0,0.035995377533012005,0.036659189292851294,0.0012956672037440654
75,related:b3d7c396667932ae69a19300,1,B,0,0.03292058575705889,0.03347466255449091,0.0010837649665878686
85,related:ad8aacd70cf20af5ff42b6e7,1,B,0,0.06098373756169695,0.06292248103321282,0.0037190162469939274
91,related:85688d5a76451f9d3b3bca18,1,B,0,0.024219019634075308,0.0245171231144776,0.0005865609120357252
95,related:8b58f1a712dc85fca28099a3,1,B,0,0.05651753312815513,0.058177497417906086,0.0031942315508921124
141,related:c828e378223d5ccbd49877d1,1,B,0,0.042375728553320544,0.04329977893731772,0.001795702370424706
143,related:063cf2a624ca541e0b4bd43e,1,B,0,0.05840885554150135,0.060184127860989166,0.003411594405667973
148,related:edce35e0ba4f9e31c22fd842,1,B,1,0.014460882247614234,4.236308051138029,0.971287352620151
156,related:2c33538bf9baf1365adc769e,1,B,0,0.2180192793466553,0.24592519263671694,0.04753240616683492
162,related:e9e5e927a894d9fa9b3f65d5,1,B,0,0.22129339065016573,0.2501209287636689,0.04897076474544686
165,related:f60b5eb3a5aa1303a78bf47f,1,B,0,0.07456767190277994,0.0774942689318061,0.005560337693000636
174,related:8e93cc74274955f209f392b6,1,B,0,0.055613282931139096,0.05721953881160067,0.003092837238378927
177,related:e34d79573919ad5b941f6a50,1,B,0,0.20841960150833336,0.2337238274455184,0.04343873029289247
178,related:e34d79573919ad5b941f6a50,1,B,0,0.06868487588000867,0.07115757979256172,0.004717612174652197
189,related:1c2a531312f2c4d7ad7c7ca2,1,B,1,0.1996706547305886,1.6110859961253094,0.6405270608993646
192,related:23f585665d5efc1ae0f5f590,1,B,0,0.07075771269615962,0.07338576975437698,0.005006653905992268
197,related:719e44e7cac80dde9db1bd2d,1,B,0,0.43835041269392294,0.576877133683261,0.19215108430893255
207,related:b3d7c396667932ae69a19300,1,B,0,0.06635460944215785,0.06865858034220348,0.004402934194221303
224,related:2c33538bf9baf1365adc769e,1,B,0,0.03140645951889045,0.03191021795832064,0.0009863656995117045
230,related:8dc564bd1091102b6f71f067,1,B,0,0.10124623024088451,0.10674617550881722,0.010250799137990197
240,related:e9e5e927a894d9fa9b3f65d5,1,B,0,0.03199276271763502,0.03251571520214043,0.0010235368663068973
246,related:f4f20852632b59da35b1ba48,1,B,0,0.06772207401269485,0.07012430490143642,0.004586279308580919
249,related:bfa99d53bfa9330f96817275,1,B,0,0.06251983149128636,0.06455967495201699,0.003908729329698841
279,related:a9a2896c0866c9e50e8b5626,1,B,1,0.27423846213436,1.2937572513248807,0.5267298098450989
286,related:9fcfd942f33d39074b33a7f5,1,B,0,0.12604531275281639,0.13472674992555192,0.0158874208669553
304,related:8f9754ed522f7500b2ce8bf8,1,B,0,0.09001594829176614,0.09432820522016382,0.008102870946865915
329,related:3064da1a57b440a546aeabf2,1,B,0,0.01790210778920455,0.01806428902700885,0.0003204854632962982
332,related:5672f4c0c1c76e4deb0afa9c,1,B,0,0.07133292000691445,0.07400496823548476,0.005088385476712856
350,related:551a47d926a9f4a649f1136f,1,B,0,0.35857441369236637,0.44406210117535694,0.1285756101548243
367,related:f4f20852632b59da35b1ba48,1,B,0,0.06926427943036285,0.07177990820073213,0.0047975404050073864
369,related:52f6443a0112656625084ddd,1,B,0,0.01671326629778242,0.016854508894668954,0.0002793332703405897
370,related:e94abdaae2ab1e0329f70696,1,B,0,0.20073096972721774,0.22405768116263797,0.04029292220762921
374,related:e94abdaae2ab1e0329f70696,1,B,0,0.2419150134844647,0.2769597802110422,0.05852287374918874
376,related:b5dbcf6eb959919d3132a457,1,B,0,0.332872216254234,0.4047736715868506,0.11080391235400554
377,related:f60b5eb3a5aa1303a78bf47f,1,B,0,0.41503149341033585,0.5361972680888932,0.17225114052241364
383,related:1c2a531312f2c4d7ad7c7ca2,1,B,0,0.028866948934401827,0.029291795293506208,0.0008333007407813627
409,related:52f6443a0112656625084ddd,1,B,0,0.12751481779635745,0.1364096081974577,0.01626002875763824
415,related:9f0bced239549d9c195919b2,1,B,0,0.037066843754299236,0.03777128159136963,0.0013739509059056323
428,related:f4f20852632b59da35b1ba48,1,B,0,0.032097877052535966,0.03262430947536789,0.001030273711279715
444,related:b6ffbc334b5465a1fc4ff82e,1,B,0,0.02499168691193335,0.025309281776467133,0.0006245844147041008
493,related:8e93cc74274955f209f392b6,1,B,0,0.247346034075262,0.2841496974079841,0.061180060572760674
517,related:23f585665d5efc1ae0f5f590,1,B,0,0.03883998463421456,0.039614374647383835,0.0015085444063860228
528,related:85688d5a76451f9d3b3bca18,1,B,1,0.17240354249718004,1.7579173728361597,0.6849158964712169
534,related:ffd37bc1a0aef6c1f603bf8f,1,B,0,0.03117737772616902,0.03167373619648456,0.0009720288818802201
546,related:5bbaa8e9403f2d180143dbc4,1,B,0,0.07269671890284242,0.0754746028481742,0.005284812939238886
555,related:f60b5eb3a5aa1303a78bf47f,1,B,0,0.08222910866147895,0.08580749321566121,0.0067616263112613125
567,related:355ad9a990f63c383a73c12e,1,B,0,0.5358002415865539,0.7674403055782864,0.28708189888420954
577,related:c93ce4c7ef5e8d09d936134f,1,B,0,0.046622975533523944,0.04774483502656445,0.0021737018475995722
590,related:c828e378223d5ccbd49877d1,1,B,0,0.03365358567208994,0.034232902089018434,0.0011325638285886973
591,related:b5dbcf6eb959919d3132a457,1,B,0,0.054846560434854835,0.05640799475875488,0.0030081451915341837
598,related:90f226172f3d023f1cd67708,1,B,0,0.02297314068507853,0.023241135695009175,0.0005277651929364105
600,related:12b63b2a39d97fed573cadd4,1,B,0,0.24303332073661618,0.27843604333857763,0.059065194988266956
601,related:dd0808329870bc3f86753f95,1,B,0,0.01422581862796247,0.014327975587376378,0.000202373915635684
604,related:ffd37bc1a0aef6c1f603bf8f,1,B,0,0.02252012770881798,0.022777578341077274,0.0005071561520214714
626,related:7715f0cdedfe5727ca46fefd,1,B,0,0.06965339928323414,0.07219807332335013,0.0048515960317096415
636,related:9f3b109aa8dc5a606ef45958,1,B,0,0.15054869632094062,0.16316466302225854,0.0226649099639348
660,related:3190eca09f1df51d4ae76b2b,1,B,0,0.09018511700024863,0.09451412543996758,0.008133355328348534
674,related:8e93cc74274955f209f392b6,1,B,0,0.02799182140800577,0.02839106036780265,0.0007835420657376902
675,related:9fcfd942f33d39074b33a7f5,1,B,0,0.1363922168113098,0.1466365678894035,0.01860283680670334
687,related:7715f0cdedfe5727ca46fefd,1,B,0,0.05692689066886645,0.05861147090090296,0.003240670881225074
691,related:f60b5eb3a5aa1303a78bf47f,1,B,0,0.08042317787523345,0.08384169071178112,0.006467887539551439
709,related:ad8aacd70cf20af5ff42b6e7,1,B,1,0.05665213602372417,2.870825586592762,0.8899051924686021
723,related:355ad9a990f63c383a73c12e,1,B,0,0.10100484660559764,0.10647763563249892,0.01020197903782031
726,related:c93ce4c7ef5e8d09d936134f,1,B,0,0.18404014995411985,0.20339012860370273,0.03387077679513492
732,related:cddc944051d37ecf309f7788,1,B,1,0.13963889510187297,1.9686955092524507,0.7402212308215259
738,related:edce35e0ba4f9e31c22fd842,1,B,0,0.11203144810899474,0.11881895115423281,0.01255104536539838
747,related:a485d9437ffa5418c5c17330,1,B,1,0.25942019604208805,1.3493061533760862,0.5484584460303392
770,related:5672f4c0c1c76e4deb0afa9c,1,B,0,0.06974810685259937,0.07229987666217833,0.004864798409521619
774,related:e4a6599adbe80ff6952dd00b,1,B,0,0.04043369092159454,0.04127385797183033,0.0016348833615430366
780,related:52f6443a0112656625084ddd,1,B,0,0.03589591739212408,0.03655602068963474,0.0012885168854221962
789,related:12b63b2a39d97fed573cadd4,1,B,0,0.07560736057086777,0.07861836315241374,0.00571647297249321
792,related:9f0bced239549d9c195919b2,1,B,1,0.24418897036424658,1.409812884729142,0.5712503125190578
841,related:9f3b109aa8dc5a606ef45958,1,B,0,0.020679498685435133,0.020896313812445565,0.00042764166588091343
843,related:b3d7c396667932ae69a19300,1,B,0,0.06786794116041792,0.07028078030031099,0.004606057437353948
845,related:355ad9a990f63c383a73c12e,1,B,0,0.1032210683035781,0.10894590025614304,0.010654588941731937
862,related:6fa41e8911020e026d3ace6d,1,B,0,0.06359070532097456,0.0657026174438773,0.004043777803219023
877,related:8b58f1a712dc85fca28099a3,1,B,0,0.0460722484928134,0.04716734257443673,0.0021226520811835465
889,related:e34d79573919ad5b941f6a50,1,B,0,0.0702473546778732,0.07283670098377286,0.004934690839238914
891,related:5672f4c0c1c76e4deb0afa9c,1,B,0,0.03309598001131425,0.03365604389585263,0.0010953438929093126
903,related:bfa99d53bfa9330f96817275,1,B,0,0.20746908106732348,0.232523759565654,0.04304341959891964
912,related:0f24cbfe29705e0ed1b168d5,1,B,0,0.08370604398982097,0.08741805311459754,0.007006701800425843
918,related:b4e463493d53f7be78289ad7,1,B,0,0.05940239846201082,0.061239859402157704,0.0035286449430395055
919,related:719e44e7cac80dde9db1bd2d,1,B,0,0.037377462289929546,0.03809390901710407,0.0013970746872351053
921,related:c055eb54354699bcca765c1e,1,B,0,0.0811946531808282,0.08468098883369979,0.006592571705154975
938,related:1102021095421cd8478a5eff,1,B,0,0.023522324242735308,0.02380339041442734,0.0005532997377803732
941,related:8dc564bd1091102b6f71f067,1,B,0,0.08221054248009525,0.08578726377303264,0.006758573294871546
945,related:6fa41e8911020e026d3ace6d,1,B,0,0.061697749395389224,0.06368315309089523,0.0038066122804562516
964,related:19211c12ae0227cd6aea540a,1,B,0,0.015677369049950873,0.01580155868803757,0.00024577990032835755
974,related:ad8aacd70cf20af5ff42b6e7,1,B,0,0.06238276171882442,0.06441347478960432,0.0038916089596676253
985,related:55a0e13e07144eee7d971d81,1,B,0,0.057584080519121075,0.05930857373929211,0.0033159263292326193
1001,related:9fcfd942f33d39074b33a7f5,1,B,1,0.12873228952301902,2.0500203060029025,0.7591074233198004
1014,related:1102021095421cd8478a5eff,1,B,0,0.029699404419418467,0.030149363140310477,0.0008820546228681732
1030,related:c055eb54354699bcca765c1e,1,B,0,0.2529509891847392,0.2916244858071156,0.06398420292953803
1037,related:11d4e96822fc77a8a345b4a5,1,B,0,0.1372149318701268,0.14758967091050146,0.018827937528123537
1052,related:cd025cffd136ef90b92e43cd,1,B,1,0.025549366426475206,3.667142760038115,0.9495540372718438
1065,related:f4f20852632b59da35b1ba48,1,B,0,0.22187790469369736,0.25087183227572346,0.04922980459126545
1073,related:b582827bd3ea1fb98abacba4,1,B,0,0.08840015305855012,0.0925541495116203,0.007814587060775088
1074,related:f9482c77761f63c350fab2c3,1,B,0,0.0500752800153793,0.05137253964882522,0.002507533668618646
1080,related:11d4e96822fc77a8a345b4a5,1,B,0,0.1681082735415916,0.18405298309767254,0.02826039163313459
1087,related:b4e463493d53f7be78289ad7,1,B,0,0.028128460261609332,0.02853164401867369,0.0007912102766889353
1096,related:edce35e0ba4f9e31c22fd842,1,B,0,0.13816280090392183,0.14868889031320684,0.019088959553616742
1097,related:d431f271dfccaa57c751af75,1,B,0,0.088155762265011,0.09228609545166175,0.007771438420525137
1098,related:b6ffbc334b5465a1fc4ff82e,1,B,0,0.20137601596177226,0.22486505219914257,0.040552299804635955
1099,related:a080c47a8adc9f33a8871990,1,B,0,0.19073300063787202,0.2116263800792946,0.03637907753232649
1111,related:cd025cffd136ef90b92e43cd,1,B,1,0.30781438015846835,1.1782583395053494,0.4791209323154055
1116,related:85688d5a76451f9d3b3bca18,1,B,0,0.030573327202905728,0.031050441200990025,0.0009347283362559353
1119,related:b6ffbc334b5465a1fc4ff82e,1,B,0,0.23637482953824854,0.26967822478518694,0.055873060039236054
1122,related:9f0bced239549d9c195919b2,1,B,0,0.08484504349312538,0.08866187667130736,0.007198681405350338
1127,related:b619b7521d32f00c3daaa74b,1,B,0,0.24606554890941712,0.282449849646364,0.06054825436009275
1131,related:551a47d926a9f4a649f1136f,1,B,0,0.06104582572855689,0.06298860365758313,0.003726592838881339
1140,related:1102021095421cd8478a5eff,1,B,0,0.1715876150795067,0.188244199161439,0.029442309648672955
1159,related:b619b7521d32f00c3daaa74b,1,B,0,0.039524426793320036,0.04032672842779768,0.0015621803133405148
1166,related:551a47d926a9f4a649f1136f,1,B,0,0.3055344546394867,0.3646127287303946,0.09335130297184856
1175,related:f3e6bf47fb7a2020efed5d44,1,B,0,0.05225740961301473,0.05367234272547596,0.002730836859462404
1177,related:cd025cffd136ef90b92e43cd,1,B,0,0.027670750544445115,0.02806079787133724,0.0007656704356929096
1180,related:f9482c77761f63c350fab2c3,1,B,0,0.05248973702640896,0.05391751044982044,0.0027551724931015676
1183,related:b582827bd3ea1fb98abacba4,1,B,0,0.19353866182079266,0.2150993203474416,0.037457213619383145
1190,related:1102021095421cd8478a5eff,1,B,0,0.2083509856244754,0.23363714906101732,0.04341013321069036
1191,related:a485d9437ffa5418c5c17330,1,B,0,0.07566917063673037,0.07868523098519568,0.005725823384850618
1218,related:23f585665d5efc1ae0f5f590,1,B,0,0.039752516039216,0.04056423195139733,0.0015802625314481253
1239,related:063cf2a624ca541e0b4bd43e,1,B,0,0.027642621500167372,0.028031868743244995,0.0007641145234015155
1257,related:c93ce4c7ef5e8d09d936134f,1,B,0,0.04770928891119935,0.048884922015574164,0.002276176248412289
1262,related:a631841fc16aa0ba8a756c85,1,B,0,0.06250375674450755,0.06454252833974142,0.003906719607176572
1269,related:dd0808329870bc3f86753f95,1,B,0,0.13619482343660763,0.14640802569346006,0.018549029930928728
1271,related:d431f271dfccaa57c751af75,1,B,1,0.24538440553699595,1.4049292958435355,0.569444695406753
1291,related:e4a6599adbe80ff6952dd00b,1,B,0,0.22187790469369736,0.25087183227572346,0.04922980459126545
1302,related:b5dbcf6eb959919d3132a457,1,B,0,0.11277684194345271,0.11965874087845045,0.012718616078738514
1304,related:8dc564bd1091102b6f71f067,1,B,1,0.0726090262573339,2.6226660362661334,0.8600540181793704
1320,related:8b58f1a712dc85fca28099a3,1,B,0,0.05782040732568341,0.05955937217988773,0.0033431995033079433
1344,related:6fa41e8911020e026d3ace6d,1,B,0,0.06311205273385605,0.06519159059045798,0.003983131200281026
1351,related:d431f271dfccaa57c751af75,1,B,0,0.04104599439544732,0.041912166036599044,0.001684773655911093
1366,related:cddc944051d37ecf309f7788,1,B,0,0.09632562398594523,0.10128618700310832,0.009278625836281706
1370,related:19211c12ae0227cd6aea540a,1,B,0,0.12045265454104145,0.12834788400901756,0.014508841985983475
1374,related:e34d79573919ad5b941f6a50,1,B,0,0.03041623893638398,0.030888411885291477,0.0009251475910352008
1375,related:9b5ef593a09674921fda6ef3,1,B,0,0.0643078168468013,0.06646872074478459,0.004135495307601741
1378,related:55a0e13e07144eee7d971d81,1,B,0,0.032774063868455154,0.03332316435504103,0.0010741392624535775
1402,related:063cf2a624ca541e0b4bd43e,1,B,0,0.05709352526371327,0.05878817970166423,0.0032596706270382656
1441,related:cddc944051d37ecf309f7788,1,B,0,0.2714910652569448,0.31675538884685656,0.07370739851435065
1447,related:a080c47a8adc9f33a8871990,1,B,0,0.026678947103112423,0.027041289354272285,0.0007117662185306707
1456,related:55a0e13e07144eee7d971d81,1,B,1,0.48890155003195657,0.7155941389547075,0.2612216255597366
1458,related:0f24cbfe29705e0ed1b168d5,1,B,0,0.2639451265270431,0.30645060668332114,0.0696670298173768
1474,related:a485d9437ffa5418c5c17330,1,B,0,0.07737733118585573,0.08053493758348099,0.0059872513814456015
1484,related:b4e463493d53f7be78289ad7,1,B,0,0.20845774060504368,0.23377200955765937,0.04345462961815968
1494,related:f3e6bf47fb7a2020efed5d44,1,B,0,0.0581894004463135,0.05995108666637551,0.00338600632430143
1502,related:9f3b109aa8dc5a606ef45958,1,B,0,0.036315623172368576,0.03699144791176747,0.0013188244863974734
1512,related:9b5ef593a09674921fda6ef3,1,B,0,0.22697022298283132,0.25743770976902597,0.05151548212087617
1563,related:23f585665d5efc1ae0f5f590,1,B,0,0.04883837474912842,0.05007127793192678,0.0023851868481363048
1585,related:bfa99d53bfa9330f96817275,1,B,0,0.029545471061020186,0.029990730702063945,0.0008729348602175812
1589,related:dd0808329870bc3f86753f95,1,B,0,0.018006608498510795,0.01817070028219993,0.0003242379496186412
1593,related:55a0e13e07144eee7d971d81,1,B,0,0.05891000620778283,0.060716507633576534,0.003470388831401011
1614,related:23f585665d5efc1ae0f5f590,1,B,0,0.06918472694432225,0.07169443916296579,0.004786526442360429
1621,related:11d4e96822fc77a8a345b4a5,1,B,0,0.023510745469374605,0.023791532790848332,0.0005527551525257186
1624,related:f3e6bf47fb7a2020efed5d44,1,B,0,0.42716267377732886,0.5571535009639279,0.18246794986859668
1631,related:cddc944051d37ecf309f7788,1,B,0,0.04154061590051177,0.042428091834021645,0.0017256227693938516
1633,related:2c33538bf9baf1365adc769e,1,B,0,0.2615894727423555,0.30325533904565827,0.06842905224962355
1642,related:063cf2a624ca541e0b4bd43e,1,B,1,0.2055158701829951,1.5822320208598526,0.6312050325310835
1643,related:9f3b109aa8dc5a606ef45958,1,B,1,0.08340713363795356,2.484021438048104,0.8401424826657923
1644,related:a080c47a8adc9f33a8871990,1,B,1,0.1564639010710917,1.8549299596914612,0.7115531501962009
1649,related:9f0bced239549d9c195919b2,1,B,0,0.08298685596902203,0.08663347309777973,0.006886818263623207
1694,related:b6ffbc334b5465a1fc4ff82e,1,B,0,0.028489922263683656,0.028903636840868063,0.0008116756705907377
1695,related:90f226172f3d023f1cd67708,1,B,0,0.5389967669735337,0.774350222937485,0.2905175148079218
1697,related:a080c47a8adc9f33a8871990,1,B,1,0.021116410097151105,3.8577048110523604,0.9582130825810887
1712,related:11d4e96822fc77a8a345b4a5,1,B,0,0.018596154998980634,0.01877123746054301,0.00034581698074611245
1719,related:e4a6599adbe80ff6952dd00b,1,B,0,0.26595696106527805,0.3091876159358061,0.07073310513907782
1726,related:c93ce4c7ef5e8d09d936134f,1,B,0,0.02288738634644853,0.02315336883919229,0.0005238324537715985
1737,related:9b5ef593a09674921fda6ef3,1,B,0,0.03125889099014491,0.03175787615297513,0.0009771182659337626
1744,related:a9a2896c0866c9e50e8b5626,1,B,0,0.06780072001794428,0.07020866742948909,0.00459693763495167
1750,related:a631841fc16aa0ba8a756c85,1,B,0,0.06393527731106861,0.06607065672323441,0.004087719684843245
1765,related:b5dbcf6eb959919d3132a457,1,B,1,0.11521825731079968,2.1609270596768537,0.7828387321961382
1772,related:f9482c77761f63c350fab2c3,1,B,0,0.13108045849099148,0.14050474544970765,0.01718208659820854
1814,related:85688d5a76451f9d3b3bca18,1,B,1,0.20929756187362233,1.5639982985534922,0.625210345658998
1815,related:719e44e7cac80dde9db1bd2d,1,B,0,0.06666110914534475,0.0689869170175487,0.004443703472487565
1820,related:1c2a531312f2c4d7ad7c7ca2,1,B,0,0.06680901339143697,0.06914539746641546,0.004463444270337204
1822,related:0f24cbfe29705e0ed1b168d5,1,B,0,0.04003478582214391,0.040858230408166905,0.0016027840758249352
1826,related:c828e378223d5ccbd49877d1,1,B,1,0.2756196309683411,1.2887335124506958,0.5247269190384424
1827,related:b619b7521d32f00c3daaa74b,1,B,1,0.08163535044723698,2.50549289455799,0.8433936295481692
1829,related:9b5ef593a09674921fda6ef3,1,B,0,0.06577775669081325,0.06804092118989015,0.004326713275275827
1838,related:b582827bd3ea1fb98abacba4,1,B,0,0.08647146212723436,0.09044066350670148,0.007477313762421727
1839,related:19211c12ae0227cd6aea540a,1,B,0,0.012379476760047449,0.012456740803630288,0.00015325144485255489
1857,related:b582827bd3ea1fb98abacba4,1,B,0,0.08213241810695186,0.08570214507001432,0.006745734104095154
1858,related:e9e5e927a894d9fa9b3f65d5,1,B,1,0.02535115690909754,3.674930912546556,0.9499403673384347
1868,related:355ad9a990f63c383a73c12e,1,B,1,0.05728757267511178,2.8596715605443954,0.8887067206327827
1880,related:719e44e7cac80dde9db1bd2d,1,B,1,0.06818092064540358,2.68559050920421,0.8682867966492476
1893,related:f3e6bf47fb7a2020efed5d44,1,B,0,0.34694024000017165,0.42608663781367734,0.1203675301313767
1898,related:ffd37bc1a0aef6c1f603bf8f,1,B,1,0.19900199648969707,1.6144404216964279,0.6415978016274912
1903,related:cd025cffd136ef90b92e43cd,1,B,0,0.19659176049485083,0.21889230131523488,0.03864832029446479
1907,related:bfa99d53bfa9330f96817275,1,B,0,0.06395169510287817,0.06608819604011112,0.004089819306531492
1925,related:23f585665d5efc1ae0f5f590,1,B,0,0.056538646372790824,0.05819987566192929,0.003196618533667493
1926,related:3064da1a57b440a546aeabf2,1,B,0,0.1660804505597255,0.18161834477716296,0.027582716058121428
1929,related:d431f271dfccaa57c751af75,1,B,0,0.4344701589697332,0.5699922155339201,0.18876431903518523
1951,related:12b63b2a39d97fed573cadd4,1,B,1,0.07731424252383108,2.5598770903758266,0.8513490070493716
1967,related:a485d9437ffa5418c5c17330,1,B,0,0.03702855468546535,0.037731519425779625,0.001371113862094498
1979,related:a631841fc16aa0ba8a756c85,1,B,0,0.05119919738413401,0.05255640481168775,0.002621357812779515
1997,related:1c2a531312f2c4d7ad7c7ca2,1,B,0,0.0653176392534726,0.0675485285384531,0.004266393997646785
2006,related:23f585665d5efc1ae0f5f590,1,B,0,0.049973601114199795,0.051265506472795895,0.002497360808321151
2015,related:b4e463493d53f7be78289ad7,1,B,0,0.058066073987342245,0.05982014910294938,0.003371668948303504
2021,related:e9e5e927a894d9fa9b3f65d5,1,B,1,0.18277359143333172,1.699507097393352,0.6678590028587751
2083,related:a9a2896c0866c9e50e8b5626,1,B,1,0.08175728779434435,2.5040003258467323,0.8431696785187986
2097,related:90f226172f3d023f1cd67708,1,B,0,0.04085731458476215,0.04171542954028257,0.0016693201550782176
2114,related:c828e378223d5ccbd49877d1,1,B,1,0.2304418640831699,1.467756664916295,0.5922197245557863
2120,related:3064da1a57b440a546aeabf2,1,B,0,0.13549906480080773,0.14560289207893481,0.018359996561893493
2134,related:e94abdaae2ab1e0329f70696,1,B,0,0.029053167942702015,0.029483568052689986,0.000844086567506848
2137,related:8f9754ed522f7500b2ce8bf8,1,B,0,0.07551259694325353,0.07851585393005245,0.005702152297114262
2152,related:8f9754ed522f7500b2ce8bf8,1,B,0,0.08568108707179797,0.08957584833369515,0.0073412486818050255
2157,related:3190eca09f1df51d4ae76b2b,1,B,0,0.18391251127543728,0.20323371319109712,0.033823811803637846
2165,related:6fa41e8911020e026d3ace6d,1,B,0,0.16159152290737352,0.176249854430423,0.026111820275524222
2166,related:0f24cbfe29705e0ed1b168d5,1,B,0,0.08557883226026282,0.08946401744780527,0.0073237365310302
2173,related:ffd37bc1a0aef6c1f603bf8f,1,B,0,0.028827579676297423,0.029251256605138557,0.0008310293499932763
2175,related:19211c12ae0227cd6aea540a,1,B,0,0.09729276531605181,0.1023569922159062,0.009465882182844335
2178,related:9fcfd942f33d39074b33a7f5,1,B,0,0.10946704920242457,0.11593517435690334,0.011983034861086043
2186,related:8dc564bd1091102b6f71f067,1,B,1,0.0840529405887198,2.476308433556055,0.8389590156441712
2198,related:c055eb54354699bcca765c1e,1,B,0,0.0378871435536464,0.03862352080392692,0.0014354356466546097
2204,related:8f9754ed522f7500b2ce8bf8,1,B,0,0.09201573361425186,0.09652822829997112,0.00846689523256896
2208,related:5bbaa8e9403f2d180143dbc4,1,B,1,0.31123587829886773,1.167204203159844,0.47439601534273207
2209,related:5bbaa8e9403f2d180143dbc4,1,B,0,0.051088315326633126,0.05243954616384754,0.002610015962913497
2214,related:5672f4c0c1c76e4deb0afa9c,1,B,0,0.22739092420355805,0.2579820817358023,0.051706632410148286
2225,related:ad8aacd70cf20af5ff42b6e7,1,B,0,0.05207686875786237,0.05348186520231528,0.0027120002596236216
2231,related:3190eca09f1df51d4ae76b2b,1,B,0,0.08536041310497947,0.08922518540707815,0.00728640012545275
2232,related:7715f0cdedfe5727ca46fefd,1,B,0,0.055642961138580235,0.05725096521060309,0.0030961391242695503
2244,related:90f226172f3d023f1cd67708,1,B,0,0.0418151804502284,0.042714597332613416,0.0017485093160851631
2245,related:b3d7c396667932ae69a19300,1,B,1,0.24686968049686683,1.3988946909133617,0.5672052781548914
2257,related:dd0808329870bc3f86753f95,1,B,0,0.11038800842960918,0.11696987584376654,0.012185512405055467
2260,related:edce35e0ba4f9e31c22fd842,1,B,0,0.01830298493903681,0.018472556869965504,0.00033499925767860837
2272,related:e4a6599adbe80ff6952dd00b,1,B,0,0.032097877052535966,0.03262430947536789,0.001030273711279715
2277,related:52f6443a0112656625084ddd,1,B,0,0.03674192313031765,0.037433910491888586,0.001349968915314171
2291,related:3190eca09f1df51d4ae76b2b,1,B,0,0.08822125104526685,0.09235791817024126,0.007782989135991997
2294,related:551a47d926a9f4a649f1136f,1,B,0,0.04867617245508963,0.049900761732506176,0.002369369764877626
2314,related:b619b7521d32f00c3daaa74b,1,B,0,0.08346603037489321,0.08715614787740346,0.006966578226542596
2319,related:2c33538bf9baf1365adc769e,1,B,0,0.03957005322361137,0.04037423355475505,0.001565789112119437
2350,related:23f585665d5efc1ae0f5f590,1,B,0,0.05526296018894325,0.056848654961418055,0.0030539947688447266
2363,related:8b58f1a712dc85fca28099a3,1,B,0,0.045021447368989664,0.04606639673159056,0.0020269307231987064
2379,related:f9482c77761f63c350fab2c3,1,B,0,0.051300439271560534,0.05266311560814229,0.0026317350694550702
2384,related:c055eb54354699bcca765c1e,1,B,0,0.07940947555901207,0.08273994045993169,0.006305864808557334
2388,related:3064da1a57b440a546aeabf2,1,B,0,0.022637506426509777,0.02289766855385609,0.0005124566972102715
6,related:a9a2896c0866c9e50e8b5626,1,C,0,0.028611088173588328,0.029028363767705456,0.0008185943664768459
11,related:a631841fc16aa0ba8a756c85,1,C,0,0.025448280410848033,0.025777688493480014,0.0006476149758691517
26,related:8e93cc74274955f209f392b6,1,C,0,0.0357428569666107,0.036397274056691145,0.001277551824135591
40,related:e94abdaae2ab1e0329f70696,1,C,0,0.08169661030344087,0.08522745309585995,0.006674336135072281
47,related:7715f0cdedfe5727ca46fefd,1,C,0,0.03672793382586565,0.03741938769347537,0.0013489411231171662
56,related:5bbaa8e9403f2d180143dbc4,1,C,0,0.031823718954623034,0.032341099767351895,0.0010127490881028335
58,related:12b63b2a39d97fed573cadd4,1,C,0,0.017798960645469045,0.017959267187234087,0.0003168030000589559
75,related:b3d7c396667932ae69a19300,1,C,0,0.02030261412665086,0.020511544928099146,0.00041219614037568306
85,related:ad8aacd70cf20af5ff42b6e7,1,C,0,0.21161898602971513,0.23777378571565574,0.044782595248244766
91,related:85688d5a76451f9d3b3bca18,1,C,0,0.017458680500557915,0.017612880652857144,0.0003048055248205612
95,related:8b58f1a712dc85fca28099a3,1,C,0,0.053628308236457554,0.05511987825777072,0.0028759954443045013
141,related:c828e378223d5ccbd49877d1,1,C,0,0.03196075498071343,0.032482650152083827,0.0010214898589371983
143,related:063cf2a624ca541e0b4bd43e,1,C,0,0.05166979231784398,0.05305251703673456,0.0026697674381691286
148,related:edce35e0ba4f9e31c22fd842,1,C,1,0.016656854471637172,4.094933467294428,0.9669637418576148
156,related:2c33538bf9baf1365adc769e,1,C,0,0.1771155900687475,0.19493953782730358,0.031369932245400606
162,related:e9e5e927a894d9fa9b3f65d5,1,C,0,0.2181286604725907,0.2460650794315089,0.04758011251956675
165,related:f60b5eb3a5aa1303a78bf47f,1,C,0,0.037221915562888404,0.03793233565352426,0.001385470998170794
174,related:8e93cc74274955f209f392b6,1,C,0,0.17151440306411633,0.18815582677371245,0.029417190458440157
177,related:e34d79573919ad5b941f6a50,1,C,0,0.23255618622939445,0.26469000901407763,0.05408237975356079
178,related:e34d79573919ad5b941f6a50,1,C,0,0.037542654413756656,0.03826553007622579,0.001409450900430762
189,related:1c2a531312f2c4d7ad7c7ca2,1,C,1,0.2609673564375127,1.3433599506021296,0.5461692482509585
192,related:23f585665d5efc1ae0f5f590,1,C,0,0.06316041559474692,0.06524321267540278,0.00398923809810115
197,related:719e44e7cac80dde9db1bd2d,1,C,0,0.6542801330582759,1.0621264649707227,0.4280824925147553
207,related:b3d7c396667932ae69a19300,1,C,0,0.037542654413756656,0.03826553007622579,0.001409450900430762
224,related:2c33538bf9baf1365adc769e,1,C,0,0.01887896571066337,0.01905944854680726,0.00035641534630440324
230,related:8dc564bd1091102b6f71f067,1,C,0,0.09457359237827215,0.09934927760450853,0.008944164375331576
240,related:e9e5e927a894d9fa9b3f65d5,1,C,0,0.028243202395037244,0.028649714054345236,0.0007976784815270376
246,related:f4f20852632b59da35b1ba48,1,C,0,0.0363153803667301,0.03699119595623749,0.001318806851180286
249,related:bfa99d53bfa9330f96817275,1,C,0,0.03721834184313784,0.03792862377726145,0.0013852049695526648
279,related:a9a2896c0866c9e50e8b5626,1,C,1,0.4617977751418827,0.7726281998691842,0.28966163484222746
286,related:9fcfd942f33d39074b33a7f5,1,C,0,0.053628308236457554,0.05511987825777072,0.0028759954443045013
304,related:8f9754ed522f7500b2ce8bf8,1,C,0,0.12426594793543551,0.1326928276731941,0.015442025816292369
329,related:3064da1a57b440a546aeabf2,1,C,0,0.01841243039798333,0.018584049070245467,0.0003390175931605806
332,related:5672f4c0c1c76e4deb0afa9c,1,C,0,0.0626292041823998,0.06467634842987587,0.003922417216520724
350,related:551a47d926a9f4a649f1136f,1,C,0,0.2580481610121546,0.2984709449457757,0.06658885340175487
367,related:f4f20852632b59da35b1ba48,1,C,0,0.07396206886773046,0.07684008282902825,0.005470387631194904
369,related:52f6443a0112656625084ddd,1,C,0,0.017798960645469045,0.017959267187234087,0.0003168030000589559
370,related:e94abdaae2ab1e0329f70696,1,C,0,0.0898199354885775,0.09411282595606368,0.008067620811172224
374,related:e94abdaae2ab1e0329f70696,1,C,0,0.13558605102595161,0.14570351730463402,0.018383577232811955
376,related:b5dbcf6eb959919d3132a457,1,C,0,0.23820252315072257,0.2720745370338542,0.05674044203537052
377,related:f60b5eb3a5aa1303a78bf47f,1,C,0,0.31329653691143666,0.3758527202801735,0.0981547200406992
383,related:1c2a531312f2c4d7ad7c7ca2,1,C,0,0.01790149036406851,0.01806366034737637,0.00032046335725483774
409,related:52f6443a0112656625084ddd,1,C,0,0.5216942390557715,0.7375050837432315,0.27216487906398046
415,related:9f0bced239549d9c195919b2,1,C,0,0.021324922727256314,0.02155558400922904,0.00045475232932345284
428,related:f4f20852632b59da35b1ba48,1,C,0,0.017798960645469045,0.017959267187234087,0.0003168030000589559
444,related:b6ffbc334b5465a1fc4ff82e,1,C,0,0.023158959643019922,0.0234313419607786,0.0005363374117470254
493,related:8e93cc74274955f209f392b6,1,C,0,0.22631174480926022,0.25658625759785986,0.051217005838611725
517,related:23f585665d5efc1ae0f5f590,1,C,0,0.029946978932039053,0.03040454808375568,0.0008968215471559909
528,related:85688d5a76451f9d3b3bca18,1,C,1,0.16418745249931108,1.8067465008440042,0.6985826145595914
534,related:ffd37bc1a0aef6c1f603bf8f,1,C,0,0.18190166046060702,0.2007727301193627,0.03308821407832596
546,related:5bbaa8e9403f2d180143dbc4,1,C,0,0.052576673415018,0.05400926710994738,0.002764306587389461
555,related:f60b5eb3a5aa1303a78bf47f,1,C,0,0.0920489555478529,0.0965648176359529,0.0084730102174506
567,related:355ad9a990f63c383a73c12e,1,C,0,0.5753301611412702,0.8564432617060141,0.33100479431883995
577,related:c93ce4c7ef5e8d09d936134f,1,C,0,0.03721834184313784,0.03792862377726145,0.0013852049695526648
590,related:c828e378223d5ccbd49877d1,1,C,0,0.020349209039152084,0.02055910657442707,0.0004140903085191089
591,related:b5dbcf6eb959919d3132a457,1,C,0,0.021738890999640888,0.02197866196288254,0.0004725793818942676
598,related:90f226172f3d023f1cd67708,1,C,0,0.026169883144532897,0.026518408565059985,0.0006848627837985071
600,related:12b63b2a39d97fed573cadd4,1,C,0,0.31982087788261104,0.38539910062107924,0.10228539392960401
601,related:dd0808329870bc3f86753f95,1,C,0,0.01707968089664885,0.017227221018333832,0.0002917154995313516
604,related:ffd37bc1a0aef6c1f603bf8f,1,C,0,0.03155871630282745,0.03206742399545547,0.000995952574682347
626,related:7715f0cdedfe5727ca46fefd,1,C,0,0.07669722322918085,0.07979806276648811,0.005882464051066799
636,related:9f3b109aa8dc5a606ef45958,1,C,0,0.15008056280966417,0.16261371376573724,0.02252417533326555
660,related:3190eca09f1df51d4ae76b2b,1,C,0,0.039532198710236534,0.040334820198767815,0.001562794734865627
674,related:8e93cc74274955f209f392b6,1,C,0,0.02116011748317227,0.021387201904510798,0.00044775057190165273
675,related:9fcfd942f33d39074b33a7f5,1,C,0,0.067410851602771,0.06979053053532949,0.004544222913810812
687,related:7715f0cdedfe5727ca46fefd,1,C,0,0.02342635418720201,0.0237051133701422,0.0005487940705042372
691,related:f60b5eb3a5aa1303a78bf47f,1,C,0,0.04243081377367142,0.04335730338232395,0.0018003739574959845
709,related:ad8aacd70cf20af5ff42b6e7,1,C,1,0.1690198094729207,1.7777393551122018,0.690528077048421
723,related:355ad9a990f63c383a73c12e,1,C,0,0.06814238696055955,0.07057525167669806,0.004643384900682636
726,related:c93ce4c7ef5e8d09d936134f,1,C,0,0.5362703981812934,0.7684536513244632,0.28758593996552295
732,related:cddc944051d37ecf309f7788,1,C,1,0.23246540132738797,1.4590138765233607,0.5891093601595278
738,related:edce35e0ba4f9e31c22fd842,1,C,0,0.11190122165571272,0.11867230530213191,0.012521883408040948
747,related:a485d9437ffa5418c5c17330,1,C,1,0.2792086388423833,1.2757959671600476,0.5195401863194498
770,related:5672f4c0c1c76e4deb0afa9c,1,C,0,0.03814286630722771,0.03888934901995716,0.0014548782501310471
774,related:e4a6599adbe80ff6952dd00b,1,C,0,0.027996886412079203,0.02839627124707456,0.0007838256487708651
780,related:52f6443a0112656625084ddd,1,C,0,0.0363153803667301,0.03699119595623749,0.001318806851180286
789,related:12b63b2a39d97fed573cadd4,1,C,0,0.0363153803667301,0.03699119595623749,0.001318806851180286
792,related:9f0bced239549d9c195919b2,1,C,1,0.23255618622939445,1.4586234219483942,0.5889700072947719
841,related:9f3b109aa8dc5a606ef45958,1,C,0,0.028611088173588328,0.029028363767705456,0.0008185943664768459
843,related:b3d7c396667932ae69a19300,1,C,0,0.08585234341646505,0.08976317070318598,0.00737062487009865
845,related:355ad9a990f63c383a73c12e,1,C,0,0.04576814667745724,0.04684860422869134,0.00209472325028924
862,related:6fa41e8911020e026d3ace6d,1,C,0,0.04680654889659672,0.04793740421400585,0.0021908530196094993
877,related:8b58f1a712dc85fca28099a3,1,C,0,0.024016824208907807,0.024309930636582135,0.00057680784508158
889,related:e34d79573919ad5b941f6a50,1,C,0,0.11057435687947875,0.11717936938894784,0.01222668839931033
891,related:5672f4c0c1c76e4deb0afa9c,1,C,0,0.0187127449157595,0.01889004364141472,0.000350166822282283
903,related:bfa99d53bfa9330f96817275,1,C,0,0.42662485224312335,0.5562150683680795,0.18200876455146683
912,related:0f24cbfe29705e0ed1b168d5,1,C,0,0.03721834184313784,0.03792862377726145,0.0013852049695526648
918,related:b4e463493d53f7be78289ad7,1,C,0,0.05554911423816708,0.0571515936447949,0.0030857040926449367
919,related:719e44e7cac80dde9db1bd2d,1,C,0,0.026015663292701552,0.02636005687825371,0.000676814736559219
921,related:c055eb54354699bcca765c1e,1,C,0,0.06889065758456427,0.07137856239785982,0.004745922702433682
938,related:1102021095421cd8478a5eff,1,C,0,0.017798960645469045,0.017959267187234087,0.0003168030000589559
941,related:8dc564bd1091102b6f71f067,1,C,0,0.03721834184313784,0.03792862377726145,0.0013852049695526648
945,related:6fa41e8911020e026d3ace6d,1,C,0,0.045649871934804465,0.04672466431522929,0.0020839108076640485
964,related:19211c12ae0227cd6aea540a,1,C,0,0.027996886412079203,0.02839627124707456,0.0007838256487708651
974,related:ad8aacd70cf20af5ff42b6e7,1,C,0,0.03672793382586565,0.03741938769347537,0.0013489411231171662
985,related:55a0e13e07144eee7d971d81,1,C,0,0.03487439585838756,0.03549702638095326,0.0012162234864875193
1001,related:9fcfd942f33d39074b33a7f5,1,C,1,0.07572753699637617,2.5806134198716895,0.8542795858667852
1014,related:1102021095421cd8478a5eff,1,C,0,0.027996886412079203,0.02839627124707456,0.0007838256487708651
1030,related:c055eb54354699bcca765c1e,1,C,0,0.3776305976448317,0.47422146806679494,0.14260486827759278
1037,related:11d4e96822fc77a8a345b4a5,1,C,0,0.12358975366925556,0.13192097994310772,0.01527442721202727
1052,related:cd025cffd136ef90b92e43cd,1,C,1,0.023530400388348815,3.749462060308215,0.9534928789657383
1065,related:f4f20852632b59da35b1ba48,1,C,0,0.3776305976448317,0.47422146806679494,0.14260486827759278
1073,related:b582827bd3ea1fb98abacba4,1,C,0,0.08994000613613726,0.0942447543214257,0.008089204703768407
1074,related:f9482c77761f63c350fab2c3,1,C,0,0.032181881040275535,0.0327111029964291,0.001035673467290446
1080,related:11d4e96822fc77a8a345b4a5,1,C,0,0.1831011702271001,0.20224002315719058,0.03352603853853349
1087,related:b4e463493d53f7be78289ad7,1,C,0,0.019322265845464936,0.01951138087491066,0.0003733499574028208
1096,related:edce35e0ba4f9e31c22fd842,1,C,0,0.16685587960468354,0.18254863810058325,0.027840884558652648
1097,related:d431f271dfccaa57c751af75,1,C,0,0.053410131917146546,0.05488936505041865,0.002852642191406996
1098,related:b6ffbc334b5465a1fc4ff82e,1,C,0,0.16560670450269196,0.1810504104461351,0.027425580576241934
1099,related:a080c47a8adc9f33a8871990,1,C,0,0.22695077634336683,0.2574125536942625,0.05150665488285691
1111,related:cd025cffd136ef90b92e43cd,1,C,1,0.28486699146052175,1.2557329042800018,0.5114152199027254
1116,related:85688d5a76451f9d3b3bca18,1,C,0,0.027467094672091644,0.027851368249194645,0.0007544412897256452
1119,related:b6ffbc334b5465a1fc4ff82e,1,C,0,0.16746069226657923,0.18327484174560033,0.028043083454401947
1122,related:9f0bced239549d9c195919b2,1,C,0,0.04396919254177577,0.04496514107525047,0.0019332898927757497
1127,related:b619b7521d32f00c3daaa74b,1,C,0,0.26731812729996707,0.31104367853439713,0.0714589811831614
1131,related:551a47d926a9f4a649f1136f,1,C,0,0.03328550200538105,0.03385207221572145,0.001107924643750226
1140,related:1102021095421cd8478a5eff,1,C,0,0.12702835610437005,0.13585220488927072,0.016136203254578648
1159,related:b619b7521d32f00c3daaa74b,1,C,0,0.023545825399168153,0.023827457978720202,0.0005544058937281121
1166,related:551a47d926a9f4a649f1136f,1,C,0,0.1795309843080653,0.1978791318805177,0.03223137432662279
1175,related:f3e6bf47fb7a2020efed5d44,1,C,0,0.028740289136481516,0.029161379035185734,0.0008260042196485575
1177,related:cd025cffd136ef90b92e43cd,1,C,0,0.026876771828456648,0.027244557156951624,0.0007223608639189209
1180,related:f9482c77761f63c350fab2c3,1,C,0,0.03441376892108856,0.035019868746514284,0.0011843074913540806
1183,related:b582827bd3ea1fb98abacba4,1,C,0,0.15929577746439846,0.17351537821093774,0.025375144717987158
1190,related:1102021095421cd8478a5eff,1,C,0,0.18784066146841594,0.20805872835229244,0.03528411410089204
1191,related:a485d9437ffa5418c5c17330,1,C,0,0.09107374964974968,0.09549132082409348,0.00829442787526528
1218,related:23f585665d5efc1ae0f5f590,1,C,0,0.026104800207649635,0.026451578877781927,0.0006814605938813044
1239,related:063cf2a624ca541e0b4bd43e,1,C,0,0.01981138933729371,0.020010265975638014,0.00039249114747383487
1257,related:c93ce4c7ef5e8d09d936134f,1,C,0,0.0468947084858573,0.04802989715580191,0.0021991136839735366
1262,related:a631841fc16aa0ba8a756c85,1,C,0,0.10455498663481831,0.11043446264392472,0.010931745230207035
1269,related:dd0808329870bc3f86753f95,1,C,0,0.15649133655344505,0.17018510621713973,0.024489538416283606
1271,related:d431f271dfccaa57c751af75,1,C,1,0.4195355005816685,0.868607130715834,0.33693903508497414
1291,related:e4a6599adbe80ff6952dd00b,1,C,0,0.1721417200230316,0.18891329869443316,0.029632771772487798
1302,related:b5dbcf6eb959919d3132a457,1,C,0,0.04416973468536525,0.04517492843603824,0.0019509654621755583
1304,related:8dc564bd1091102b6f71f067,1,C,1,0.029349327584306018,3.5284856432155856,0.9421627278610389
1320,related:8b58f1a712dc85fca28099a3,1,C,0,0.03764075254588628,0.03836745992509472,0.0014168262522206445
1344,related:6fa41e8911020e026d3ace6d,1,C,0,0.04965093910627762,0.05092592935464029,0.002465215754135288
1351,related:d431f271dfccaa57c751af75,1,C,0,0.024828345373221976,0.02514176745286889,0.0006164467339719931
1366,related:cddc944051d37ecf309f7788,1,C,0,0.04800573572720983,0.049196269132461355,0.00230455066271071
1370,related:19211c12ae0227cd6aea540a,1,C,0,0.13930537036136814,0.150015506873731,0.019405986211517946
1374,related:e34d79573919ad5b941f6a50,1,C,0,0.055623980074209704,0.05723086595487934,0.003094027159296078
1375,related:9b5ef593a09674921fda6ef3,1,C,0,0.04637345258911581,0.047483143911233816,0.0021504971050349715
1378,related:55a0e13e07144eee7d971d81,1,C,0,0.025357868753338727,0.02568492023696678,0.0006430215077115525
1402,related:063cf2a624ca541e0b4bd43e,1,C,0,0.03814286630722771,0.03888934901995716,0.0014548782501310471
1441,related:cddc944051d37ecf309f7788,1,C,0,0.20733843936809498,0.2323589320116398,0.0429892284395972
1447,related:a080c47a8adc9f33a8871990,1,C,0,0.026217876883381164,0.02656769326133878,0.0006873770682721324
1456,related:55a0e13e07144eee7d971d81,1,C,1,0.4945575228734769,0.7040918093591017,0.25547209768379586
1458,related:0f24cbfe29705e0ed1b168d5,1,C,0,0.22460089969532882,0.25437741404431624,0.050445564143951155
1474,related:a485d9437ffa5418c5c17330,1,C,0,0.04086357499184287,0.041721956647883064,0.0016698317611139662
1484,related:b4e463493d53f7be78289ad7,1,C,0,0.47058453658549365,0.6359817802947788,0.22144980607338383
1494,related:f3e6bf47fb7a2020efed5d44,1,C,0,0.03496604868774454,0.035591995555047586,0.0012226245608337218
1502,related:9f3b109aa8dc5a606ef45958,1,C,0,0.03446519375079732,0.035073127790071774,0.0011878495802799985
1512,related:9b5ef593a09674921fda6ef3,1,C,0,0.4769413412273492,0.6480616629413755,0.22747304297174276
1563,related:23f585665d5efc1ae0f5f590,1,C,0,0.04677366516737337,0.04790290632485338,0.002187775753189557
1585,related:bfa99d53bfa9330f96817275,1,C,0,0.018250240828701973,0.01841883082957599,0.00033307129030562047
1589,related:dd0808329870bc3f86753f95,1,C,0,0.026876771828456648,0.027244557156951624,0.0007223608639189209
1593,related:55a0e13e07144eee7d971d81,1,C,0,0.13523921702460454,0.14530236177119946,0.018289645821428085
1614,related:23f585665d5efc1ae0f5f590,1,C,0,0.04243081377367142,0.04335730338232395,0.0018003739574959845
1621,related:11d4e96822fc77a8a345b4a5,1,C,0,0.027467094672091644,0.027851368249194645,0.0007544412897256452
1624,related:f3e6bf47fb7a2020efed5d44,1,C,0,0.24652062563468752,0.28305363439533004,0.06077241886331775
1631,related:cddc944051d37ecf309f7788,1,C,0,0.0187127449157595,0.01889004364141472,0.000350166822282283
1633,related:2c33538bf9baf1365adc769e,1,C,0,0.25490459609973115,0.29424300987488655,0.06497635311276707
1642,related:063cf2a624ca541e0b4bd43e,1,C,1,0.48330562475769356,0.7271060619664749,0.26697307740703735
1643,related:9f3b109aa8dc5a606ef45958,1,C,1,0.42986094436451977,0.8442935077935892,0.32505854276091717
1644,related:a080c47a8adc9f33a8871990,1,C,1,0.15590741891604523,1.8584929163916173,0.7124922854409728
1649,related:9f0bced239549d9c195919b2,1,C,0,0.09538407767280609,0.10024482058191955,0.009098122273491905
1694,related:b6ffbc334b5465a1fc4ff82e,1,C,0,0.029418542673392303,0.0298599465345297,0.0008654506530262039
1695,related:90f226172f3d023f1cd67708,1,C,0,0.8510277990960202,1.903995561557463,0.7242483148342161
1697,related:a080c47a8adc9f33a8871990,1,C,1,0.016656854471637172,4.094933467294428,0.9669637418576148
1712,related:11d4e96822fc77a8a345b4a5,1,C,0,0.017458680500557915,0.017612880652857144,0.0003048055248205612
1719,related:e4a6599adbe80ff6952dd00b,1,C,0,0.24840565174022677,0.2855585310828964,0.06170536781648683
1726,related:c93ce4c7ef5e8d09d936134f,1,C,0,0.02012411584950011,0.02032936416417977,0.00040498003872410155
1737,related:9b5ef593a09674921fda6ef3,1,C,0,0.024185816332556002,0.02448309628131623,0.0005849537116721327
1744,related:a9a2896c0866c9e50e8b5626,1,C,0,0.028215009724670653,0.0286207024112261,0.0007960867737632595
1750,related:a631841fc16aa0ba8a756c85,1,C,0,0.03614915036603323,0.03681871663872629,0.0013067610721860803
1765,related:b5dbcf6eb959919d3132a457,1,C,1,0.11220603939315062,2.187418460308736,0.7881781164899959
1772,related:f9482c77761f63c350fab2c3,1,C,0,0.2711599505904633,0.3163009820084402,0.07352771880422249
1814,related:85688d5a76451f9d3b3bca18,1,C,1,0.2379402558423953,1.435735662695219,0.5807350536655539
1815,related:719e44e7cac80dde9db1bd2d,1,C,0,0.03721834184313784,0.03792862377726145,0.0013852049695526648
1820,related:1c2a531312f2c4d7ad7c7ca2,1,C,0,0.03704813752549608,0.037751855479611206,0.0013725644941080708
1822,related:0f24cbfe29705e0ed1b168d5,1,C,0,0.018250240828701973,0.01841883082957599,0.00033307129030562047
1826,related:c828e378223d5ccbd49877d1,1,C,1,0.23602199024008716,1.4438302993139986,0.5836623993967175
1827,related:b619b7521d32f00c3daaa74b,1,C,1,0.08493664571204881,2.4658496449633116,0.8373409423607164
1829,related:9b5ef593a09674921fda6ef3,1,C,0,0.04359187869409681,0.044570551897107645,0.0019002518880808512
1838,related:b582827bd3ea1fb98abacba4,1,C,0,0.045649871934804465,0.04672466431522929,0.0020839108076640485
1839,related:19211c12ae0227cd6aea540a,1,C,0,0.017798960645469045,0.017959267187234087,0.0003168030000589559
1857,related:b582827bd3ea1fb98abacba4,1,C,0,0.042166173460147525,0.043080974783648876,0.0017779861842712496
1858,related:e9e5e927a894d9fa9b3f65d5,1,C,1,0.017957213052217792,4.019763403415281,0.9644080353961673
1868,related:355ad9a990f63c383a73c12e,1,C,1,0.04761236193551085,3.044662846934607,0.9070422131380563
1880,related:719e44e7cac80dde9db1bd2d,1,C,1,0.06414289526279653,2.746641945997877,0.8758285204871011
1893,related:f3e6bf47fb7a2020efed5d44,1,C,0,0.22095318493035335,0.2496841385504193,0.048820309930866924
1898,related:ffd37bc1a0aef6c1f603bf8f,1,C,1,0.22365681376810995,1.497642483356277,0.602708742808683
1903,related:cd025cffd136ef90b92e43cd,1,C,0,0.2138113150676307,0.24055845819617727,0.045715278450949644
1907,related:bfa99d53bfa9330f96817275,1,C,0,0.05970135640180647,0.061557748220412684,0.003564251956215518
1925,related:23f585665d5efc1ae0f5f590,1,C,0,0.040690287821322675,0.04154130297444127,0.0016556995229820804
1926,related:3064da1a57b440a546aeabf2,1,C,0,0.1598866432195462,0.17421844770135478,0.02556373868001446
1929,related:d431f271dfccaa57c751af75,1,C,0,0.3797096743283977,0.4775676433336147,0.14417943677857784
1951,related:12b63b2a39d97fed573cadd4,1,C,1,0.09343598726167211,2.3704787053698246,0.8218583091922191
1967,related:a485d9437ffa5418c5c17330,1,C,0,0.04863218771514143,0.04985452750407395,0.0023650896819607534
1979,related:a631841fc16aa0ba8a756c85,1,C,0,0.07223689068651941,0.07497884891923906,0.0052181683760561546
1997,related:1c2a531312f2c4d7ad7c7ca2,1,C,0,0.09760699045838107,0.10270514478694306,0.009527124586342493
2006,related:23f585665d5efc1ae0f5f590,1,C,0,0.04086357499184287,0.041721956647883064,0.0016698317611139662
2015,related:b4e463493d53f7be78289ad7,1,C,0,0.03721834184313784,0.03792862377726145,0.0013852049695526648
2021,related:e9e5e927a894d9fa9b3f65d5,1,C,1,0.14931352278119958,1.9017070039826949,0.7236674825229327
2083,related:a9a2896c0866c9e50e8b5626,1,C,1,0.06992203146208582,2.6603744939653025,0.8650450275596132
2097,related:90f226172f3d023f1cd67708,1,C,0,0.0363153803667301,0.03699119595623749,0.001318806851180286
2114,related:c828e378223d5ccbd49877d1,1,C,1,0.16273680490515902,1.8156210770318404,0.7010096578604218
2120,related:3064da1a57b440a546aeabf2,1,C,0,0.10693272738463452,0.11309336766716158,0.011434608185916566
2134,related:e94abdaae2ab1e0329f70696,1,C,0,0.05300510072166619,0.05446157200028581,0.0028095407025139777
2137,related:8f9754ed522f7500b2ce8bf8,1,C,0,0.08977563278370639,0.09406415248097463,0.008059664241714897
2152,related:8f9754ed522f7500b2ce8bf8,1,C,0,0.029506369109435045,0.029950439103967982,0.0008706258180222226
2157,related:3190eca09f1df51d4ae76b2b,1,C,0,0.25486155910414277,0.29418525116037253,0.06495441430899446
2165,related:6fa41e8911020e026d3ace6d,1,C,0,0.10447252729508712,0.11034237933116499,0.010914508959422723
2166,related:0f24cbfe29705e0ed1b168d5,1,C,0,0.14022467792395704,0.1510841772671482,0.019662960298877485
2173,related:ffd37bc1a0aef6c1f603bf8f,1,C,0,0.023528727640281168,0.02380994808461331,0.000553601024370531
2175,related:19211c12ae0227cd6aea540a,1,C,0,0.0924180479893446,0.09697141167450321,0.0085410955941608
2178,related:9fcfd942f33d39074b33a7f5,1,C,0,0.04036699991044764,0.04120435918569058,0.0016294946817700798
2186,related:8dc564bd1091102b6f71f067,1,C,1,0.09343598726167211,2.3704787053698246,0.8218583091922191
2198,related:c055eb54354699bcca765c1e,1,C,0,0.01918674087848429,0.019373195211391536,0.00036813102553810007
2204,related:8f9754ed522f7500b2ce8bf8,1,C,0,0.03857534951334641,0.0393390836526727,0.001488057590076835
2208,related:5bbaa8e9403f2d180143dbc4,1,C,1,0.33636227665468904,1.0895664955343136,0.4404150278469476
2209,related:5bbaa8e9403f2d180143dbc4,1,C,0,0.037853469859903975,0.03858852168272676,0.0014328851804346586
2214,related:5672f4c0c1c76e4deb0afa9c,1,C,0,0.4080268074824514,0.5242939280329795,0.16648587562432146
2225,related:ad8aacd70cf20af5ff42b6e7,1,C,0,0.025817719272306878,0.026156846311658107,0.000666554628423646
2231,related:3190eca09f1df51d4ae76b2b,1,C,0,0.03620307116543855,0.03687466129834886,0.001310662361809808
2232,related:7715f0cdedfe5727ca46fefd,1,C,0,0.04966651694250774,0.05094232118848978,0.0024667629052004085
2244,related:90f226172f3d023f1cd67708,1,C,0,0.04576814667745724,0.04684860422869134,0.00209472325028924
2245,related:b3d7c396667932ae69a19300,1,C,1,0.32903021548075734,1.1116056920667898,0.4502004517377989
2257,related:dd0808329870bc3f86753f95,1,C,0,0.1045220292919742,0.11039765777499294,0.010924854607312313
2260,related:edce35e0ba4f9e31c22fd842,1,C,0,0.026217876883381164,0.02656769326133878,0.0006873770682721324
2272,related:e4a6599adbe80ff6952dd00b,1,C,0,0.01779896064546906,0.017959267187234087,0.00031680300005895636
2277,related:52f6443a0112656625084ddd,1,C,0,0.04254112000096558,0.04347250402022744,0.0018097468909365534
2291,related:3190eca09f1df51d4ae76b2b,1,C,0,0.1581360186951462,0.17213682018247334,0.02500700040875163
2294,related:551a47d926a9f4a649f1136f,1,C,0,0.02120320882401242,0.02143122574348578,0.0004495760644346781
2314,related:b619b7521d32f00c3daaa74b,1,C,0,0.04396919254177577,0.04496514107525047,0.0019332898927757497
2319,related:2c33538bf9baf1365adc769e,1,C,0,0.029676984474128067,0.030126257222024125,0.0008807234074776384
2350,related:23f585665d5efc1ae0f5f590,1,C,0,0.027122002672794358,0.027496592810806963,0.0007356030289830643
2363,related:8b58f1a712dc85fca28099a3,1,C,0,0.034424739309488854,0.035031230187229756,0.001185062676526267
2379,related:f9482c77761f63c350fab2c3,1,C,0,0.14935824787622984,0.16176421187023168,0.022307886208657316
2384,related:c055eb54354699bcca765c1e,1,C,0,0.03908942405768977,0.03987392747130567,0.0015279830731618955
2388,related:3064da1a57b440a546aeabf2,1,C,0,0.028951483545731214,0.029378846486655705,0.0008381883994987452
6,related:a9a2896c0866c9e50e8b5626,1,D,0,0.030909884666667786,0.03139767313543016,0.0009554209701067043
11,related:a631841fc16aa0ba8a756c85,1,D,0,0.02777853644755361,0.028171657313055893,0.0007716470871680644
26,related:8e93cc74274955f209f392b6,1,D,0,0.03437419630361602,0.0349788865894383,0.001181585371519529
40,related:e94abdaae2ab1e0329f70696,1,D,0,0.0798445715275863,0.08321267921672607,0.006375155602423845
47,related:7715f0cdedfe5727ca46fefd,1,D,0,0.03929552362339775,0.04008843408255385,0.0015441381768370106
56,related:5bbaa8e9403f2d180143dbc4,1,D,0,0.04566881224916764,0.04674451080736698,0.0020856404122497245
58,related:12b63b2a39d97fed573cadd4,1,D,0,0.020953003970070386,0.02117563348741393,0.0004390283753697854
75,related:b3d7c396667932ae69a19300,1,D,0,0.022540405695820737,0.022798323727162107,0.0005080698889321879
85,related:ad8aacd70cf20af5ff42b6e7,1,D,0,0.187908630506479,0.20814242114401102,0.03530965341882045
91,related:85688d5a76451f9d3b3bca18,1,D,0,0.016615252014820572,0.01675483359662791,0.00027606659951599907
95,related:8b58f1a712dc85fca28099a3,1,D,0,0.04805703620684611,0.049250157967547406,0.002309478728986118
141,related:c828e378223d5ccbd49877d1,1,D,0,0.03686386363651732,0.03756051023510296,0.0013589444422117442
143,related:063cf2a624ca541e0b4bd43e,1,D,0,0.04692062332050643,0.0480570874223937,0.002201544892784852
148,related:edce35e0ba4f9e31c22fd842,1,D,1,0.011071935922437708,4.503341667475656,0.9779787159201951
156,related:2c33538bf9baf1365adc769e,1,D,0,0.1981256373361135,0.22080333841986433,0.03925376816984117
162,related:e9e5e927a894d9fa9b3f65d5,1,D,0,0.21009324589060482,0.23584037326040333,0.044139171968850144
165,related:f60b5eb3a5aa1303a78bf47f,1,D,0,0.04363945961223006,0.044620302731169265,0.0019044024352474582
174,related:8e93cc74274955f209f392b6,1,D,0,0.15302127378789152,0.16607970127820423,0.023415510231668855
177,related:e34d79573919ad5b941f6a50,1,D,0,0.24771440483946502,0.2846392463321872,0.06136242636497037
178,related:e34d79573919ad5b941f6a50,1,D,0,0.04268697050674515,0.04362484645364072,0.0018221774510437303
189,related:1c2a531312f2c4d7ad7c7ca2,1,D,1,0.26795014667504596,1.3169543356443536,0.5358969877530866
192,related:23f585665d5efc1ae0f5f590,1,D,0,0.07010435037724656,0.07268290383697124,0.004914619941815751
197,related:719e44e7cac80dde9db1bd2d,1,D,0,0.6302778749829114,0.9950035689630846,0.39725019969297454
207,related:b3d7c396667932ae69a19300,1,D,0,0.04162432117103244,0.04251542879085509,0.0017325841129492592
224,related:2c33538bf9baf1365adc769e,1,D,0,0.02170337634126731,0.021942358757733336,0.00047103654461068157
230,related:8dc564bd1091102b6f71f067,1,D,0,0.10479113892528476,0.11069822360321054,0.01098118279725833
240,related:e9e5e927a894d9fa9b3f65d5,1,D,0,0.026842517085943412,0.027209356949374573,0.000720520723509164
246,related:f4f20852632b59da35b1ba48,1,D,0,0.037932032507899595,0.03867017853349457,0.0014388390901803516
249,related:bfa99d53bfa9330f96817275,1,D,0,0.0366126958804466,0.037299763075514,0.0013404894996340714
279,related:a9a2896c0866c9e50e8b5626,1,D,1,0.46564815435240076,0.7643249636164394,0.28553189494699577
286,related:9fcfd942f33d39074b33a7f5,1,D,0,0.08616545796013497,0.09010575012979963,0.007424486145479787
304,related:8f9754ed522f7500b2ce8bf8,1,D,0,0.14618016328016242,0.1580350714779013,0.021368640136614946
329,related:3064da1a57b440a546aeabf2,1,D,0,0.014176787467196023,0.014278238089317013,0.00020098130289004622
332,related:5672f4c0c1c76e4deb0afa9c,1,D,0,0.06493955195075964,0.06714410146314874,0.00421714540756541
350,related:551a47d926a9f4a649f1136f,1,D,0,0.3284053237997797,0.39810028084974713,0.10785005670003817
367,related:f4f20852632b59da35b1ba48,1,D,0,0.07436151050098552,0.07727152067097558,0.00552963424398818
369,related:52f6443a0112656625084ddd,1,D,0,0.01208215126983536,0.012155733749881657,0.0001459783793071842
370,related:e94abdaae2ab1e0329f70696,1,D,0,0.09964590246495987,0.10496715133011887,0.009929305878056295
374,related:e94abdaae2ab1e0329f70696,1,D,0,0.1444735704023438,0.15603829238348324,0.020872612544800988
376,related:b5dbcf6eb959919d3132a457,1,D,0,0.3291057928233781,0.3991438188571566,0.10831062286990427
377,related:f60b5eb3a5aa1303a78bf47f,1,D,0,0.36140478410906746,0.4484844902877188,0.13061341797692166
383,related:1c2a531312f2c4d7ad7c7ca2,1,D,0,0.01929471514861493,0.01948328774207036,0.00037228603266619044
409,related:52f6443a0112656625084ddd,1,D,0,0.39927531656881243,0.5096185468578898,0.1594207784211254
415,related:9f0bced239549d9c195919b2,1,D,0,0.02721165596281178,0.027588749711684433,0.0007404742202384299
428,related:f4f20852632b59da35b1ba48,1,D,0,0.01929074396003929,0.019479238431235897,0.00037213280253179233
444,related:b6ffbc334b5465a1fc4ff82e,1,D,0,0.01794551164535818,0.018108485044171445,0.0003220413882136861
493,related:8e93cc74274955f209f392b6,1,D,0,0.21486436803937284,0.24189879655672109,0.04616669665295906
517,related:23f585665d5efc1ae0f5f590,1,D,0,0.02727595520030214,0.027654849766233197,0.0007439777320888893
528,related:85688d5a76451f9d3b3bca18,1,D,1,0.15634880324724032,1.855665849426479,0.7117473417823637
534,related:ffd37bc1a0aef6c1f603bf8f,1,D,0,0.12315240455800311,0.13142208113894596,0.015166514748418064
546,related:5bbaa8e9403f2d180143dbc4,1,D,0,0.0723920235521294,0.07514607462105367,0.005240605073972057
555,related:f60b5eb3a5aa1303a78bf47f,1,D,0,0.1105474984793068,0.11714917237938316,0.012220749420032338
567,related:355ad9a990f63c383a73c12e,1,D,0,0.6315969418336116,0.9985776734237453,0.39891469693357057
577,related:c93ce4c7ef5e8d09d936134f,1,D,0,0.02958016836312352,0.0300264850020967,0.0008749863603907337
590,related:c828e378223d5ccbd49877d1,1,D,0,0.02447060230857885,0.024774983349042663,0.0005988103773446246
591,related:b5dbcf6eb959919d3132a457,1,D,0,0.034267967429375296,0.03486888224704966,0.0011742935917407262
598,related:90f226172f3d023f1cd67708,1,D,0,0.016924340555127437,0.017069193897689065,0.0002864333032259313
600,related:12b63b2a39d97fed573cadd4,1,D,0,0.34491703134771595,0.42299338167067024,0.11896775851372127
601,related:dd0808329870bc3f86753f95,1,D,0,0.011206253007528817,0.011269516133181237,0.00012558010646874867
604,related:ffd37bc1a0aef6c1f603bf8f,1,D,0,0.020867464747783736,0.021088267420131018,0.00043545108499999695
626,related:7715f0cdedfe5727ca46fefd,1,D,0,0.07818195561853206,0.08140742372842663,0.0061124181843381165
636,related:9f3b109aa8dc5a606ef45958,1,D,0,0.1029421763986078,0.10863495567727459,0.010597091681682083
660,related:3190eca09f1df51d4ae76b2b,1,D,0,0.05010906573081391,0.05140810701070316,0.002510918468415029
674,related:8e93cc74274955f209f392b6,1,D,0,0.019641001537654086,0.01983644943654907,0.00038576894140213017
675,related:9fcfd942f33d39074b33a7f5,1,D,0,0.10465584219373349,0.11054710075972905,0.010952845305279646
687,related:7715f0cdedfe5727ca46fefd,1,D,0,0.026106921867174476,0.026453757409759852,0.0006815713693787528
691,related:f60b5eb3a5aa1303a78bf47f,1,D,0,0.0537097768685231,0.05520596720104648,0.002884740131266539
709,related:ad8aacd70cf20af5ff42b6e7,1,D,1,0.15024717358618217,1.8954735171501982,0.7220798659982721
723,related:355ad9a990f63c383a73c12e,1,D,0,0.09122454524548992,0.09565723979271491,0.008321917655246439
726,related:c93ce4c7ef5e8d09d936134f,1,D,0,0.4548328567972812,0.6066628465614251,0.2068729276223761
732,related:cddc944051d37ecf309f7788,1,D,1,0.24654755715218915,1.4002003744844334,0.5676905836333337
738,related:edce35e0ba4f9e31c22fd842,1,D,0,0.07826351947268614,0.08149590915492781,0.006125178480251523
747,related:a485d9437ffa5418c5c17330,1,D,1,0.3192413588445425,1.1418078514850087,0.4634323275078249
770,related:5672f4c0c1c76e4deb0afa9c,1,D,0,0.04059184056911783,0.041438685227717854,0.0016476975207886805
774,related:e4a6599adbe80ff6952dd00b,1,D,0,0.029138999373809284,0.029571971683284657,0.0008490812845068579
780,related:52f6443a0112656625084ddd,1,D,0,0.02392749170530471,0.024218404042957015,0.0005725248593074257
789,related:12b63b2a39d97fed573cadd4,1,D,0,0.041133217916351196,0.04200312711234077,0.001691941616154035
792,related:9f0bced239549d9c195919b2,1,D,1,0.27580975758526416,1.2880439350418609,0.5244515072087138
841,related:9f3b109aa8dc5a606ef45958,1,D,0,0.018278429180680608,0.018447543601237053,0.00033410097331315635
843,related:b3d7c396667932ae69a19300,1,D,0,0.09073208547782681,0.09511549278268253,0.008232311335155671
845,related:355ad9a990f63c383a73c12e,1,D,0,0.06345954920907494,0.06556256444733403,0.004027114385819004
862,related:6fa41e8911020e026d3ace6d,1,D,0,0.043205000561059616,0.044166122138327185,0.0018666720734811617
877,related:8b58f1a712dc85fca28099a3,1,D,0,0.022895699253156,0.023161876499366903,0.0005242130442909683
889,related:e34d79573919ad5b941f6a50,1,D,0,0.1177170943316482,0.12524251968012298,0.013857314297886161
891,related:5672f4c0c1c76e4deb0afa9c,1,D,0,0.02067150379285585,0.02088815013167432,0.00042731106905805386
903,related:bfa99d53bfa9330f96817275,1,D,0,0.41233970964694083,0.5316062355329209,0.17002403615172348
912,related:0f24cbfe29705e0ed1b168d5,1,D,0,0.04537702879319423,0.046438811001139044,0.0020590747420983786
918,related:b4e463493d53f7be78289ad7,1,D,0,0.0508615365651166,0.052200586447402005,0.0025868959017646925
919,related:719e44e7cac80dde9db1bd2d,1,D,0,0.024359364594541036,0.024660961800667576,0.0005933786434497793
921,related:c055eb54354699bcca765c1e,1,D,0,0.07788580167855576,0.08108620374467207,0.006066198103111319
938,related:1102021095421cd8478a5eff,1,D,0,0.01542928981179148,0.015549560030427408,0.00023806298409625236
941,related:8dc564bd1091102b6f71f067,1,D,0,0.04477537787640457,0.0458087597459566,0.00200483446397482
945,related:6fa41e8911020e026d3ace6d,1,D,0,0.047439467115778594,0.04860162241611303,0.0022505030402290385
964,related:19211c12ae0227cd6aea540a,1,D,0,0.014804977275143079,0.014915664793931046,0.000219187352117503
974,related:ad8aacd70cf20af5ff42b6e7,1,D,0,0.035651409870447334,0.03630244171780565,0.0012710230257506295
985,related:55a0e13e07144eee7d971d81,1,D,0,0.035024562099032375,0.03565263091944817,0.0012267199502289752
1001,related:9fcfd942f33d39074b33a7f5,1,D,1,0.11816905921237666,2.135638974669694,0.777625808130385
1014,related:1102021095421cd8478a5eff,1,D,0,0.023353149220618048,0.02363015514935155,0.0005453695785204533
1030,related:c055eb54354699bcca765c1e,1,D,0,0.41011828922102517,0.5278332523883471,0.16819701115358046
1037,related:11d4e96822fc77a8a345b4a5,1,D,0,0.10067097703299749,0.10610632374021078,0.010134645616778308
1052,related:cd025cffd136ef90b92e43cd,1,D,1,0.0186483647013049,3.9819968203128866,0.963051032103423
1065,related:f4f20852632b59da35b1ba48,1,D,0,0.38091983279912156,0.4795205038580152,0.14509991901971073
1073,related:b582827bd3ea1fb98abacba4,1,D,0,0.11375692686722044,0.12076401709550709,0.01294063841027414
1074,related:f9482c77761f63c350fab2c3,1,D,0,0.026909070213053058,0.027277748144148378,0.0007240980597310193
1080,related:11d4e96822fc77a8a345b4a5,1,D,0,0.14588507443046664,0.15768952098130437,0.02128245494158279
1087,related:b4e463493d53f7be78289ad7,1,D,0,0.018253289542512763,0.01842193622228527,0.00033318257912280576
1096,related:edce35e0ba4f9e31c22fd842,1,D,0,0.11469731576550758,0.12182567636420386,0.013155474243812554
1097,related:d431f271dfccaa57c751af75,1,D,0,0.05136246367296958,0.052728496084313195,0.0026381026745571196
1098,related:b6ffbc334b5465a1fc4ff82e,1,D,0,0.1406549941228976,0.15158480098839774,0.019783827371712356
1099,related:a080c47a8adc9f33a8871990,1,D,0,0.19633341392899373,0.21857078975401692,0.03854680942501359
1111,related:cd025cffd136ef90b92e43cd,1,D,1,0.2450207152304332,1.4064125200507738,0.5699937204311666
1116,related:85688d5a76451f9d3b3bca18,1,D,0,0.025132626444010327,0.02545384435887984,0.0006316489119741671
1119,related:b6ffbc334b5465a1fc4ff82e,1,D,0,0.13912785204383502,0.14980927808205988,0.019356559214331246
1122,related:9f0bced239549d9c195919b2,1,D,0,0.05703435787001126,0.05872543165720003,0.003252917977644515
1127,related:b619b7521d32f00c3daaa74b,1,D,0,0.305417346722383,0.36444411267013704,0.09327975567894033
1131,related:551a47d926a9f4a649f1136f,1,D,0,0.04610488405849576,0.047201554938951645,0.002125660334047337
1140,related:1102021095421cd8478a5eff,1,D,0,0.11326074633724044,0.12020430419207352,0.012827996660868724
1159,related:b619b7521d32f00c3daaa74b,1,D,0,0.02910640859133861,0.029538403298683027,0.0008471830210859501
1166,related:551a47d926a9f4a649f1136f,1,D,0,0.24269671970095166,0.27799147130030544,0.0589016977536023
1175,related:f3e6bf47fb7a2020efed5d44,1,D,0,0.03635602610085649,0.037033374269026344,0.0013217606338461582
1177,related:cd025cffd136ef90b92e43cd,1,D,0,0.023090935208299003,0.023361707226460013,0.0005331912887938625
1180,related:f9482c77761f63c350fab2c3,1,D,0,0.03193221500418962,0.03245316833513532,0.0010196663550737927
1183,related:b582827bd3ea1fb98abacba4,1,D,0,0.18816037873197958,0.20845246908194612,0.03540432812456199
1190,related:1102021095421cd8478a5eff,1,D,0,0.16310376144182287,0.1780551844471632,0.026602836996471063
1191,related:a485d9437ffa5418c5c17330,1,D,0,0.10457293194719651,0.11045450350844542,0.010935498096032992
1218,related:23f585665d5efc1ae0f5f590,1,D,0,0.024058150674779583,0.024352274953444872,0.0005787946138903973
1239,related:063cf2a624ca541e0b4bd43e,1,D,0,0.018456402253206022,0.018628846744452216,0.00034063878413214836
1257,related:c93ce4c7ef5e8d09d936134f,1,D,0,0.036997304782457385,0.0376990684158174,0.001368800561166044
1262,related:a631841fc16aa0ba8a756c85,1,D,0,0.10439839543393908,0.11025960264898048,0.010899024969181112
1269,related:dd0808329870bc3f86753f95,1,D,0,0.1064520916988735,0.1125553271282814,0.011332047827065372
1271,related:d431f271dfccaa57c751af75,1,D,1,0.39999774560949386,0.9162963678663026,0.36000270527368966
1291,related:e4a6599adbe80ff6952dd00b,1,D,0,0.18327126633001944,0.202448266587138,0.03358835706220892
1302,related:b5dbcf6eb959919d3132a457,1,D,0,0.06640230227317262,0.06870966402951158,0.004409265747177786
1304,related:8dc564bd1091102b6f71f067,1,D,1,0.03400054063747887,3.381378853390077,0.9331549554886832
1320,related:8b58f1a712dc85fca28099a3,1,D,0,0.0345195669746198,0.035129443475966825,0.0011916005041152622
1344,related:6fa41e8911020e026d3ace6d,1,D,0,0.051544725494599375,0.05292064464040891,0.002656858726313603
1351,related:d431f271dfccaa57c751af75,1,D,0,0.025302090247392325,0.025627692144598625,0.0006401957708871858
1366,related:cddc944051d37ecf309f7788,1,D,0,0.05495204408838605,0.056519605779562686,0.003019727149491924
1370,related:19211c12ae0227cd6aea540a,1,D,0,0.080466339528787,0.08388862824377817,0.0064748317971620286
1374,related:e34d79573919ad5b941f6a50,1,D,0,0.05811969299759591,0.05987707510905812,0.003377898714134799
1375,related:9b5ef593a09674921fda6ef3,1,D,0,0.04597880721511569,0.04706939312138456,0.002114050712924775
1378,related:55a0e13e07144eee7d971d81,1,D,0,0.02277217849936697,0.02303546937281208,0.0005185721136070312
1402,related:063cf2a624ca541e0b4bd43e,1,D,0,0.0350701879933798,0.035699913960269065,0.0012299180858910005
1441,related:cddc944051d37ecf309f7788,1,D,0,0.2520215851833489,0.2903811586210273,0.06351487939832798
1447,related:a080c47a8adc9f33a8871990,1,D,0,0.021974605037192937,0.022219643064797054,0.0004828832665406252
1456,related:55a0e13e07144eee7d971d81,1,D,1,0.47443109405700773,0.7456388894815085,0.2762226748941138
1458,related:0f24cbfe29705e0ed1b168d5,1,D,0,0.2651905274877004,0.308144034444591,0.07032601586920477
1474,related:a485d9437ffa5418c5c17330,1,D,0,0.04979738136179167,0.05108003435202711,0.0024797791904917162
1484,related:b4e463493d53f7be78289ad7,1,D,0,0.43630208962802236,0.5732367908875037,0.19035951341377885
1494,related:f3e6bf47fb7a2020efed5d44,1,D,0,0.04662661556148252,0.0477486530700185,0.0021740412787182844
1502,related:9f3b109aa8dc5a606ef45958,1,D,0,0.021350383859800134,0.021581600267677106,0.0004558388909608141
1512,related:9b5ef593a09674921fda6ef3,1,D,0,0.4613661061268568,0.6187191710021055,0.2128586838826581
1563,related:23f585665d5efc1ae0f5f590,1,D,0,0.041030244337904975,0.041895741966090264,0.0016834809504281832
1585,related:bfa99d53bfa9330f96817275,1,D,0,0.01860724097934069,0.01878253356767663,0.00034622941686325543
1589,related:dd0808329870bc3f86753f95,1,D,0,0.016998775821094995,0.017144913485893445,0.0002889583794158438
1593,related:55a0e13e07144eee7d971d81,1,D,0,0.12654632454384332,0.13530018406430203,0.016013972255555724
1614,related:23f585665d5efc1ae0f5f590,1,D,0,0.048125699730244775,0.0493222904402638,0.002316082974525682
1621,related:11d4e96822fc77a8a345b4a5,1,D,0,0.020835089157977917,0.02105520238205586,0.0004341009402208889
1624,related:f3e6bf47fb7a2020efed5d44,1,D,0,0.3019090850774403,0.35940593409625177,0.09114909565229709
1631,related:cddc944051d37ecf309f7788,1,D,0,0.02435679623443988,0.024658329318350453,0.0005932535228060248
1633,related:2c33538bf9baf1365adc769e,1,D,0,0.27378444524148815,0.3199084008447445,0.07495792245618943
1642,related:063cf2a624ca541e0b4bd43e,1,D,1,0.44499991247863513,0.8096811934931406,0.30802509714872267
1643,related:9f3b109aa8dc5a606ef45958,1,D,1,0.2938658276034897,1.2246319845069555,0.4986254694261044
1644,related:a080c47a8adc9f33a8871990,1,D,1,0.1380103019392711,1.9804269448773857,0.7430262395628265
1649,related:9f0bced239549d9c195919b2,1,D,0,0.11628446961017791,0.12362006633420412,0.01352207787252039
1694,related:b6ffbc334b5465a1fc4ff82e,1,D,0,0.023757609187689866,0.024044372160988255,0.000564423994315006
1695,related:90f226172f3d023f1cd67708,1,D,0,0.7817798355379166,1.5222507971028088,0.611179711253692
1697,related:a080c47a8adc9f33a8871990,1,D,1,0.014511543638721102,4.232810833270236,0.9711874976213363
1712,related:11d4e96822fc77a8a345b4a5,1,D,0,0.01375359023227472,0.013849047114889039,0.00018916124427732257
1719,related:e4a6599adbe80ff6952dd00b,1,D,0,0.25506190778538335,0.2944541617538836,0.0650565768031194
1726,related:c93ce4c7ef5e8d09d936134f,1,D,0,0.015926489315260174,0.016054678739809782,0.0002536530619090965
1737,related:9b5ef593a09674921fda6ef3,1,D,0,0.024327573459130784,0.024628377449101468,0.0005918308304094045
1744,related:a9a2896c0866c9e50e8b5626,1,D,0,0.03180328359197236,0.03231999292205065,0.0010114488472314183
1750,related:a631841fc16aa0ba8a756c85,1,D,0,0.0386140445203883,0.039379332033794644,0.0014910444342225299
1765,related:b5dbcf6eb959919d3132a457,1,D,1,0.15559118202898437,1.8605233396085763,0.7130262518672078
1772,related:f9482c77761f63c350fab2c3,1,D,0,0.2273765294887488,0.2579634506050459,0.05170008616234786
1814,related:85688d5a76451f9d3b3bca18,1,D,1,0.22043986335663993,1.5121303498337437,0.6077140066434142
1815,related:719e44e7cac80dde9db1bd2d,1,D,0,0.03837166244767244,0.03912724646700743,0.0014723844789981155
1820,related:1c2a531312f2c4d7ad7c7ca2,1,D,0,0.04080477052543737,0.041660648723065685,0.0016650292976336024
1822,related:0f24cbfe29705e0ed1b168d5,1,D,0,0.0231650742903012,0.023437601593785825,0.0005366206668751737
1826,related:c828e378223d5ccbd49877d1,1,D,1,0.26487468888581595,1.328498436964195,0.5404092230407258
1827,related:b619b7521d32f00c3daaa74b,1,D,1,0.1033170067818859,2.2699532815391685,0.8040403903265964
1829,related:9b5ef593a09674921fda6ef3,1,D,0,0.043551198642083136,0.04452801860406541,0.0018967069031621839
1838,related:b582827bd3ea1fb98abacba4,1,D,0,0.060616614236370554,0.06253159155412634,0.0036743739214809613
1839,related:19211c12ae0227cd6aea540a,1,D,0,0.009752599088814852,0.00980046716299491,9.511318898715228e-05
1857,related:b582827bd3ea1fb98abacba4,1,D,0,0.05090631811357286,0.05224776882030081,0.002591453223880276
1858,related:e9e5e927a894d9fa9b3f65d5,1,D,1,0.01775622024806301,4.031019387938652,0.9648028428613717
1868,related:355ad9a990f63c383a73c12e,1,D,1,0.05872973687179283,2.8348090897609497,0.8859897082494443
1880,related:719e44e7cac80dde9db1bd2d,1,D,1,0.06430329261166193,2.744144442025307,0.8755283282173772
1893,related:f3e6bf47fb7a2020efed5d44,1,D,0,0.280139074111206,0.3286972441173254,0.07847790084388376
1898,related:ffd37bc1a0aef6c1f603bf8f,1,D,1,0.16247759011901686,1.8172151936822802,0.7014437870528495
1903,related:cd025cffd136ef90b92e43cd,1,D,0,0.18927291081176675,0.2098237929812515,0.03582423476715901
1907,related:bfa99d53bfa9330f96817275,1,D,0,0.057406273654992436,0.05911992020635153,0.0032954802549518786
1925,related:23f585665d5efc1ae0f5f590,1,D,0,0.04708225880722635,0.04822669469576451,0.0022167390943906434
1926,related:3064da1a57b440a546aeabf2,1,D,0,0.12593429890459,0.13459973327389727,0.015859447640590614
1929,related:d431f271dfccaa57c751af75,1,D,0,0.3880380773173319,0.4910852162441987,0.15057354944813167
1951,related:12b63b2a39d97fed573cadd4,1,D,1,0.10001777723196362,2.302407336474036,0.8099680012984956
1967,related:a485d9437ffa5418c5c17330,1,D,0,0.057009418573083157,0.05869898428093755,0.0032500738060409987
1979,related:a631841fc16aa0ba8a756c85,1,D,0,0.07340830993770638,0.07624227424367415,0.005388779967910361
1997,related:1c2a531312f2c4d7ad7c7ca2,1,D,0,0.10084387208148779,0.10629859115919711,0.010169486536387473
2006,related:23f585665d5efc1ae0f5f590,1,D,0,0.03625028597346666,0.036923650834568354,0.0013140832331581139
2015,related:b4e463493d53f7be78289ad7,1,D,0,0.0346907024957873,0.03530671344887968,0.001203444839651223
2021,related:e9e5e927a894d9fa9b3f65d5,1,D,1,0.1484375829229773,1.907590726114328,0.7251585501780612
2083,related:a9a2896c0866c9e50e8b5626,1,D,1,0.07557259207967296,2.5826616001583305,0.8545660325142947
2097,related:90f226172f3d023f1cd67708,1,D,0,0.026267884429559712,0.02661904851738381,0.0006900017524047056
2114,related:c828e378223d5ccbd49877d1,1,D,1,0.19103037309422813,1.655322842142326,0.6544318572560638
2120,related:3064da1a57b440a546aeabf2,1,D,0,0.08627892340188209,0.09022992193692364,0.007444052623387837
2134,related:e94abdaae2ab1e0329f70696,1,D,0,0.05380890833868756,0.0553107306874601,0.0028953986166012796
2137,related:8f9754ed522f7500b2ce8bf8,1,D,0,0.10667573601803321,0.11280564645587136,0.011379712654989107
2152,related:8f9754ed522f7500b2ce8bf8,1,D,0,0.03844037647270888,0.039198704927081364,0.0014776625433635903
2157,related:3190eca09f1df51d4ae76b2b,1,D,0,0.2736093604295746,0.31966733783200924,0.07486208211468087
2165,related:6fa41e8911020e026d3ace6d,1,D,0,0.10075178840886266,0.1061961851866551,0.010150922867584232
2166,related:0f24cbfe29705e0ed1b168d5,1,D,0,0.15628670354964014,0.169942538244849,0.0244255337064131
2173,related:ffd37bc1a0aef6c1f603bf8f,1,D,0,0.01686984359541409,0.017013760270865222,0.00028459162293373373
2175,related:19211c12ae0227cd6aea540a,1,D,0,0.054239881791175996,0.05576631691790246,0.0029419647767207455
2178,related:9fcfd942f33d39074b33a7f5,1,D,0,0.0641299798225225,0.06627867947926053,0.004112654312037143
2186,related:8dc564bd1091102b6f71f067,1,D,1,0.10598778527220075,2.2444314247910597,0.7992578400825046
2198,related:c055eb54354699bcca765c1e,1,D,0,0.02332947789802405,0.023605918102240053,0.0005442645389943926
2204,related:8f9754ed522f7500b2ce8bf8,1,D,0,0.049715650865409994,0.050994024294796485,0.0024716459409713414
2208,related:5bbaa8e9403f2d180143dbc4,1,D,1,0.394957177147639,0.9289779322425099,0.36607681748515347
2209,related:5bbaa8e9403f2d180143dbc4,1,D,0,0.04900200802140185,0.05024332792309987,0.0024011967901295317
2214,related:5672f4c0c1c76e4deb0afa9c,1,D,0,0.4150671751787115,0.5362582677089957,0.1722807599108352
2225,related:ad8aacd70cf20af5ff42b6e7,1,D,0,0.025137401593309027,0.025458742626196153,0.0006318889588632952
2231,related:3190eca09f1df51d4ae76b2b,1,D,0,0.04179586574539793,0.04269443993732817,0.0017468943934073283
2232,related:7715f0cdedfe5727ca46fefd,1,D,0,0.05265741196422491,0.05409448982651909,0.0027728030347700964
2244,related:90f226172f3d023f1cd67708,1,D,0,0.03288261878911565,0.033435403914380095,0.0010812666184303015
2245,related:b3d7c396667932ae69a19300,1,D,1,0.3444208718948918,1.0658909046211835,0.4297839932070539
2257,related:dd0808329870bc3f86753f95,1,D,0,0.0724231456918771,0.0751796261456616,0.005245112031906857
2260,related:edce35e0ba4f9e31c22fd842,1,D,0,0.01679620946119197,0.016938865429761547,0.00028211265226423465
2272,related:e4a6599adbe80ff6952dd00b,1,D,0,0.019290743960039283,0.019479238431235897,0.0003721328025317921
2277,related:52f6443a0112656625084ddd,1,D,0,0.027945794342873417,0.02834370893966539,0.0007809674214541758
2291,related:3190eca09f1df51d4ae76b2b,1,D,0,0.17998945621437992,0.1984380805313587,0.03239620434834819
2294,related:551a47d926a9f4a649f1136f,1,D,0,0.03070392438300866,0.031185166169175656,0.0009427309725175137
2314,related:b619b7521d32f00c3daaa74b,1,D,0,0.05635398834634773,0.058004170817117805,0.0031757720025402955
2319,related:2c33538bf9baf1365adc769e,1,D,0,0.0327422004242284,0.03329022177336766,0.0010720516886203425
2350,related:23f585665d5efc1ae0f5f590,1,D,0,0.03207239957031292,0.03259798744722994,0.0010286388141978087
2363,related:8b58f1a712dc85fca28099a3,1,D,0,0.03202586954332126,0.0325499167975082,0.0010256563200058324
2379,related:f9482c77761f63c350fab2c3,1,D,0,0.12854212259900136,0.13758774863709222,0.016523077282256694
2384,related:c055eb54354699bcca765c1e,1,D,0,0.04569169805685269,0.04676849208597903,0.0020877312713185963
2388,related:3064da1a57b440a546aeabf2,1,D,0,0.02147143992143842,0.02170530495973178,0.00046102273229993955
2,related:77175a3431b0416d505e03c4,2,A,0,0.08730075552630708,0.09134886725224926,0.007621421915464035
5,related:9f9824c1d65da88f67a3bb5c,2,A,0,0.2177314894809029,0.24555723353753456,0.04740700151157253
7,related:26f841597c4cdc9b42f538ba,2,A,0,0.08102808721532609,0.08449971989581541,0.006565550917774491
14,related:096118edbfed1e5dbe01190b,2,A,0,0.037914437664072674,0.03865189013440931,0.0014375045833828525
27,related:70189664b9b2f83c2a67db11,2,A,0,0.07941995633277536,0.08275132536249853,0.0063075294638999455
37,related:017b02a04f83d4a184fa826a,2,A,0,0.07091666328164349,0.07355683835916484,0.005029173131002002
43,related:6bf113c6436d9e2a5b2f625b,2,A,0,0.07227442201901288,0.0750193033103174,0.005223592078182374
44,related:e5a0e5aa51f311d3ef47cf72,2,A,1,0.07227442201901288,2.6272849880814317,0.8606747480401565
45,related:95fcc4fff6fdd82340c8b4c6,2,A,0,0.06764697325878712,0.07004375196002094,0.004576112991075059
49,related:c400b070ce6d15a1ce26d2da,2,A,0,0.04247263109953843,0.04340097462778858,0.001803924392517479
50,related:8ba2267b808d4fba4d96adaf,2,A,0,0.27168993669005453,0.3170284103198204,0.07381542169864584
62,related:7bfe538e7eb5497f287a4eb7,2,A,0,0.07091666328164349,0.07355683835916484,0.005029173131002002
64,related:33103ccda91c06a4f01ef88f,2,A,0,0.06742134832077981,0.06980178605669178,0.004545638209391919
97,related:78edb20c7a302a5f927dfeb6,2,A,0,0.05043644153695498,0.05175281209380496,0.0025438346349106774
109,related:87faf1d1783e61a44514bf10,2,A,0,0.06358474236046636,0.06569624956440799,0.004043019461046886
110,related:8911a92d346455e0353e2b28,2,A,1,0.49128818778350475,0.7107243828738825,0.2587877078885908
112,related:48a119f7179531033ec67d4d,2,A,0,0.06534425595705172,0.0675770056807237,0.004269871786580689
115,related:1317cdf24da525c3bf5b160e,2,A,0,0.26766679259246123,0.3115196672171231,0.07164551185673566
120,related:5b1c86d6d70266026e88ac33,2,A,0,0.06735675707641918,0.06973252754694197,0.0045369327238517455
126,related:6bf113c6436d9e2a5b2f625b,2,A,0,0.06894677663296986,0.07143883538310163,0.004753658008076638
142,related:f7d4647662695bf2c380db7f,2,A,0,0.06764697325878712,0.07004375196002094,0.004576112991075059
147,related:2180ef2d2c00481401b48665,2,A,0,0.06772803404916605,0.07013069790437727,0.0045870865961649965
158,related:65879902706fb0e07c28888b,2,A,0,0.07091666328164349,0.07355683835916484,0.005029173131002002
160,related:096118edbfed1e5dbe01190b,2,A,0,0.05148764481044704,0.05286046366180293,0.002650977568126754
164,related:f5554d0b49096d55fc4b7bd9,2,A,0,0.06764697325878712,0.07004375196002094,0.004576112991075059
170,related:77175a3431b0416d505e03c4,2,A,0,0.17860174972967718,0.19674720764173492,0.03189858500650224
173,related:26f841597c4cdc9b42f538ba,2,A,0,0.19965854818152723,0.22271682760063455,0.03986353586195523
175,related:78edb20c7a302a5f927dfeb6,2,A,0,0.07091666328164349,0.07355683835916484,0.005029173131002002
181,related:0d39e3ebba0bfb2846bb93ed,2,A,0,0.07227442201901288,0.0750193033103174,0.005223592078182374
200,related:4a80bc062537c8291f767653,2,A,0,0.04247263109953843,0.04340097462778858,0.001803924392517479
202,related:9d28040da51445bf9aa59329,2,A,0,0.24916738033386157,0.28657252866835403,0.06208438342243923
204,related:e6cb4ce55472eb9a14339504,2,A,0,0.03866663781422609,0.03943403923246653,0.0014951088798565392
215,related:70189664b9b2f83c2a67db11,2,A,0,0.07091666328164349,0.07355683835916484,0.005029173131002002
219,related:75db0a107660bbef0e6b7dad,2,A,0,0.06764697325878712,0.07004375196002094,0.004576112991075059
223,related:c76bdefaed8f8c22aa865472,2,A,1,0.23024743333991504,1.4686007511839225,0.5925190138797886
227,related:0d4d35fd85cc9e9ac400462f,2,A,0,0.36263282987816214,0.4504093842528355,0.1315025693054441
233,related:b29a357fc441619574364329,2,A,0,0.3875025492004779,0.49021049853187987,0.1501582256368688
247,related:0d39e3ebba0bfb2846bb93ed,2,A,0,0.07821766762335232,0.08144616531827985,0.006118003528437218
261,related:1317cdf24da525c3bf5b160e,2,A,0,0.06608480156714659,0.06836963884442404,0.004367200998169141
263,related:63a8cecee06327beb6ca78ef,2,A,0,0.30538118720756197,0.3643920546847226,0.09325766950030001
288,related:946a90d4a18792b34e0c1796,2,A,1,0.19641437990383842,1.627528668309051,0.6457498488253325
297,related:6e41510b33bb21686a9f6b7f,2,A,0,0.039486658013421334,0.04028740620203693,0.0015591961610688912
299,related:946a90d4a18792b34e0c1796,2,A,0,0.04242042202193164,0.04334645122093147,0.0017994922045187832
317,related:e6cb4ce55472eb9a14339504,2,A,0,0.19965854818152723,0.22271682760063455,0.03986353586195523
323,related:78edb20c7a302a5f927dfeb6,2,A,1,0.06764697325878712,2.693452666551961,0.8692821664735009
337,related:df21e94edb324c92c6722e96,2,A,0,0.28114382896611284,0.3300939815584831,0.0790418525657269
358,related:e5a0e5aa51f311d3ef47cf72,2,A,0,0.043390210003743684,0.044359713629563265,0.0018827103241689784
373,related:75db0a107660bbef0e6b7dad,2,A,1,0.039486658013421334,3.2317924359449264,0.9225858801342263
387,related:4a80bc062537c8291f767653,2,A,0,0.06894677663296986,0.07143883538310163,0.004753658008076638
395,related:c400b070ce6d15a1ce26d2da,2,A,1,0.22123081853489024,1.5085486947399056,0.606481437999837
406,related:df21e94edb324c92c6722e96,2,A,0,0.045467581714983385,0.046533672762895564,0.0020673009870086916
421,related:78451bb48bdef25472075f23,2,A,0,0.17860174972967718,0.19674720764173492,0.03189858500650224
433,related:2a7b1455725ed7fefe9339cc,2,A,0,0.1816182019675673,0.20042630551039056,0.03298517128593207
454,related:c400b070ce6d15a1ce26d2da,2,A,1,0.37861551690507056,0.9712340560888496,0.38611867583115267
471,related:26591d8f948d86b48deec83c,2,A,0,0.1816182019675673,0.20042630551039056,0.03298517128593207
475,related:2a7b1455725ed7fefe9339cc,2,A,0,0.03866663781422609,0.03943403923246653,0.0014951088798565392
478,related:59c5eac036fb4776436e2c76,2,A,0,0.07091666328164349,0.07355683835916484,0.005029173131002002
482,related:9d28040da51445bf9aa59329,2,A,0,0.0664049430893766,0.06871249267823837,0.004409616466703345
500,related:8f45a10395afbe7a526aeaf3,2,A,0,0.2113340841216395,0.23741247508401558,0.044662095111532206
503,related:59c5eac036fb4776436e2c76,2,A,0,0.2350923356094887,0.2680001525835722,0.05526840626232447
504,related:8f45a10395afbe7a526aeaf3,2,A,0,0.04068917689452215,0.04154014492700029,0.0016556091163537152
506,related:2a7b1455725ed7fefe9339cc,2,A,0,0.06894677663296986,0.07143883538310163,0.004753658008076638
507,related:c76bdefaed8f8c22aa865472,2,A,0,0.19641437990383842,0.2186715405566633,0.03857860863300937
526,related:4b491fd08bcb7621b1a0a11b,2,A,0,0.17860174972967718,0.19674720764173492,0.03189858500650224
532,related:86b116086e7fe4dea3987669,2,A,0,0.037914437664072674,0.03865189013440931,0.0014375045833828525
548,related:6f65dd84a96fb04d443f8b3f,2,A,0,0.037914437664072674,0.03865189013440931,0.0014375045833828525
569,related:e563b3aac90606162da823c6,2,A,0,0.08003154652194872,0.08341589922472659,0.006405048438694842
586,related:26591d8f948d86b48deec83c,2,A,0,0.06894677663296986,0.07143883538310163,0.004753658008076638
606,related:0d4d35fd85cc9e9ac400462f,2,A,0,0.07091666328164349,0.07355683835916484,0.005029173131002002
609,related:671850edd7e2c2b973e519dc,2,A,0,0.04242042202193164,0.04334645122093147,0.0017994922045187832
632,related:8911a92d346455e0353e2b28,2,A,0,0.06764697325878712,0.07004375196002094,0.004576112991075059
640,related:6e41510b33bb21686a9f6b7f,2,A,0,0.06764697325878712,0.07004375196002094,0.004576112991075059
649,related:7c5457fdfe9ed90bf7b6cff6,2,A,0,0.06894677663296986,0.07143883538310163,0.004753658008076638
651,related:9d28040da51445bf9aa59329,2,A,0,0.05950960170857277,0.06135383944635316,0.0035413926955129675
665,related:3006cd744b773e311695e33c,2,A,0,0.043257998759978177,0.04422151505616814,0.0018712544567182734
673,related:77175a3431b0416d505e03c4,2,A,0,0.037914437664072674,0.03865189013440931,0.0014375045833828525
679,related:e563b3aac90606162da823c6,2,A,0,0.07091666328164349,0.07355683835916484,0.005029173131002002
684,related:fc6f269339731edc3a43a2d9,2,A,0,0.06486945800790024,0.06706914233516079,0.004208046582238733
703,related:59c5eac036fb4776436e2c76,2,A,0,0.06764697325878712,0.07004375196002094,0.004576112991075059
718,related:63a8cecee06327beb6ca78ef,2,A,0,0.039486658013421334,0.04028740620203693,0.0015591961610688912
720,related:501bb9677ba38385cf883039,2,A,0,0.043257998759978177,0.04422151505616814,0.0018712544567182734
722,related:63a8cecee06327beb6ca78ef,2,A,1,0.19249251356444605,1.6476980165848623,0.6520683406494663
724,related:86b116086e7fe4dea3987669,2,A,0,0.07091666328164349,0.07355683835916484,0.005029173131002002
731,related:946a90d4a18792b34e0c1796,2,A,0,0.037914437664072674,0.03865189013440931,0.0014375045833828525
739,related:290fd1e64445012342f0bbf4,2,A,0,0.06894677663296986,0.07143883538310163,0.004753658008076638
751,related:3006cd744b773e311695e33c,2,A,0,0.03866663781422609,0.03943403923246653,0.0014951088798565392
752,related:3006cd744b773e311695e33c,2,A,0,0.1816182019675673,0.20042630551039056,0.03298517128593207
755,related:7c5457fdfe9ed90bf7b6cff6,2,A,0,0.07227442201901288,0.0750193033103174,0.005223592078182374
769,related:ca2b8d4f79b90a82668b79c4,2,A,0,0.051440623070013944,0.05281089069136999,0.002646137701831251
776,related:75db0a107660bbef0e6b7dad,2,A,0,0.07091666328164349,0.07355683835916484,0.005029173131002002
797,related:f5554d0b49096d55fc4b7bd9,2,A,0,0.07631601259357582,0.07938527080889339,0.0058241337781828224
812,related:c40caa0344c16a2fbd768742,2,A,0,0.08216231134275596,0.08573471373589589,0.006750645405183966
820,related:9d28040da51445bf9aa59329,2,A,0,0.27168993669005453,0.3170284103198204,0.07381542169864584
822,related:4bac771fa5a71f50f64233dc,2,A,0,0.06063103798673795,0.06254694615941508,0.00367612276734926
825,related:290fd1e64445012342f0bbf4,2,A,0,0.04805391297401631,0.049246877069610145,0.002309178552114333
829,related:e6cb4ce55472eb9a14339504,2,A,0,0.1816182019675673,0.20042630551039056,0.03298517128593207
853,related:671850edd7e2c2b973e519dc,2,A,0,0.037914437664072674,0.03865189013440931,0.0014375045833828525
874,related:8f45a10395afbe7a526aeaf3,2,A,0,0.0441709159882739,0.045176164328729194,0.0019510698192431507
878,related:bcae3b8ca90418a0a261d86f,2,A,0,0.07091666328164349,0.07355683835916484,0.005029173131002002
881,related:8ba2267b808d4fba4d96adaf,2,A,0,0.2981456653693418,0.3540293970136665,0.08889083777852753
882,related:65879902706fb0e07c28888b,2,A,0,0.06764697325878712,0.07004375196002094,0.004576112991075059
884,related:26f841597c4cdc9b42f538ba,2,A,0,0.28753631519971895,0.33902633683963984,0.08267713255863213
898,related:0d4d35fd85cc9e9ac400462f,2,A,0,0.07566064092809245,0.07867600304535938,0.005724532585649739
902,related:279344c8f0a5e6d3cdc4ec6a,2,A,0,0.04753387913887898,0.04870074126360214,0.0022594696659895544
915,related:fc6f269339731edc3a43a2d9,2,A,0,0.0664049430893766,0.06871249267823837,0.004409616466703345
931,related:6f65dd84a96fb04d443f8b3f,2,A,0,0.19641437990383842,0.2186715405566633,0.03857860863300937
936,related:096118edbfed1e5dbe01190b,2,A,0,0.17860174972967718,0.19674720764173492,0.03189858500650224
959,related:26591d8f948d86b48deec83c,2,A,0,0.03866663781422609,0.03943403923246653,0.0014951088798565392
978,related:0d39e3ebba0bfb2846bb93ed,2,A,0,0.06894677663296986,0.07143883538310163,0.004753658008076638
986,related:bcae3b8ca90418a0a261d86f,2,A,0,0.046064853718018356,0.047159590681149575,0.0021219707480624296
994,related:8911a92d346455e0353e2b28,2,A,0,0.07091666328164349,0.07355683835916484,0.005029173131002002
1002,related:ca2b8d4f79b90a82668b79c4,2,A,1,0.19965854818152723,1.6111466305541304,0.6405464394989009
1016,related:3db9a2434e2ef83b26a98179,2,A,0,0.05545775236449219,0.057054862881584775,0.0030755622973213394
1023,related:780c280678bb1e75278bbb52,2,A,0,0.05444908382356996,0.055987541274387154,0.002964702729226148
1041,related:279344c8f0a5e6d3cdc4ec6a,2,A,0,0.06894677663296986,0.07143883538310163,0.004753658008076638
1053,related:279344c8f0a5e6d3cdc4ec6a,2,A,0,0.3115659705092424,0.37333578313734417,0.0970733539793661
1060,related:b5fae59cae16dcb1a71cc89f,2,A,1,0.28249622289950643,1.264090098752258,0.5148116701534747
1070,related:017b02a04f83d4a184fa826a,2,A,0,0.06358474236046636,0.06569624956440799,0.004043019461046886
1078,related:b29a357fc441619574364329,2,A,0,0.3019917617723264,0.35952437367097145,0.09119902417835354
1091,related:9f9824c1d65da88f67a3bb5c,2,A,1,0.06764697325878712,2.693452666551961,0.8692821664735009
1101,related:1317cdf24da525c3bf5b160e,2,A,0,0.06514970593473954,0.06736887581213945,0.004244484183383036
1107,related:671850edd7e2c2b973e519dc,2,A,0,0.19641437990383842,0.2186715405566633,0.03857860863300937
1120,related:6e41510b33bb21686a9f6b7f,2,A,0,0.19249251356444605,0.21380295280068112,0.037053367778358444
1145,related:7c5457fdfe9ed90bf7b6cff6,2,A,0,0.061804969912578965,0.06379743038658836,0.003819854305894791
1148,related:5b1c86d6d70266026e88ac33,2,A,0,0.07227442201901288,0.0750193033103174,0.005223592078182374
1163,related:c40caa0344c16a2fbd768742,2,A,0,0.06764697325878712,0.07004375196002094,0.004576112991075059
1176,related:4a80bc062537c8291f767653,2,A,0,0.22123081853489024,0.25004057808897057,0.048943075069617537
1184,related:b5fae59cae16dcb1a71cc89f,2,A,0,0.1816182019675673,0.20042630551039056,0.03298517128593207
1198,related:7c5457fdfe9ed90bf7b6cff6,2,A,0,0.06481191782012692,0.06700761251126044,0.004200584691522885
1209,related:c76bdefaed8f8c22aa865472,2,A,0,0.042550187194677125,0.04348197412576905,0.0018105184303020651
1215,related:1317cdf24da525c3bf5b160e,2,A,0,0.06614825958974249,0.0684375895306693,0.004375592246751959
1228,related:4b491fd08bcb7621b1a0a11b,2,A,0,0.06035415749282929,0.062252238001452076,0.0036426243266692417
1234,related:e5a0e5aa51f311d3ef47cf72,2,A,1,0.23388777355475737,1.452913878862738,0.5869279435088868
1242,related:780c280678bb1e75278bbb52,2,A,0,0.07227442201901288,0.0750193033103174,0.005223592078182374
1253,related:946a90d4a18792b34e0c1796,2,A,0,0.17860174972967718,0.19674720764173492,0.03189858500650224
1258,related:75db0a107660bbef0e6b7dad,2,A,1,0.19249251356444605,1.6476980165848623,0.6520683406494663
1268,related:8911a92d346455e0353e2b28,2,A,0,0.05043644153695498,0.05175281209380496,0.0025438346349106774
1274,related:9f9824c1d65da88f67a3bb5c,2,A,0,0.04164959894558554,0.04254180478147769,0.0017346890923281204
1276,related:5b1c86d6d70266026e88ac33,2,A,0,0.06742134832077981,0.06980178605669178,0.004545638209391919
1288,related:4a80bc062537c8291f767653,2,A,0,0.07227442201901288,0.0750193033103174,0.005223592078182374
1299,related:5b1c86d6d70266026e88ac33,2,A,0,0.06894677663296986,0.07143883538310163,0.004753658008076638
1307,related:096118edbfed1e5dbe01190b,2,A,0,0.3189855615639285,0.38417177124229707,0.10175178848625481
1311,related:3006cd744b773e311695e33c,2,A,0,0.19965854818152723,0.22271682760063455,0.03986353586195523
1321,related:4bac771fa5a71f50f64233dc,2,A,0,0.06764697325878712,0.07004375196002094,0.004576112991075059
1322,related:7bfe538e7eb5497f287a4eb7,2,A,0,0.06764697325878712,0.07004375196002094,0.004576112991075059
1324,related:780c280678bb1e75278bbb52,2,A,0,0.06894677663296986,0.07143883538310163,0.004753658008076638
1325,related:c40caa0344c16a2fbd768742,2,A,1,0.3048452162728297,1.1879511188202228,0.48324017333876895
1335,related:65879902706fb0e07c28888b,2,A,0,0.04963870351411696,0.0509130545974598,0.0024640008865624073
1342,related:017b02a04f83d4a184fa826a,2,A,0,0.06764697325878712,0.07004375196002094,0.004576112991075059
1346,related:df21e94edb324c92c6722e96,2,A,0,0.07091666328164349,0.07355683835916484,0.005029173131002002
1393,related:26591d8f948d86b48deec83c,2,A,0,0.07227442201901288,0.0750193033103174,0.005223592078182374
1399,related:ca2b8d4f79b90a82668b79c4,2,A,0,0.043257998759978177,0.04422151505616814,0.0018712544567182734
1412,related:78edb20c7a302a5f927dfeb6,2,A,0,0.5161257932305564,0.7259303094151575,0.26638583443787106
1418,related:59c5eac036fb4776436e2c76,2,A,1,0.17819544302179582,1.7248743365406656,0.6753627298701425
1432,related:2a7b1455725ed7fefe9339cc,2,A,1,0.07227442201901288,2.6272849880814317,0.8606747480401565
1446,related:9f9824c1d65da88f67a3bb5c,2,A,0,0.06764697325878712,0.07004375196002094,0.004576112991075059
1451,related:6f65dd84a96fb04d443f8b3f,2,A,0,0.17860174972967718,0.19674720764173492,0.03189858500650224
1467,related:f7d4647662695bf2c380db7f,2,A,0,0.06803443929410083,0.07045941701158603,0.004628684930062691
1470,related:6e41510b33bb21686a9f6b7f,2,A,0,0.07091666328164349,0.07355683835916484,0.005029173131002002
1488,related:bcae3b8ca90418a0a261d86f,2,A,1,0.29412565920785866,1.223748190686434,0.49825858498874004
1490,related:3db9a2434e2ef83b26a98179,2,A,0,0.07632593192174983,0.07939600974295624,0.00582564788372359
1491,related:290fd1e64445012342f0bbf4,2,A,0,0.07227442201901288,0.0750193033103174,0.005223592078182374
1549,related:6f65dd84a96fb04d443f8b3f,2,A,0,0.04242042202193164,0.04334645122093147,0.0017994922045187832
1565,related:77175a3431b0416d505e03c4,2,A,1,0.34149884288437193,1.074410988309765,0.4336237739226211
1574,related:e6cb4ce55472eb9a14339504,2,A,0,0.043257998759978177,0.04422151505616814,0.0018712544567182734
1587,related:48a119f7179531033ec67d4d,2,A,0,0.07091666328164349,0.07355683835916484,0.005029173131002002
1600,related:780c280678bb1e75278bbb52,2,A,1,0.40101025989543443,0.9137682662287275,0.3587887087505351
1605,related:f7d4647662695bf2c380db7f,2,A,1,0.07118540038500534,2.642467532362388,0.8626965604579628
1612,related:95fcc4fff6fdd82340c8b4c6,2,A,0,0.04164959894558554,0.04254180478147769,0.0017346890923281204
1613,related:95fcc4fff6fdd82340c8b4c6,2,A,1,0.2177314894809029,1.5244926749873615,0.6119440225497667
1618,related:70189664b9b2f83c2a67db11,2,A,0,0.06764697325878712,0.07004375196002094,0.004576112991075059
1632,related:017b02a04f83d4a184fa826a,2,A,0,0.06063103798673795,0.06254694615941508,0.00367612276734926
1656,related:e563b3aac90606162da823c6,2,A,0,0.23170893519156738,0.2635866269972958,0.05368903064760997
1657,related:48a119f7179531033ec67d4d,2,A,1,0.06764697325878712,2.693452666551961,0.8692821664735009
1662,related:78451bb48bdef25472075f23,2,A,0,0.04242042202193164,0.04334645122093147,0.0017994922045187832
1674,related:290fd1e64445012342f0bbf4,2,A,1,0.3248232694608908,1.1244740308319594,0.45586361746148085
1679,related:9f9824c1d65da88f67a3bb5c,2,A,0,0.07091666328164349,0.07355683835916484,0.005029173131002002
1701,related:df21e94edb324c92c6722e96,2,A,0,0.06764697325878712,0.07004375196002094,0.004576112991075059
1728,related:4b491fd08bcb7621b1a0a11b,2,A,0,0.037914437664072674,0.03865189013440931,0.0014375045833828525
1742,related:3db9a2434e2ef83b26a98179,2,A,0,0.44206879409328337,0.5835196111068071,0.19542481871108977
1756,related:87faf1d1783e61a44514bf10,2,A,0,0.06764697325878712,0.07004375196002094,0.004576112991075059
1757,related:279344c8f0a5e6d3cdc4ec6a,2,A,0,0.07227442201901288,0.0750193033103174,0.005223592078182374
1768,related:48a119f7179531033ec67d4d,2,A,0,0.30905303320146743,0.3696922066423693,0.09551377733102732
1779,related:7bfe538e7eb5497f287a4eb7,2,A,0,0.06063103798673795,0.06254694615941508,0.00367612276734926
1782,related:33103ccda91c06a4f01ef88f,2,A,0,0.06894677663296986,0.07143883538310163,0.004753658008076638
1790,related:f7d4647662695bf2c380db7f,2,A,0,0.07091666328164349,0.07355683835916484,0.005029173131002002
1794,related:87faf1d1783e61a44514bf10,2,A,0,0.07091666328164349,0.07355683835916484,0.005029173131002002
1795,related:95fcc4fff6fdd82340c8b4c6,2,A,0,0.07091666328164349,0.07355683835916484,0.005029173131002002
1800,related:b29a357fc441619574364329,2,A,0,0.043257998759978177,0.04422151505616814,0.0018712544567182734
1832,related:e5a0e5aa51f311d3ef47cf72,2,A,0,0.06894677663296986,0.07143883538310163,0.004753658008076638
1843,related:6bf113c6436d9e2a5b2f625b,2,A,0,0.06481191782012692,0.06700761251126044,0.004200584691522885
1845,related:78451bb48bdef25472075f23,2,A,0,0.037914437664072674,0.03865189013440931,0.0014375045833828525
1853,related:76a4e9adb0dfe79cd0dd5a19,2,A,0,0.043257998759978177,0.04422151505616814,0.0018712544567182734
1854,related:b5fae59cae16dcb1a71cc89f,2,A,0,0.03866663781422609,0.03943403923246653,0.0014951088798565392
1872,related:9f9824c1d65da88f67a3bb5c,2,A,0,0.17860174972967716,0.19674720764173478,0.031898585006502236
1875,related:fc6f269339731edc3a43a2d9,2,A,1,0.2571582288042614,1.3580637072566297,0.551813897033222
1883,related:4bac771fa5a71f50f64233dc,2,A,0,0.07091666328164349,0.07355683835916484,0.005029173131002002
1919,related:4bac771fa5a71f50f64233dc,2,A,0,0.06358474236046636,0.06569624956440799,0.004043019461046886
1924,related:bcae3b8ca90418a0a261d86f,2,A,0,0.06764697325878712,0.07004375196002094,0.004576112991075059
1944,related:f5554d0b49096d55fc4b7bd9,2,A,0,0.07091666328164349,0.07355683835916484,0.005029173131002002
1948,related:c76bdefaed8f8c22aa865472,2,A,0,0.04242042202193164,0.04334645122093147,0.0017994922045187832
1952,related:671850edd7e2c2b973e519dc,2,A,1,0.17860174972967716,1.7225968136690428,0.674695085547148
1991,related:2180ef2d2c00481401b48665,2,A,0,0.08148464694092482,0.08499665910566043,0.006639747687087168
1994,related:33103ccda91c06a4f01ef88f,2,A,0,0.06735675707641918,0.06973252754694197,0.0045369327238517455
2000,related:9f9824c1d65da88f67a3bb5c,2,A,0,0.037914437664072674,0.03865189013440931,0.0014375045833828525
2008,related:86b116086e7fe4dea3987669,2,A,0,0.06764697325878712,0.07004375196002094,0.004576112991075059
2063,related:78451bb48bdef25472075f23,2,A,0,0.1964143799038384,0.21867154055666316,0.038578608633009354
2084,related:2180ef2d2c00481401b48665,2,A,0,0.07227442201901288,0.0750193033103174,0.005223592078182374
2088,related:c400b070ce6d15a1ce26d2da,2,A,0,0.0547176813609977,0.056271646222712426,0.0029940246535236754
2093,related:ca2b8d4f79b90a82668b79c4,2,A,1,0.5089014840625303,0.6755008291751936,0.24117775235598515
2096,related:7bfe538e7eb5497f287a4eb7,2,A,0,0.06358474236046636,0.06569624956440799,0.004043019461046886
2098,related:70189664b9b2f83c2a67db11,2,A,0,0.1969012895028276,0.21927764544562472,0.03877011780787632
2107,related:76a4e9adb0dfe79cd0dd5a19,2,A,0,0.19568767898556985,0.2177676262606519,0.03829366770675944
2108,related:0d4d35fd85cc9e9ac400462f,2,A,0,0.06764697325878712,0.07004375196002094,0.004576112991075059
2112,related:b5fae59cae16dcb1a71cc89f,2,A,0,0.050298913345254305,0.051607989525455096,0.0025299806837134017
2115,related:65879902706fb0e07c28888b,2,A,1,0.5856161101059097,0.5350908062866816,0.1717140082037575
2119,related:76a4e9adb0dfe79cd0dd5a19,2,A,0,0.04026874453156652,0.041101975931774594,0.0016215717861485686
2121,related:87faf1d1783e61a44514bf10,2,A,0,0.06063103798673793,0.06254694615941508,0.0036761227673492583
2123,related:e563b3aac90606162da823c6,2,A,0,0.06764697325878712,0.07004375196002094,0.004576112991075059
2135,related:76a4e9adb0dfe79cd0dd5a19,2,A,0,0.1996585481815272,0.22271682760063455,0.03986353586195522
2146,related:8f45a10395afbe7a526aeaf3,2,A,0,0.20571889542930208,0.23031784440770545,0.04232026393665212
2169,related:63a8cecee06327beb6ca78ef,2,A,0,0.05082380752477131,0.05216083640887939,0.0025830594113150007
2183,related:33103ccda91c06a4f01ef88f,2,A,0,0.07227442201901288,0.0750193033103174,0.005223592078182374
2224,related:501bb9677ba38385cf883039,2,A,0,0.03866663781422609,0.03943403923246653,0.0014951088798565392
2226,related:c40caa0344c16a2fbd768742,2,A,0,0.07091666328164349,0.07355683835916484,0.005029173131002002
2228,related:0d39e3ebba0bfb2846bb93ed,2,A,0,0.755512236640881,1.4085900189305989,0.5707987397141066
2246,related:8ba2267b808d4fba4d96adaf,2,A,0,0.06522798362491536,0.06745261217940933,0.004254689847772226
2259,related:2180ef2d2c00481401b48665,2,A,0,0.06894677663296986,0.07143883538310163,0.004753658008076638
2283,related:501bb9677ba38385cf883039,2,A,1,0.18161820196756726,1.7058485867388065,0.6697487673507975
2288,related:8ba2267b808d4fba4d96adaf,2,A,0,0.0664049430893766,0.06871249267823837,0.004409616466703345
2304,related:b29a357fc441619574364329,2,A,1,0.1996585481815272,1.6111466305541307,0.6405464394989009
2307,related:f5554d0b49096d55fc4b7bd9,2,A,0,0.06966570531313304,0.07221130077135539,0.004853310496776293
2310,related:501bb9677ba38385cf883039,2,A,1,0.1996585481815272,1.6111466305541307,0.6405464394989009
2328,related:9f9824c1d65da88f67a3bb5c,2,A,0,0.07091666328164349,0.07355683835916484,0.005029173131002002
2348,related:4b491fd08bcb7621b1a0a11b,2,A,1,0.3341366878800031,1.096205124573683,0.44337395042741234
2360,related:fc6f269339731edc3a43a2d9,2,A,0,0.2716899366900545,0.3170284103198204,0.07381542169864581
2364,related:86b116086e7fe4dea3987669,2,A,0,0.17860174972967716,0.19674720764173478,0.031898585006502236
2377,related:26f841597c4cdc9b42f538ba,2,A,0,0.043257998759978177,0.04422151505616814,0.0018712544567182734
2389,related:3db9a2434e2ef83b26a98179,2,A,0,0.14225513946462393,0.15344858905939987,0.020236524704099604
2390,related:6bf113c6436d9e2a5b2f625b,2,A,0,0.061804969912578965,0.06379743038658836,0.003819854305894791
2,related:77175a3431b0416d505e03c4,2,B,0,0.11492140263315774,0.12207882733363144,0.013206928783172355
5,related:9f9824c1d65da88f67a3bb5c,2,B,0,0.14904091906769154,0.16139123507561287,0.02221319555654218
7,related:26f841597c4cdc9b42f538ba,2,B,0,0.07950197370264488,0.08284042247495874,0.006320563822616037
14,related:096118edbfed1e5dbe01190b,2,B,0,0.039884748849278256,0.040701948444071885,0.0015907931907700032
27,related:70189664b9b2f83c2a67db11,2,B,0,0.04449530516501751,0.045515601828812466,0.001979832181728034
37,related:017b02a04f83d4a184fa826a,2,B,0,0.06756428251432277,0.06995506551253511,0.004564932271675221
43,related:6bf113c6436d9e2a5b2f625b,2,B,0,0.06148570894318372,0.06345719552029547,0.0037804924042459023
44,related:e5a0e5aa51f311d3ef47cf72,2,B,1,0.06942512777071223,2.6675064053773956,0.8659695928245553
45,related:95fcc4fff6fdd82340c8b4c6,2,B,0,0.10973492781408763,0.1162360266829126,0.012041754382363021
49,related:c400b070ce6d15a1ce26d2da,2,B,0,0.06328627273568435,0.06537756395363199,0.004005152316775424
50,related:8ba2267b808d4fba4d96adaf,2,B,0,0.36535738858876865,0.4546932552054281,0.1334860213964045
62,related:7bfe538e7eb5497f287a4eb7,2,B,0,0.07759794488271977,0.08077408201884152,0.006021441050021616
64,related:33103ccda91c06a4f01ef88f,2,B,0,0.05056084395837789,0.05188383078129891,0.0025563989417834382
97,related:78edb20c7a302a5f927dfeb6,2,B,0,0.0520250593024741,0.05342721093986532,0.0027066067954259468
109,related:87faf1d1783e61a44514bf10,2,B,0,0.043138407091650705,0.04409652399861702,0.0018609221664049797
110,related:8911a92d346455e0353e2b28,2,B,1,0.5009317558508619,0.691285403042039,0.2490691123181037
112,related:48a119f7179531033ec67d4d,2,B,0,0.045164534497062425,0.04621624077607014,0.002039835176336342
115,related:1317cdf24da525c3bf5b160e,2,B,0,0.17951334854455944,0.19785763737721146,0.03222504230568048
120,related:5b1c86d6d70266026e88ac33,2,B,0,0.044126069365350275,0.045129246347653335,0.001947109997635704
126,related:6bf113c6436d9e2a5b2f625b,2,B,0,0.059123136249899934,0.060943004760424524,0.0034955452400242315
142,related:f7d4647662695bf2c380db7f,2,B,0,0.08478750574135975,0.08859900650634618,0.007188921129841113
147,related:2180ef2d2c00481401b48665,2,B,0,0.03883478864680732,0.039608968707395095,0.0015081408092421946
158,related:65879902706fb0e07c28888b,2,B,0,0.08081930319447204,0.08427255266208022,0.006531759768839999
160,related:096118edbfed1e5dbe01190b,2,B,0,0.050599959768750535,0.0519250304894732,0.0025603559285991727
164,related:f5554d0b49096d55fc4b7bd9,2,B,0,0.07484196840900402,0.07779071109881171,0.005601320235334356
170,related:77175a3431b0416d505e03c4,2,B,0,0.2660213665115285,0.30927536048004767,0.07076736744066099
173,related:26f841597c4cdc9b42f538ba,2,B,0,0.2342174483447539,0.2668570246654153,0.054857813109127455
175,related:78edb20c7a302a5f927dfeb6,2,B,0,0.07427167700270697,0.0771744750744545,0.005516282004794431
181,related:0d39e3ebba0bfb2846bb93ed,2,B,0,0.09002403029367888,0.09433708673604073,0.008104326030317213
200,related:4a80bc062537c8291f767653,2,B,0,0.06827571871280362,0.0707183435932674,0.004661573765749882
202,related:9d28040da51445bf9aa59329,2,B,0,0.17912839316181173,0.19738856807090865,0.0320869812367326
204,related:e6cb4ce55472eb9a14339504,2,B,0,0.028823445113800906,0.029246999324341574,0.0008307909882282933
215,related:70189664b9b2f83c2a67db11,2,B,0,0.043910157588295064,0.0449033929282353,0.0019281019394289066
219,related:75db0a107660bbef0e6b7dad,2,B,0,0.06210776538740042,0.06412022504880677,0.0038573745214163734
223,related:c76bdefaed8f8c22aa865472,2,B,1,0.1976609930233491,1.6212018721503862,0.6437478821162783
227,related:0d4d35fd85cc9e9ac400462f,2,B,0,0.3039032151546196,0.36226656962958886,0.09235716418131501
233,related:b29a357fc441619574364329,2,B,0,0.3507636383335043,0.43195843494948594,0.12303512997695742
247,related:0d39e3ebba0bfb2846bb93ed,2,B,0,0.08693214149047655,0.09094507638512639,0.007557197224120235
261,related:1317cdf24da525c3bf5b160e,2,B,0,0.04037530467893918,0.041213013332042546,0.0016301652279171683
263,related:63a8cecee06327beb6ca78ef,2,B,0,0.38707592624887566,0.48951421082958113,0.14982777268142503
288,related:946a90d4a18792b34e0c1796,2,B,1,0.3150100278327257,1.155150806273602,0.46921126196972324
297,related:6e41510b33bb21686a9f6b7f,2,B,0,0.05037490673026358,0.05168801094131624,0.002537631228082755
299,related:946a90d4a18792b34e0c1796,2,B,0,0.07610911695607304,0.07916130625765748,0.005792597683833205
317,related:e6cb4ce55472eb9a14339504,2,B,0,0.15788714710987187,0.17184124416024713,0.02492835122249432
323,related:78edb20c7a302a5f927dfeb6,2,B,1,0.07145521243285974,2.638684425092757,0.8621954225181055
337,related:df21e94edb324c92c6722e96,2,B,0,0.28430476586690456,0.33450085328854606,0.08082919989463543
358,related:e5a0e5aa51f311d3ef47cf72,2,B,0,0.043712246957967806,0.04469641431532508,0.0019107605341143656
373,related:75db0a107660bbef0e6b7dad,2,B,1,0.03875132258068553,3.250590392650769,0.9239990198403814
387,related:4a80bc062537c8291f767653,2,B,0,0.104190301969057,0.11002727915574756,0.010855619024403284
395,related:c400b070ce6d15a1ce26d2da,2,B,1,0.3057245761993992,1.1850706601227294,0.48201836409350385
406,related:df21e94edb324c92c6722e96,2,B,0,0.04496353421817718,0.046005755165663756,0.00202171940938919
421,related:78451bb48bdef25472075f23,2,B,0,0.12290910427736598,0.13114464805514822,0.015106647914264425
433,related:2a7b1455725ed7fefe9339cc,2,B,0,0.16504081252894473,0.18037243260598812,0.02723846980021428
454,related:c400b070ce6d15a1ce26d2da,2,B,1,0.4780042561405604,0.7381356424705722,0.27247955660736967
471,related:26591d8f948d86b48deec83c,2,B,0,0.1536375630903477,0.16680759869555745,0.023604500792340572
475,related:2a7b1455725ed7fefe9339cc,2,B,0,0.03419718884881548,0.034795594849908934,0.0011694477251615498
478,related:59c5eac036fb4776436e2c76,2,B,0,0.11791437511444683,0.12546614731823189,0.013903799858630477
482,related:9d28040da51445bf9aa59329,2,B,0,0.04408565044044546,0.04508696245531069,0.0019435445747571492
500,related:8f45a10395afbe7a526aeaf3,2,B,0,0.1621137530774114,0.17687293124317122,0.026280868936843917
503,related:59c5eac036fb4776436e2c76,2,B,0,0.3178663188378796,0.38252962691260406,0.10103899665154452
504,related:8f45a10395afbe7a526aeaf3,2,B,0,0.02879879207524169,0.029221614933073844,0.0008293704249930036
506,related:2a7b1455725ed7fefe9339cc,2,B,0,0.056337583375402754,0.05798678630200663,0.0031739233005804567
507,related:c76bdefaed8f8c22aa865472,2,B,0,0.1739223747865695,0.1910665326207755,0.030248992451399944
526,related:4b491fd08bcb7621b1a0a11b,2,B,0,0.3272038844536457,0.3963129439037485,0.10706238200155471
532,related:86b116086e7fe4dea3987669,2,B,0,0.033238826196434645,0.03380379045077738,0.0011048195669167901
548,related:6f65dd84a96fb04d443f8b3f,2,B,0,0.01762859887005421,0.017785833240660073,0.00031076749812127664
569,related:e563b3aac90606162da823c6,2,B,0,0.040866885743708524,0.04172540845879691,0.001670102350389327
586,related:26591d8f948d86b48deec83c,2,B,0,0.05197747019194699,0.05337701138920404,0.002701657407554738
606,related:0d4d35fd85cc9e9ac400462f,2,B,0,0.05657699327889109,0.05824052140250713,0.0032009561684796877
609,related:671850edd7e2c2b973e519dc,2,B,0,0.052144597809625104,0.05355331769594486,0.002719059080727559
632,related:8911a92d346455e0353e2b28,2,B,0,0.06805002673412792,0.07047614249055054,0.004630806138515525
640,related:6e41510b33bb21686a9f6b7f,2,B,0,0.08015301302651116,0.08354794127858502,0.006424505497228068
649,related:7c5457fdfe9ed90bf7b6cff6,2,B,0,0.06153411922917987,0.0635087786821567,0.0037864478293109234
651,related:9d28040da51445bf9aa59329,2,B,0,0.039158444375523606,0.03994575808538934,0.0015333837659109763
665,related:3006cd744b773e311695e33c,2,B,0,0.049149265125073116,0.050398184723103256,0.0024156502623347287
673,related:77175a3431b0416d505e03c4,2,B,0,0.06096633670568542,0.06290395026278589,0.0037168942113110057
679,related:e563b3aac90606162da823c6,2,B,0,0.04012865844283059,0.04095602271291401,0.0016103092284213587
684,related:fc6f269339731edc3a43a2d9,2,B,0,0.05959626312810787,0.06144598861942596,0.0035517145788346695
703,related:59c5eac036fb4776436e2c76,2,B,0,0.11364610281256693,0.12063897563751798,0.012915436684484532
718,related:63a8cecee06327beb6ca78ef,2,B,0,0.05695043439404741,0.05863643611180367,0.0032433519776706977
720,related:501bb9677ba38385cf883039,2,B,0,0.04113258352667997,0.042002465509005216,0.0016918894275793045
722,related:63a8cecee06327beb6ca78ef,2,B,1,0.2619847188428452,1.3394691019493192,0.5446665552214742
724,related:86b116086e7fe4dea3987669,2,B,0,0.056994003743554456,0.0586826376664087,0.0032483164627202994
731,related:946a90d4a18792b34e0c1796,2,B,0,0.06785689367049108,0.07026892851991569,0.004604558018608333
739,related:290fd1e64445012342f0bbf4,2,B,0,0.07004942493578835,0.07262383933933143,0.004906921933834647
751,related:3006cd744b773e311695e33c,2,B,0,0.043681988359272825,0.04466477308611177,0.0019081161070196465
752,related:3006cd744b773e311695e33c,2,B,0,0.20318130371628718,0.2271281087755419,0.041282642179850136
755,related:7c5457fdfe9ed90bf7b6cff6,2,B,0,0.06398648324688203,0.06612536163326152,0.004094270038303514
769,related:ca2b8d4f79b90a82668b79c4,2,B,0,0.057229894168433174,0.0589328162807711,0.0032752607865300615
776,related:75db0a107660bbef0e6b7dad,2,B,0,0.06458141807687093,0.0667611686715736,0.004170759560819591
797,related:f5554d0b49096d55fc4b7bd9,2,B,0,0.08144226149430829,0.08495051456539293,0.006632841957307291
812,related:c40caa0344c16a2fbd768742,2,B,0,0.08429143397376589,0.08805712429144026,0.007105045841353734
820,related:9d28040da51445bf9aa59329,2,B,0,0.1980376612014751,0.22069363132231953,0.039218915254150236
822,related:4bac771fa5a71f50f64233dc,2,B,0,0.07303852117836213,0.07584326894891595,0.005334625575922053
825,related:290fd1e64445012342f0bbf4,2,B,0,0.04889090088916564,0.050126502605657826,0.0023903201897542176
829,related:e6cb4ce55472eb9a14339504,2,B,0,0.14213213015224813,0.15330518919950367,0.0202015424216156
853,related:671850edd7e2c2b973e519dc,2,B,0,0.04636037108910173,0.04746942637125254,0.0021492840075192196
874,related:8f45a10395afbe7a526aeaf3,2,B,0,0.03186561885935273,0.0323843778482451,0.0010154176652895366
878,related:bcae3b8ca90418a0a261d86f,2,B,0,0.08800593720017982,0.09212179901691282,0.007745044982481995
881,related:8ba2267b808d4fba4d96adaf,2,B,0,0.3868646832862338,0.4891696223596017,0.14966428317415797
882,related:65879902706fb0e07c28888b,2,B,0,0.07777540580960843,0.08096649052329713,0.006049013748849272
884,related:26f841597c4cdc9b42f538ba,2,B,0,0.2932769466619779,0.34711641070797233,0.08601136744337264
898,related:0d4d35fd85cc9e9ac400462f,2,B,0,0.05559144641428219,0.05719641664775668,0.0030904089144320078
902,related:279344c8f0a5e6d3cdc4ec6a,2,B,0,0.053953315611673734,0.05546336190019063,0.0029109602654928766
915,related:fc6f269339731edc3a43a2d9,2,B,0,0.06222254152799366,0.06424260922034798,0.003871644674202896
931,related:6f65dd84a96fb04d443f8b3f,2,B,0,0.10182024325860187,0.1073850561672016,0.010367361937240858
936,related:096118edbfed1e5dbe01190b,2,B,0,0.1882482299369404,0.20856068744959158,0.035437396074391184
959,related:26591d8f948d86b48deec83c,2,B,0,0.03149339307221806,0.03199997434340204,0.0009918338072012324
978,related:0d39e3ebba0bfb2846bb93ed,2,B,0,0.08666614222519671,0.09065379406230674,0.007511020208198024
986,related:bcae3b8ca90418a0a261d86f,2,B,0,0.058589980936849695,0.06037650734477907,0.0034327858661804106
994,related:8911a92d346455e0353e2b28,2,B,0,0.07074249877367889,0.07336939749264744,0.005004501132743959
1002,related:ca2b8d4f79b90a82668b79c4,2,B,1,0.24176478927718031,1.419789970606024,0.5749206347798786
1016,related:3db9a2434e2ef83b26a98179,2,B,0,0.06018333243985313,0.06207045725027291,0.0036220335035658784
1023,related:780c280678bb1e75278bbb52,2,B,0,0.03855789512502764,0.03932092910476073,0.0014867112764726305
1041,related:279344c8f0a5e6d3cdc4ec6a,2,B,0,0.07762889645990759,0.08080763798971571,0.006026245565583053
1053,related:279344c8f0a5e6d3cdc4ec6a,2,B,0,0.3479149987991027,0.42758035561287966,0.12104484638937964
1060,related:b5fae59cae16dcb1a71cc89f,2,B,1,0.28725664626172964,1.2473792249692277,0.5080030882980772
1070,related:017b02a04f83d4a184fa826a,2,B,0,0.06017819616072529,0.062064992072574154,0.003621415293158732
1078,related:b29a357fc441619574364329,2,B,0,0.25832223397494325,0.2988404077348442,0.06673037656580533
1091,related:9f9824c1d65da88f67a3bb5c,2,B,1,0.057275120324309876,2.8598889498275017,0.8887301987595443
1101,related:1317cdf24da525c3bf5b160e,2,B,0,0.039256983140230475,0.04004831798954789,0.0015411107252723398
1107,related:671850edd7e2c2b973e519dc,2,B,0,0.2349523866006183,0.2678172073546594,0.055202623969326396
1120,related:6e41510b33bb21686a9f6b7f,2,B,0,0.2377028769370242,0.2714188740171009,0.056502657704138065
1145,related:7c5457fdfe9ed90bf7b6cff6,2,B,0,0.0547685263901721,0.05632543586380896,0.002999591482950978
1148,related:5b1c86d6d70266026e88ac33,2,B,0,0.04797288516516812,0.04916176262701417,0.0023013977110704076
1163,related:c40caa0344c16a2fbd768742,2,B,0,0.07769056642490904,0.0808745004775922,0.006035824111423204
1176,related:4a80bc062537c8291f767653,2,B,0,0.3232321302634808,0.39042694561059893,0.10447901003466782
1184,related:b5fae59cae16dcb1a71cc89f,2,B,0,0.19155994580500402,0.21264874718506072,0.03669521283681608
1198,related:7c5457fdfe9ed90bf7b6cff6,2,B,0,0.05696762389282433,0.05865466384454119,0.0032453101719942894
1209,related:c76bdefaed8f8c22aa865472,2,B,0,0.034651908756985345,0.035266526371635076,0.0012007547805024377
1215,related:1317cdf24da525c3bf5b160e,2,B,0,0.03999207294197611,0.0408137372022387,0.0015993658981963378
1228,related:4b491fd08bcb7621b1a0a11b,2,B,0,0.11450972083587325,0.12161379961269925,0.013112476165909626
1234,related:e5a0e5aa51f311d3ef47cf72,2,B,1,0.23879951481723632,1.4321309292193707,0.5794261786424747
1242,related:780c280678bb1e75278bbb52,2,B,0,0.05241389706798183,0.05383747234745056,0.0027472166058529943
1253,related:946a90d4a18792b34e0c1796,2,B,0,0.2889561446239758,0.34102116982087594,0.083495653515952
1258,related:75db0a107660bbef0e6b7dad,2,B,1,0.19157491431244875,1.6524763494051702,0.6535511191689245
1268,related:8911a92d346455e0353e2b28,2,B,0,0.04949645652859132,0.050763389052807736,0.00244989920888673
1274,related:9f9824c1d65da88f67a3bb5c,2,B,0,0.026168846572876527,0.026517344138024118,0.0006848085309547515
1276,related:5b1c86d6d70266026e88ac33,2,B,0,0.0437088579216547,0.04469287037125899,0.0019104642608153968
1288,related:4a80bc062537c8291f767653,2,B,0,0.10814676865458786,0.11445369879056415,0.011695723570428947
1299,related:5b1c86d6d70266026e88ac33,2,B,0,0.04610403253077273,0.04720066225449536,0.0021255818155985497
1307,related:096118edbfed1e5dbe01190b,2,B,0,0.3213539793162621,0.38765561183195746,0.1032683800223966
1311,related:3006cd744b773e311695e33c,2,B,0,0.22393698733902417,0.253521560212912,0.050147774298478276
1321,related:4bac771fa5a71f50f64233dc,2,B,0,0.08186555048493227,0.08541143991900282,0.006701968356200994
1322,related:7bfe538e7eb5497f287a4eb7,2,B,0,0.07466551814029837,0.07760000482147439,0.005574939599159225
1324,related:780c280678bb1e75278bbb52,2,B,0,0.05038119389987664,0.051694631649288655,0.0025382646987769674
1325,related:c40caa0344c16a2fbd768742,2,B,1,0.3266829851073778,1.118765042822969,0.4533558025439116
1335,related:65879902706fb0e07c28888b,2,B,0,0.05617949947550648,0.057819278666488894,0.003156136161318433
1342,related:017b02a04f83d4a184fa826a,2,B,0,0.06498431479893625,0.0671919742180482,0.004222961169887245
1346,related:df21e94edb324c92c6722e96,2,B,0,0.06857008166218576,0.07103432704959174,0.004701856099158823
1393,related:26591d8f948d86b48deec83c,2,B,0,0.05407091032464936,0.05558767079963762,0.002923663343336273
1399,related:ca2b8d4f79b90a82668b79c4,2,B,0,0.0540308631782804,0.05554533538664969,0.002919334175790057
1412,related:78edb20c7a302a5f927dfeb6,2,B,0,0.539786021066875,0.7760637260640119,0.2913689485392088
1418,related:59c5eac036fb4776436e2c76,2,B,1,0.2469233054208178,1.3986774949397813,0.5671245079183069
1432,related:2a7b1455725ed7fefe9339cc,2,B,1,0.058595777027516976,2.8370926493727753,0.8862419110304246
1446,related:9f9824c1d65da88f67a3bb5c,2,B,0,0.040906699870570794,0.04176691985345752,0.0016733580943009566
1451,related:6f65dd84a96fb04d443f8b3f,2,B,0,0.091055010470814,0.09547070420557258,0.008291014931840047
1467,related:f7d4647662695bf2c380db7f,2,B,0,0.08194180109723007,0.08549449287361224,0.006714458767058015
1470,related:6e41510b33bb21686a9f6b7f,2,B,0,0.08328155975689192,0.08695489831937105,0.006935818195540759
1488,related:bcae3b8ca90418a0a261d86f,2,B,1,0.3560632763525908,1.0326468213609872,0.4146545040617598
1490,related:3db9a2434e2ef83b26a98179,2,B,0,0.076237827492965,0.07930062953235292,0.00581220634084709
1491,related:290fd1e64445012342f0bbf4,2,B,0,0.07281482443504432,0.0756019754742342,0.005301998657506328
1549,related:6f65dd84a96fb04d443f8b3f,2,B,0,0.019902875166901608,0.020103605255741595,0.0003961244399092687
1565,related:77175a3431b0416d505e03c4,2,B,1,0.42657404502949275,0.8519693162644099,0.32881732583383816
1574,related:e6cb4ce55472eb9a14339504,2,B,0,0.03249420332005113,0.033033862695684625,0.001055873249404822
1587,related:48a119f7179531033ec67d4d,2,B,0,0.05290380500664414,0.05435461229235523,0.002798812584181026
1600,related:780c280678bb1e75278bbb52,2,B,1,0.32691916370232854,1.1180423444485514,0.4530378121911728
1605,related:f7d4647662695bf2c380db7f,2,B,1,0.08669432492506551,2.445366853796307,0.8341272561240817
1612,related:95fcc4fff6fdd82340c8b4c6,2,B,0,0.07206285082416543,0.0747912756707383,0.00519305446890592
1613,related:95fcc4fff6fdd82340c8b4c6,2,B,1,0.3360604181704988,1.0904643192002617,0.4408157683199329
1618,related:70189664b9b2f83c2a67db11,2,B,0,0.04219256005488193,0.0431085233598857,0.0017802121239848183
1632,related:017b02a04f83d4a184fa826a,2,B,0,0.05786276678479345,0.05960433219779465,0.003348099779991396
1656,related:e563b3aac90606162da823c6,2,B,0,0.13298482149875246,0.14269879543298541,0.017684962749055053
1657,related:48a119f7179531033ec67d4d,2,B,1,0.05085312197258093,2.978813762647903,0.9008797960691963
1662,related:78451bb48bdef25472075f23,2,B,0,0.0276219943942518,0.02801065546550561,0.0007629745743160778
1674,related:290fd1e64445012342f0bbf4,2,B,1,0.33616122115272773,1.0901644092387615,0.44068192430143766
1679,related:9f9824c1d65da88f67a3bb5c,2,B,0,0.05956852130667735,0.061416489148974816,0.0035484087306640734
1701,related:df21e94edb324c92c6722e96,2,B,0,0.0659544237735834,0.06823004512752848,0.004349986015305424
1728,related:4b491fd08bcb7621b1a0a11b,2,B,0,0.08013714970295467,0.08353069581602844,0.006421962762513768
1742,related:3db9a2434e2ef83b26a98179,2,B,0,0.4752029965125141,0.6447437511866115,0.22581788789447246
1756,related:87faf1d1783e61a44514bf10,2,B,0,0.04665119844059656,0.04777443855601734,0.002176334315943919
1757,related:279344c8f0a5e6d3cdc4ec6a,2,B,0,0.08066756145707085,0.08410748260103117,0.006507255471430303
1768,related:48a119f7179531033ec67d4d,2,B,0,0.2374401499253025,0.2710742816796558,0.056377824796550124
1779,related:7bfe538e7eb5497f287a4eb7,2,B,0,0.06655854257660176,0.06887703095736943,0.00443003958992131
1782,related:33103ccda91c06a4f01ef88f,2,B,0,0.05331056446593869,0.05478418516374336,0.002842016283677005
1790,related:f7d4647662695bf2c380db7f,2,B,0,0.08807962534492822,0.09220260121165975,0.007758020400902922
1794,related:87faf1d1783e61a44514bf10,2,B,0,0.04854110208814933,0.04975879032887709,0.0023562385919321353
1795,related:95fcc4fff6fdd82340c8b4c6,2,B,0,0.11387517824076243,0.12089745595327268,0.012967556219365413
1800,related:b29a357fc441619574364329,2,B,0,0.04239882714699911,0.04332389995528813,0.0017976605434411085
1832,related:e5a0e5aa51f311d3ef47cf72,2,B,0,0.06677919194131465,0.06911344154949503,0.004459460476334944
1843,related:6bf113c6436d9e2a5b2f625b,2,B,0,0.05472512836788103,0.05627952433073437,0.002994839674881057
1845,related:78451bb48bdef25472075f23,2,B,0,0.024487702231894802,0.024792512367880264,0.0005996475605979457
1853,related:76a4e9adb0dfe79cd0dd5a19,2,B,0,0.036707674385073934,0.03739835601565671,0.001347453358760613
1854,related:b5fae59cae16dcb1a71cc89f,2,B,0,0.04071733235825557,0.041569495035682795,0.0016579011543726464
1872,related:9f9824c1d65da88f67a3bb5c,2,B,0,0.16746629637871135,0.18328157311665003,0.02804496042280239
1875,related:fc6f269339731edc3a43a2d9,2,B,1,0.2437148015807008,1.4117565833028929,0.5719673013481188
1883,related:4bac771fa5a71f50f64233dc,2,B,0,0.08505476046613701,0.08889106300152395,0.007234312277951943
1919,related:4bac771fa5a71f50f64233dc,2,B,0,0.07591229107754793,0.07894828876911619,0.005762675936642364
1924,related:bcae3b8ca90418a0a261d86f,2,B,0,0.08471631594791426,0.08852122454282738,0.007176854187786832
1944,related:f5554d0b49096d55fc4b7bd9,2,B,0,0.07778074258128324,0.08097227738600933,0.006049843916495848
1948,related:c76bdefaed8f8c22aa865472,2,B,0,0.03634397901927964,0.037020872757472324,0.0013208848109538386
1952,related:671850edd7e2c2b973e519dc,2,B,1,0.21345655393444898,1.5443219614734929,0.6186505925486724
1991,related:2180ef2d2c00481401b48665,2,B,0,0.04687622063225863,0.04801049985053395,0.0021973800607641898
1994,related:33103ccda91c06a4f01ef88f,2,B,0,0.051039968450231905,0.05238859764504262,0.0026050783794006683
2000,related:9f9824c1d65da88f67a3bb5c,2,B,0,0.03477985795618316,0.03539907718976108,0.0012096385194522768
2008,related:86b116086e7fe4dea3987669,2,B,0,0.054793947079554726,0.05635232983838098,0.003002376636557044
2063,related:78451bb48bdef25472075f23,2,B,0,0.13687326810067488,0.14719374827539436,0.018734291520559224
2084,related:2180ef2d2c00481401b48665,2,B,0,0.04294627647200847,0.04389575166701206,0.0018443826628101886
2088,related:c400b070ce6d15a1ce26d2da,2,B,0,0.07735104145879945,0.08050644342937559,0.005983183614760912
2093,related:ca2b8d4f79b90a82668b79c4,2,B,1,0.5519876183352806,0.5942296635086382,0.20071509412489416
2096,related:7bfe538e7eb5497f287a4eb7,2,B,0,0.06919638404751675,0.0717069627823419,0.004788139565251431
2098,related:70189664b9b2f83c2a67db11,2,B,0,0.11999266275443145,0.1278250337655888,0.01439823911489872
2107,related:76a4e9adb0dfe79cd0dd5a19,2,B,0,0.16886874450784903,0.184967547751941,0.02851665287165719
2108,related:0d4d35fd85cc9e9ac400462f,2,B,0,0.05439210538247285,0.055927283573353144,0.002958501127938032
2112,related:b5fae59cae16dcb1a71cc89f,2,B,0,0.050298644326818694,0.05160770625906611,0.0025299536211158104
2115,related:65879902706fb0e07c28888b,2,B,1,0.6342510375195144,0.45531044468301257,0.13377230355555167
2119,related:76a4e9adb0dfe79cd0dd5a19,2,B,0,0.033409806490721415,0.03398066496787062,0.0011162151697474507
2121,related:87faf1d1783e61a44514bf10,2,B,0,0.041449688740313705,0.042333228296830054,0.0017180766966688886
2123,related:e563b3aac90606162da823c6,2,B,0,0.03855301411998676,0.03931585236365872,0.0014863348977358986
2135,related:76a4e9adb0dfe79cd0dd5a19,2,B,0,0.17541221450437652,0.19287167146078288,0.030769444997329403
2146,related:8f45a10395afbe7a526aeaf3,2,B,0,0.15535539450454985,0.16883932530821588,0.02413529860166432
2169,related:63a8cecee06327beb6ca78ef,2,B,0,0.0696349608468324,0.0721782546303219,0.004849027772139882
2183,related:33103ccda91c06a4f01ef88f,2,B,0,0.05545455550098673,0.057051478323505454,0.003075207725812017
2224,related:501bb9677ba38385cf883039,2,B,0,0.03652281499838397,0.03720647070063732,0.0013339160154061814
2226,related:c40caa0344c16a2fbd768742,2,B,0,0.08073143411329425,0.08417696222830781,0.006517564453989171
2228,related:0d39e3ebba0bfb2846bb93ed,2,B,0,0.7924790227812485,1.5725228493910144,0.6280230015483226
2246,related:8ba2267b808d4fba4d96adaf,2,B,0,0.09167611139576212,0.0961542584738546,0.008404509400648186
2259,related:2180ef2d2c00481401b48665,2,B,0,0.04126475501064065,0.042140316260702866,0.0017027800060881925
2283,related:501bb9677ba38385cf883039,2,B,1,0.17465548912328072,1.7449398789458839,0.6811935616343309
2288,related:8ba2267b808d4fba4d96adaf,2,B,0,0.09707851212269722,0.10211967521747456,0.009424237515956672
2304,related:b29a357fc441619574364329,2,B,1,0.19818380464875943,1.6185603725905644,0.6429092111275388
2307,related:f5554d0b49096d55fc4b7bd9,2,B,0,0.07336500015729683,0.07619553438108381,0.005382423248080164
2310,related:501bb9677ba38385cf883039,2,B,1,0.1932037178069914,1.6440101140814607,0.6509202409604607
2328,related:9f9824c1d65da88f67a3bb5c,2,B,0,0.04257427865555028,0.043507136555853664,0.0018125692030404443
2348,related:4b491fd08bcb7621b1a0a11b,2,B,1,0.5088928927028503,0.6755177114843837,0.2411861908377741
2360,related:fc6f269339731edc3a43a2d9,2,B,0,0.26214185835690434,0.3040036928541011,0.0687183539028113
2364,related:86b116086e7fe4dea3987669,2,B,0,0.1610269765318609,0.1755767262283529,0.025929687170992484
2377,related:26f841597c4cdc9b42f538ba,2,B,0,0.05194266380775565,0.05334029734058264,0.0026980403234455282
2389,related:3db9a2434e2ef83b26a98179,2,B,0,0.14409686822921391,0.1555980730630781,0.020763907433467437
2390,related:6bf113c6436d9e2a5b2f625b,2,B,0,0.0526077678317133,0.05404208763071457,0.002767577236235449
2,related:77175a3431b0416d505e03c4,2,C,0,0.056153803189623666,0.057792053218351624,0.003153249612658989
5,related:9f9824c1d65da88f67a3bb5c,2,C,0,0.5638941139038518,0.8298702070996491,0.3179765716954102
7,related:26f841597c4cdc9b42f538ba,2,C,0,0.04223463397818436,0.04315245165452235,0.001783764307271205
14,related:096118edbfed1e5dbe01190b,2,C,0,0.024156063688714355,0.024452606675027737,0.0005835154129332241
27,related:70189664b9b2f83c2a67db11,2,C,0,0.03979991703374477,0.040613596480119335,0.001584033395892967
37,related:017b02a04f83d4a184fa826a,2,C,0,0.03523760338382591,0.0358734290836841,0.0012416886922358191
43,related:6bf113c6436d9e2a5b2f625b,2,C,0,0.040439402719895136,0.04127981046854292,0.0016353452923418622
44,related:e5a0e5aa51f311d3ef47cf72,2,C,1,0.18041127230585252,1.7125161882400228,0.6717256825633114
45,related:95fcc4fff6fdd82340c8b4c6,2,C,0,0.05792482481307323,0.059670203782150606,0.0033552853296252238
49,related:c400b070ce6d15a1ce26d2da,2,C,0,0.04343451253389132,0.04440602672034742,0.0018865568790567622
50,related:8ba2267b808d4fba4d96adaf,2,C,0,0.261214576363778,0.30274776063481895,0.068233054904908
62,related:7bfe538e7eb5497f287a4eb7,2,C,0,0.03618634020704449,0.036857302026208336,0.0013094512175799646
64,related:33103ccda91c06a4f01ef88f,2,C,0,0.030182430097311835,0.03064729743778469,0.0009109790865791153
97,related:78edb20c7a302a5f927dfeb6,2,C,0,0.03575719707698172,0.03641214583348457,0.00127857714280211
109,related:87faf1d1783e61a44514bf10,2,C,0,0.025808047296014356,0.026146918058526182,0.0006660553052333139
110,related:8911a92d346455e0353e2b28,2,C,1,0.6991826234598106,0.3578433069807915,0.09049109402852207
112,related:48a119f7179531033ec67d4d,2,C,0,0.03971427722360867,0.040524410910575646,0.0015772238153936426
115,related:1317cdf24da525c3bf5b160e,2,C,0,0.15365119573120786,0.166823706157396,0.02360868994962995
120,related:5b1c86d6d70266026e88ac33,2,C,0,0.04518396973681567,0.04623659552644956,0.002041591121177474
126,related:6bf113c6436d9e2a5b2f625b,2,C,0,0.0733975090901486,0.0762306177775911,0.005387194340638446
142,related:f7d4647662695bf2c380db7f,2,C,0,0.17521505487239286,0.19263259920105394,0.03070031545393564
147,related:2180ef2d2c00481401b48665,2,C,0,0.03276508735965006,0.03331388372389173,0.0010735509496855
158,related:65879902706fb0e07c28888b,2,C,0,0.03523760338382591,0.0358734290836841,0.0012416886922358191
160,related:096118edbfed1e5dbe01190b,2,C,0,0.04074976171686345,0.041603301449438704,0.0016605430799811502
164,related:f5554d0b49096d55fc4b7bd9,2,C,0,0.2093754298875229,0.23493205079765406,0.043838070640585015
170,related:77175a3431b0416d505e03c4,2,C,0,0.27371771343351037,0.31981651525823807,0.0749213866472693
173,related:26f841597c4cdc9b42f538ba,2,C,0,0.3187425931774659,0.3838150606637373,0.10159684070549553
175,related:78edb20c7a302a5f927dfeb6,2,C,0,0.05658107434624197,0.058244847220458085,0.003201417974174961
181,related:0d39e3ebba0bfb2846bb93ed,2,C,0,0.12111176251610394,0.12909753672569704,0.014668059019757158
200,related:4a80bc062537c8291f767653,2,C,0,0.0549856008307694,0.056555114388362485,0.0030234162987207084
202,related:9d28040da51445bf9aa59329,2,C,0,0.13833364425885117,0.148887141549776,0.01913619713393439
204,related:e6cb4ce55472eb9a14339504,2,C,0,0.030089875465925925,0.030551866896970533,0.0009054006055549309
215,related:70189664b9b2f83c2a67db11,2,C,0,0.03618634020704449,0.036857302026208336,0.0013094512175799646
219,related:75db0a107660bbef0e6b7dad,2,C,0,0.03908242164158893,0.039866640226517196,0.0015274356813709386
223,related:c76bdefaed8f8c22aa865472,2,C,1,0.10836826132619792,2.2222200250423403,0.7950071574104672
227,related:0d4d35fd85cc9e9ac400462f,2,C,0,0.12738411020019094,0.13625980874055763,0.01622671153149439
233,related:b29a357fc441619574364329,2,C,0,0.6419047969143656,1.02695639752786,0.412041768301673
247,related:0d39e3ebba0bfb2846bb93ed,2,C,0,0.15596311663414392,0.1695590846705809,0.024324493750235578
261,related:1317cdf24da525c3bf5b160e,2,C,0,0.2764421929905511,0.3235748369877134,0.07642028606542511
263,related:63a8cecee06327beb6ca78ef,2,C,0,0.425495286769063,0.5542469776696481,0.18104623906268716
288,related:946a90d4a18792b34e0c1796,2,C,1,0.2828830527428932,1.2627217079377606,0.5142567160433521
297,related:6e41510b33bb21686a9f6b7f,2,C,0,0.025252860141953017,0.02557718535502841,0.0006377069453490393
299,related:946a90d4a18792b34e0c1796,2,C,0,0.041900767912399654,0.042803923820672454,0.0017556743516487804
317,related:e6cb4ce55472eb9a14339504,2,C,0,0.1251780520507467,0.13373490138902283,0.01566954471521945
323,related:78edb20c7a302a5f927dfeb6,2,C,1,0.03908242164158893,3.2420824874635943,0.9233625923981931
337,related:df21e94edb324c92c6722e96,2,C,0,0.4892964273515918,0.6719659497618425,0.23941099381903155
358,related:e5a0e5aa51f311d3ef47cf72,2,C,0,0.030656819367263156,0.03113657021136363,0.0009398405737170014
373,related:75db0a107660bbef0e6b7dad,2,C,1,0.027369278898008942,3.5983341027140017,0.9460105196313793
387,related:4a80bc062537c8291f767653,2,C,0,0.0733975090901486,0.0762306177775911,0.005387194340638446
395,related:c400b070ce6d15a1ce26d2da,2,C,1,0.2221763078259485,1.5042840329072806,0.6050096961072737
406,related:df21e94edb324c92c6722e96,2,C,0,0.0570119120209675,0.05870162847615019,0.003250358112286539
421,related:78451bb48bdef25472075f23,2,C,0,0.08252421662463799,0.08612909354303806,0.006810246329510178
433,related:2a7b1455725ed7fefe9339cc,2,C,0,0.13242193954740406,0.14204978797871262,0.017535570073496334
454,related:c400b070ce6d15a1ce26d2da,2,C,1,0.3986394027310525,0.9196980232765851,0.3616345679476653
471,related:26591d8f948d86b48deec83c,2,C,0,0.14220971757987982,0.1533956354548745,0.020223603774149182
475,related:2a7b1455725ed7fefe9339cc,2,C,0,0.027034841540564656,0.027407005803725924,0.0007308826571234404
478,related:59c5eac036fb4776436e2c76,2,C,0,0.08965099931335199,0.09392723575710465,0.008037301677882639
482,related:9d28040da51445bf9aa59329,2,C,0,0.059074098865302065,0.060890887306327746,0.0034897491567474825
500,related:8f45a10395afbe7a526aeaf3,2,C,0,0.12150033693978204,0.1295397548949358,0.014762331876480565
503,related:59c5eac036fb4776436e2c76,2,C,0,0.2009183333332993,0.22429212734181328,0.04036817666943077
504,related:8f45a10395afbe7a526aeaf3,2,C,0,0.026094885099299827,0.02644139805146714,0.0006809430283456602
506,related:2a7b1455725ed7fefe9339cc,2,C,0,0.04033650591405593,0.04117258296301016,0.001627033709354669
507,related:c76bdefaed8f8c22aa865472,2,C,0,0.11306301035894652,0.11998133680458137,0.012783244311427248
526,related:4b491fd08bcb7621b1a0a11b,2,C,0,0.15548832456012213,0.16899671756060494,0.024176619074513878
532,related:86b116086e7fe4dea3987669,2,C,0,0.023515042402838724,0.0237959331904414,0.0005529572192073032
548,related:6f65dd84a96fb04d443f8b3f,2,C,0,0.023515042402838724,0.0237959331904414,0.0005529572192073032
569,related:e563b3aac90606162da823c6,2,C,0,0.036106606387487375,0.03677457802573153,0.0013036870248209441
586,related:26591d8f948d86b48deec83c,2,C,0,0.03825668189487816,0.03900768501605956,0.0014635737096058983
606,related:0d4d35fd85cc9e9ac400462f,2,C,0,0.0381580758173379,0.03890516179487971,0.0014560387500817072
609,related:671850edd7e2c2b973e519dc,2,C,0,0.036706434604968835,0.0373970689927309,0.0013473623414088536
632,related:8911a92d346455e0353e2b28,2,C,0,0.05084945732670884,0.05218785999914356,0.0025856673104207835
640,related:6e41510b33bb21686a9f6b7f,2,C,0,0.036093858125532514,0.03676135231245547,0.0013027665943860696
649,related:7c5457fdfe9ed90bf7b6cff6,2,C,0,0.16057211009708447,0.17503470263638635,0.025783402541030218
651,related:9d28040da51445bf9aa59329,2,C,0,0.0435538756016091,0.04453081746090788,0.0018969400799204407
665,related:3006cd744b773e311695e33c,2,C,0,0.03788728380096854,0.038623666574073706,0.0014354462738151333
673,related:77175a3431b0416d505e03c4,2,C,0,0.028375136185305405,0.02878549159417704,0.0008051483535346282
679,related:e563b3aac90606162da823c6,2,C,0,0.0381580758173379,0.03890516179487971,0.0014560387500817072
684,related:fc6f269339731edc3a43a2d9,2,C,0,0.042374795092100764,0.043298804170081084,0.001795623259097527
703,related:59c5eac036fb4776436e2c76,2,C,0,0.12928653387581884,0.13844232740730117,0.016715007841623254
718,related:63a8cecee06327beb6ca78ef,2,C,0,0.026645317841767692,0.027006738904248668,0.0007099729628888237
720,related:501bb9677ba38385cf883039,2,C,0,0.03788728380096854,0.038623666574073706,0.0014354462738151333
722,related:63a8cecee06327beb6ca78ef,2,C,1,0.26268295082397825,1.3368074841912507,0.543636431005636
724,related:86b116086e7fe4dea3987669,2,C,0,0.053710529518115536,0.055206762570028795,0.00288482098111636
731,related:946a90d4a18792b34e0c1796,2,C,0,0.030744976375947995,0.031227519443186916,0.0009452535723576003
739,related:290fd1e64445012342f0bbf4,2,C,0,0.04033650591405593,0.04117258296301016,0.001627033709354669
751,related:3006cd744b773e311695e33c,2,C,0,0.027769084130709977,0.028161934969692094,0.0007711220334584486
752,related:3006cd744b773e311695e33c,2,C,0,0.20040260556210862,0.223646934943128,0.04016120431608209
755,related:7c5457fdfe9ed90bf7b6cff6,2,C,0,0.03835448519789805,0.039109383956420316,0.0014710665347957808
769,related:ca2b8d4f79b90a82668b79c4,2,C,0,0.043271759528708834,0.04423589810580329,0.0018724451727104036
776,related:75db0a107660bbef0e6b7dad,2,C,0,0.04837690095793933,0.04958622694918008,0.0023403245462942715
797,related:f5554d0b49096d55fc4b7bd9,2,C,0,0.19209700469433047,0.2133132829830232,0.03690125921253362
812,related:c40caa0344c16a2fbd768742,2,C,0,0.03444862134083303,0.03505596396787238,0.0011867075122840966
820,related:9d28040da51445bf9aa59329,2,C,0,0.18122859931448243,0.19995035413241974,0.03284380520948922
822,related:4bac771fa5a71f50f64233dc,2,C,0,0.07752914471319,0.08069949675155985,0.006010768279958757
825,related:290fd1e64445012342f0bbf4,2,C,0,0.03427277756356243,0.03487386307610377,0.0011746232819214283
829,related:e6cb4ce55472eb9a14339504,2,C,0,0.09402617748354794,0.09874486682628174,0.008840922052167658
853,related:671850edd7e2c2b973e519dc,2,C,0,0.026894777710905475,0.02726306051655987,0.0007233290681190179
874,related:8f45a10395afbe7a526aeaf3,2,C,0,0.03448674696823066,0.0350954506083264,0.0011893357164507667
878,related:bcae3b8ca90418a0a261d86f,2,C,0,0.039182249946149064,0.039970534142785466,0.0015352487108424983
881,related:8ba2267b808d4fba4d96adaf,2,C,0,0.24096200618538618,0.27570344511258943,0.05806268842488609
882,related:65879902706fb0e07c28888b,2,C,0,0.12621653765655633,0.1349226887786665,0.0159306143780089
884,related:26f841597c4cdc9b42f538ba,2,C,0,0.28419843918539206,0.3343523001348354,0.08076875283541299
898,related:0d4d35fd85cc9e9ac400462f,2,C,0,0.04189889673240802,0.04280197080985506,0.0017555175473929915
902,related:279344c8f0a5e6d3cdc4ec6a,2,C,0,0.03971396656091634,0.04052408739994258,0.0015771991400015811
915,related:fc6f269339731edc3a43a2d9,2,C,0,0.05323781553796638,0.05470734250535177,0.0028342650032545345
931,related:6f65dd84a96fb04d443f8b3f,2,C,0,0.09511758189031813,0.09995026846384424,0.009047354384661376
936,related:096118edbfed1e5dbe01190b,2,C,0,0.11970174534405363,0.12749450318684752,0.014328507838412665
959,related:26591d8f948d86b48deec83c,2,C,0,0.025622563575231763,0.025956538673139445,0.0006565157641667935
978,related:0d39e3ebba0bfb2846bb93ed,2,C,0,0.04850058241978414,0.049716204353092534,0.002352306495058274
986,related:bcae3b8ca90418a0a261d86f,2,C,0,0.06247916312368727,0.06451629538316485,0.0039036458246363235
994,related:8911a92d346455e0353e2b28,2,C,0,0.04023276337416504,0.04106448576696973,0.0016186752487215557
1002,related:ca2b8d4f79b90a82668b79c4,2,C,1,0.20781545851726616,1.5711048117592388,0.6275563477642093
1016,related:3db9a2434e2ef83b26a98179,2,C,0,0.04303623974350907,0.043989756316738717,0.0018521179312607897
1023,related:780c280678bb1e75278bbb52,2,C,0,0.03762422929214298,0.03835029054480305,0.0014155826298277497
1041,related:279344c8f0a5e6d3cdc4ec6a,2,C,0,0.047244815605163235,0.04839729773697738,0.0022320726015658755
1053,related:279344c8f0a5e6d3cdc4ec6a,2,C,0,0.46065900247861347,0.6174072596481303,0.2122067165645912
1060,related:b5fae59cae16dcb1a71cc89f,2,C,1,0.28410584270384137,1.2584084246740446,0.512504444450777
1070,related:017b02a04f83d4a184fa826a,2,C,0,0.025808047296014356,0.026146918058526182,0.0006660553052333139
1078,related:b29a357fc441619574364329,2,C,0,0.15826011836584436,0.1722842416438452,0.025046265065171068
1091,related:9f9824c1d65da88f67a3bb5c,2,C,1,0.03514745758426693,3.34820299380326,0.9309404286061039
1101,related:1317cdf24da525c3bf5b160e,2,C,0,0.048973033226694274,0.05021286061027459,0.0023983579834229015
1107,related:671850edd7e2c2b973e519dc,2,C,0,0.15068901428019044,0.16332986325120716,0.022707179024735437
1120,related:6e41510b33bb21686a9f6b7f,2,C,0,0.30753774769714826,0.3675015517162913,0.09457946625863482
1145,related:7c5457fdfe9ed90bf7b6cff6,2,C,0,0.1218387912641237,0.12992509316251338,0.014844691056702705
1148,related:5b1c86d6d70266026e88ac33,2,C,0,0.03938371515781577,0.04018023711332324,0.0015510770196319674
1163,related:c40caa0344c16a2fbd768742,2,C,0,0.12026350855332431,0.1281328578893226,0.014463311489555509
1176,related:4a80bc062537c8291f767653,2,C,0,0.1949220511148053,0.21681617533809863,0.03799460601080277
1184,related:b5fae59cae16dcb1a71cc89f,2,C,0,0.16359130835480604,0.17863791974899568,0.02676211616923723
1198,related:7c5457fdfe9ed90bf7b6cff6,2,C,0,0.028115160555032163,0.02851795947803908,0.0007904622530352364
1209,related:c76bdefaed8f8c22aa865472,2,C,0,0.029694369860813044,0.030144174495093712,0.0008817556014307621
1215,related:1317cdf24da525c3bf5b160e,2,C,0,0.02771051470391777,0.02810169448388913,0.0007678726251560429
1228,related:4b491fd08bcb7621b1a0a11b,2,C,0,0.08480472810982509,0.08861782457386574,0.007191841909781358
1234,related:e5a0e5aa51f311d3ef47cf72,2,C,1,0.22784452100674915,1.4790918080535806,0.5962240837392967
1242,related:780c280678bb1e75278bbb52,2,C,0,0.265489033654005,0.3085503531243247,0.0704844269905374
1253,related:946a90d4a18792b34e0c1796,2,C,0,0.2224649244552867,0.25162652270553076,0.04949064261289642
1258,related:75db0a107660bbef0e6b7dad,2,C,1,0.4556258618889185,0.7860832845580824,0.2963432022441828
1268,related:8911a92d346455e0353e2b28,2,C,0,0.04657158793963862,0.04769093587889758,0.0021689128032194934
1274,related:9f9824c1d65da88f67a3bb5c,2,C,0,0.028242954560787244,0.028649459017057195,0.000797664482322693
1276,related:5b1c86d6d70266026e88ac33,2,C,0,0.030182430097311835,0.03064729743778469,0.0009109790865791153
1288,related:4a80bc062537c8291f767653,2,C,0,0.1182095283292036,0.12580081166125215,0.013973492587812789
1299,related:5b1c86d6d70266026e88ac33,2,C,0,0.056724480501361245,0.0583968656416327,0.003217666688149312
1307,related:096118edbfed1e5dbe01190b,2,C,0,0.24394379885695136,0.27963956542938734,0.059508577000760746
1311,related:3006cd744b773e311695e33c,2,C,0,0.2568079376809368,0.2968007719498467,0.06595031685593591
1321,related:4bac771fa5a71f50f64233dc,2,C,0,0.10384184321261071,0.10963836731237779,0.010783128401792425
1322,related:7bfe538e7eb5497f287a4eb7,2,C,0,0.19602127060613006,0.21818246613090994,0.038424338530041666
1324,related:780c280678bb1e75278bbb52,2,C,0,0.03928339454751251,0.040075808972940885,0.0015431850871755353
1325,related:c40caa0344c16a2fbd768742,2,C,1,0.3046299556145663,1.1886574992509384,0.4835394986286
1335,related:65879902706fb0e07c28888b,2,C,0,0.11452941675159167,0.12163604280975371,0.013116987301459767
1342,related:017b02a04f83d4a184fa826a,2,C,0,0.22338657576232607,0.2528125759240111,0.049901562230817445
1346,related:df21e94edb324c92c6722e96,2,C,0,0.03523760338382591,0.0358734290836841,0.0012416886922358191
1393,related:26591d8f948d86b48deec83c,2,C,0,0.23950589500080136,0.273786918793176,0.057363073740134884
1399,related:ca2b8d4f79b90a82668b79c4,2,C,0,0.04324121822593114,0.044203975963217304,0.0018698029536625995
1412,related:78edb20c7a302a5f927dfeb6,2,C,0,0.6969374548814812,1.193816075241283,0.48572181601667663
1418,related:59c5eac036fb4776436e2c76,2,C,1,0.2339836266803984,1.4525041375238408,0.5867810841937152
1432,related:2a7b1455725ed7fefe9339cc,2,C,1,0.24456021087019203,1.40829373915675,0.5706892750004886
1446,related:9f9824c1d65da88f67a3bb5c,2,C,0,0.03806075353232921,0.03880398367069751,0.0014486209594487104
1451,related:6f65dd84a96fb04d443f8b3f,2,C,0,0.0708407906381004,0.07347517771293194,0.005018417618231174
1467,related:f7d4647662695bf2c380db7f,2,C,0,0.030169941482414295,0.030634420238117348,0.0009102253690523029
1470,related:6e41510b33bb21686a9f6b7f,2,C,0,0.09425105708460385,0.09899311628972234,0.008883261761565254
1488,related:bcae3b8ca90418a0a261d86f,2,C,1,0.45389396345265587,0.7898916688973011,0.29823180315344916
1490,related:3db9a2434e2ef83b26a98179,2,C,0,0.03332823814695923,0.03389628080711649,0.0011107714579804285
1491,related:290fd1e64445012342f0bbf4,2,C,0,0.13655708826927168,0.1468274962263049,0.018647838356581656
1549,related:6f65dd84a96fb04d443f8b3f,2,C,0,0.03213443257778134,0.032662077979751555,0.0010326217570959747
1565,related:77175a3431b0416d505e03c4,2,C,1,0.29739978853734655,1.2126779559941745,0.4936470571473654
1574,related:e6cb4ce55472eb9a14339504,2,C,0,0.04101802350758059,0.04188299833952276,0.0016824782524684338
1587,related:48a119f7179531033ec67d4d,2,C,0,0.03523760338382591,0.0358734290836841,0.0012416886922358191
1600,related:780c280678bb1e75278bbb52,2,C,1,0.258586826933468,1.352523753874314,0.5496934931965833
1605,related:f7d4647662695bf2c380db7f,2,C,1,0.15183672321107752,1.8849495248915968,0.7193809440933223
1612,related:95fcc4fff6fdd82340c8b4c6,2,C,0,0.043213257853883816,0.0441747523344091,0.0018673856543462513
1613,related:95fcc4fff6fdd82340c8b4c6,2,C,1,0.3301888254258455,1.1080905899044766,0.4486470095844085
1618,related:70189664b9b2f83c2a67db11,2,C,0,0.040130370366454816,0.04095780620730193,0.0016104466257488349
1632,related:017b02a04f83d4a184fa826a,2,C,0,0.17261694057223348,0.18948749962930075,0.029796608172517985
1656,related:e563b3aac90606162da823c6,2,C,0,0.08606098139269631,0.08999142900184172,0.0074064925182740216
1657,related:48a119f7179531033ec67d4d,2,C,1,0.04953604011355014,3.0050547912293877,0.9033817390430309
1662,related:78451bb48bdef25472075f23,2,C,0,0.03213443257778134,0.032662077979751555,0.0010326217570959747
1674,related:290fd1e64445012342f0bbf4,2,C,1,0.3722313368838488,0.9882397446484111,0.39409349439063973
1679,related:9f9824c1d65da88f67a3bb5c,2,C,0,0.05658107434624197,0.058244847220458085,0.003201417974174961
1701,related:df21e94edb324c92c6722e96,2,C,0,0.0693913564747237,0.07191645149385899,0.00481516035340218
1728,related:4b491fd08bcb7621b1a0a11b,2,C,0,0.04457103886003372,0.04559486538128493,0.0019865775050626356
1742,related:3db9a2434e2ef83b26a98179,2,C,0,0.43001156572533017,0.5621392091055945,0.18490994665754995
1756,related:87faf1d1783e61a44514bf10,2,C,0,0.045786195615030834,0.046867519032475526,0.002096375708897869
1757,related:279344c8f0a5e6d3cdc4ec6a,2,C,0,0.08145257617706805,0.08496174384390275,0.006634522165881074
1768,related:48a119f7179531033ec67d4d,2,C,0,0.6237065803551056,0.9773860685276873,0.38900989837825983
1779,related:7bfe538e7eb5497f287a4eb7,2,C,0,0.1502676240482064,0.1628338308954353,0.022580358837093098
1782,related:33103ccda91c06a4f01ef88f,2,C,0,0.06797054137869842,0.07039085683329704,0.004619994495313353
1790,related:f7d4647662695bf2c380db7f,2,C,0,0.0381580758173379,0.03890516179487971,0.0014560387500817072
1794,related:87faf1d1783e61a44514bf10,2,C,0,0.03523760338382591,0.0358734290836841,0.0012416886922358191
1795,related:95fcc4fff6fdd82340c8b4c6,2,C,0,0.06115834491728218,0.06310844542855854,0.0037403431530212547
1800,related:b29a357fc441619574364329,2,C,0,0.0591818098735271,0.06100536728141351,0.00350248661990631
1832,related:e5a0e5aa51f311d3ef47cf72,2,C,0,0.04033650591405593,0.04117258296301016,0.001627033709354669
1843,related:6bf113c6436d9e2a5b2f625b,2,C,0,0.0296606446115718,0.030109417752365204,0.0008797538387739633
1845,related:78451bb48bdef25472075f23,2,C,0,0.023515042402838724,0.0237959331904414,0.0005529572192073032
1853,related:76a4e9adb0dfe79cd0dd5a19,2,C,0,0.04101802350758059,0.04188299833952276,0.0016824782524684338
1854,related:b5fae59cae16dcb1a71cc89f,2,C,0,0.027769084130709987,0.028161934969692094,0.0007711220334584493
1872,related:9f9824c1d65da88f67a3bb5c,2,C,0,0.42199269035544773,0.5481687639458631,0.17807783071342878
1875,related:fc6f269339731edc3a43a2d9,2,C,1,0.34207795818708886,1.072716619980246,0.43286141310327
1883,related:4bac771fa5a71f50f64233dc,2,C,0,0.03618634020704449,0.036857302026208336,0.0013094512175799646
1919,related:4bac771fa5a71f50f64233dc,2,C,0,0.026509879046425516,0.02686760218893969,0.0007027736870561106
1924,related:bcae3b8ca90418a0a261d86f,2,C,0,0.0749226470207087,0.07787792012359702,0.005613403036589709
1944,related:f5554d0b49096d55fc4b7bd9,2,C,0,0.037159636942781016,0.037867651374860235,0.0013808386177192955
1948,related:c76bdefaed8f8c22aa865472,2,C,0,0.03574456760708218,0.0363990481083549,0.0012776741134172688
1952,related:671850edd7e2c2b973e519dc,2,C,1,0.11401589335165803,2.171417424939639,0.7849678372334605
1991,related:2180ef2d2c00481401b48665,2,C,0,0.2937142497124302,0.34773537792642406,0.08626806048413581
1994,related:33103ccda91c06a4f01ef88f,2,C,0,0.05427368172898522,0.05580205594003964,0.0029456325284191835
2000,related:9f9824c1d65da88f67a3bb5c,2,C,0,0.023515042402838724,0.0237959331904414,0.0005529572192073032
2008,related:86b116086e7fe4dea3987669,2,C,0,0.03514745758426693,0.03577999510594996,0.001235343774637843
2063,related:78451bb48bdef25472075f23,2,C,0,0.11032943851560445,0.11690404041596968,0.012172585003168543
2084,related:2180ef2d2c00481401b48665,2,C,0,0.31655151309636426,0.3806039922953036,0.10020486044359767
2088,related:c400b070ce6d15a1ce26d2da,2,C,0,0.06848357698125082,0.07094145837261844,0.004690000316146907
2093,related:ca2b8d4f79b90a82668b79c4,2,C,1,0.3923688475203867,0.9355529440439112,0.36921561746370307
2096,related:7bfe538e7eb5497f287a4eb7,2,C,0,0.026509879046425516,0.02686760218893969,0.0007027736870561106
2098,related:70189664b9b2f83c2a67db11,2,C,0,0.07104169572073503,0.0736914235444712,0.005046922530877501
2107,related:76a4e9adb0dfe79cd0dd5a19,2,C,0,0.11167945862849789,0.11842263111101552,0.012472301479554372
2108,related:0d4d35fd85cc9e9ac400462f,2,C,0,0.04459741504296611,0.045622472401891094,0.00198892942851458
2112,related:b5fae59cae16dcb1a71cc89f,2,C,0,0.04461181114174222,0.04563754061236565,0.0019902136933464755
2115,related:65879902706fb0e07c28888b,2,C,1,0.5644489307923002,0.571905367523341,0.18970473388797052
2119,related:76a4e9adb0dfe79cd0dd5a19,2,C,0,0.031447411912368474,0.03195249911912741,0.0009889397159861745
2121,related:87faf1d1783e61a44514bf10,2,C,0,0.033632248695218955,0.03421082228306338,0.001131128152297057
2123,related:e563b3aac90606162da823c6,2,C,0,0.036093858125532514,0.03676135231245547,0.0013027665943860696
2135,related:76a4e9adb0dfe79cd0dd5a19,2,C,0,0.13775341099520746,0.1482139830967081,0.018976002240814544
2146,related:8f45a10395afbe7a526aeaf3,2,C,0,0.09723625405646809,0.10229439219606812,0.009454889102934006
2169,related:63a8cecee06327beb6ca78ef,2,C,0,0.0423574366726831,0.04328067780706699,0.0017941524414803592
2183,related:33103ccda91c06a4f01ef88f,2,C,0,0.03938371515781578,0.04018023711332324,0.0015510770196319685
2224,related:501bb9677ba38385cf883039,2,C,0,0.027769084130709987,0.028161934969692094,0.0007711220334584493
2226,related:c40caa0344c16a2fbd768742,2,C,0,0.03523760338382591,0.0358734290836841,0.0012416886922358191
2228,related:0d39e3ebba0bfb2846bb93ed,2,C,0,0.7094793746239739,1.236080705637282,0.5033609830168251
2246,related:8ba2267b808d4fba4d96adaf,2,C,0,0.08927000025472846,0.09350880353742376,0.00796913294547922
2259,related:2180ef2d2c00481401b48665,2,C,0,0.04033650591405593,0.04117258296301016,0.001627033709354669
2283,related:501bb9677ba38385cf883039,2,C,1,0.13561944467935613,1.9979025164158732,0.7471537444164246
2288,related:8ba2267b808d4fba4d96adaf,2,C,0,0.10843485656189167,0.11477677262885475,0.011758118117598021
2304,related:b29a357fc441619574364329,2,C,1,0.11640342860896316,2.150693288715138,0.7807429009739957
2307,related:f5554d0b49096d55fc4b7bd9,2,C,0,0.030165792379683757,0.030630142072248193,0.0009099750298941867
2310,related:501bb9677ba38385cf883039,2,C,1,0.1778464823309141,1.7268345596367258,0.675936406615652
2328,related:9f9824c1d65da88f67a3bb5c,2,C,0,0.037159636942781016,0.037867651374860235,0.0013808386177192955
2348,related:4b491fd08bcb7621b1a0a11b,2,C,1,0.3199750006272012,1.1395124092801248,0.462433999771975
2360,related:fc6f269339731edc3a43a2d9,2,C,0,0.40650744926358684,0.5217306164241357,0.16524830630678763
2364,related:86b116086e7fe4dea3987669,2,C,0,0.4354878654978281,0.571793399605437,0.1896496809958544
2377,related:26f841597c4cdc9b42f538ba,2,C,0,0.038904483772264735,0.03968148241429026,0.00151355885758641
2389,related:3db9a2434e2ef83b26a98179,2,C,0,0.23848281675805957,0.272442541908807,0.05687405388885822
2390,related:6bf113c6436d9e2a5b2f625b,2,C,0,0.05433146433860799,0.055863156465422475,0.002951908017177432
2,related:77175a3431b0416d505e03c4,2,D,0,0.06796859135598168,0.07038876460256467,0.004619729410916428
5,related:9f9824c1d65da88f67a3bb5c,2,D,0,0.4720522662512632,0.638757989287862,0.22283334207295347
7,related:26f841597c4cdc9b42f538ba,2,D,0,0.043068441978718945,0.044023407305803106,0.0018548906944742803
14,related:096118edbfed1e5dbe01190b,2,D,0,0.024935091251331407,0.02525123712462121,0.0006217587757122241
27,related:70189664b9b2f83c2a67db11,2,D,0,0.027903052867050294,0.028299739646672293,0.0007785803593014036
37,related:017b02a04f83d4a184fa826a,2,D,0,0.03452814652793964,0.035138329820160775,0.0011921929026548702
43,related:6bf113c6436d9e2a5b2f625b,2,D,0,0.03695994358834329,0.03766027260602843,0.0013660374300535185
44,related:e5a0e5aa51f311d3ef47cf72,2,D,1,0.17095471332026918,1.7663565919386863,0.6873160873658771
45,related:95fcc4fff6fdd82340c8b4c6,2,D,0,0.07944877862435182,0.08278263469076438,0.006312108424901262
49,related:c400b070ce6d15a1ce26d2da,2,D,0,0.05557574319812891,0.05717978921936049,0.003088663232024372
50,related:8ba2267b808d4fba4d96adaf,2,D,0,0.31519258720835347,0.3786176294590351,0.0993463670310955
62,related:7bfe538e7eb5497f287a4eb7,2,D,0,0.03883097091749655,0.03960499673495607,0.001507844302395463
64,related:33103ccda91c06a4f01ef88f,2,D,0,0.025789214607867702,0.02612758664641195,0.0006650835900906569
97,related:78edb20c7a302a5f927dfeb6,2,D,0,0.03622461506203195,0.03689701469743065,0.001312222736392392
109,related:87faf1d1783e61a44514bf10,2,D,0,0.02054726217288895,0.020761294086726754,0.0004221899828014331
110,related:8911a92d346455e0353e2b28,2,D,1,0.6938346593615847,0.36552158985453786,0.09373721580823687
112,related:48a119f7179531033ec67d4d,2,D,0,0.03120868226852883,0.03170604866257098,0.0009739818489379857
115,related:1317cdf24da525c3bf5b160e,2,D,0,0.11563321870086475,0.12288339142437671,0.013371041267122017
120,related:5b1c86d6d70266026e88ac33,2,D,0,0.03525627416356138,0.03589278199427487,0.0012430048678962055
126,related:6bf113c6436d9e2a5b2f625b,2,D,0,0.06670917742089465,0.06903841976093118,0.0044501143521724
142,related:f7d4647662695bf2c380db7f,2,D,0,0.1925919968899352,0.2139261584126887,0.03709167726605281
147,related:2180ef2d2c00481401b48665,2,D,0,0.023619858791434543,0.02390327945697111,0.0005578977293273077
158,related:65879902706fb0e07c28888b,2,D,0,0.03888886089332667,0.03966522726410121,0.0015123435015805121
160,related:096118edbfed1e5dbe01190b,2,D,0,0.03955058113580417,0.04035395941557041,0.0015642484681798285
164,related:f5554d0b49096d55fc4b7bd9,2,D,0,0.21304771591435584,0.23958766253541408,0.04538932925632407
170,related:77175a3431b0416d505e03c4,2,D,0,0.3340268933786374,0.40650598970546475,0.11157396550018359
173,related:26f841597c4cdc9b42f538ba,2,D,0,0.33790514258920284,0.4123464441698601,0.11417988538822951
175,related:78edb20c7a302a5f927dfeb6,2,D,0,0.05806940435477779,0.05982368477910583,0.0033720557221186857
181,related:0d39e3ebba0bfb2846bb93ed,2,D,0,0.13567714723969782,0.14580890779986622,0.01840828828310264
200,related:4a80bc062537c8291f767653,2,D,0,0.07301840883193723,0.07582157211609372,0.005331688028347929
202,related:9d28040da51445bf9aa59329,2,D,0,0.11120109036579431,0.1178842674416663,0.012365682498541553
204,related:e6cb4ce55472eb9a14339504,2,D,0,0.024940430955275546,0.025256713394474682,0.0006220250962348667
215,related:70189664b9b2f83c2a67db11,2,D,0,0.026721400744038806,0.027084907610225577,0.0007140332577235176
219,related:75db0a107660bbef0e6b7dad,2,D,0,0.037471289875050155,0.03819138456381798,0.0014040975649000362
223,related:c76bdefaed8f8c22aa865472,2,D,1,0.09760377656445181,2.326839092003788,0.8143189440707398
227,related:0d4d35fd85cc9e9ac400462f,2,D,0,0.1143239748790812,0.12140405538142782,0.01306997123215279
233,related:b29a357fc441619574364329,2,D,0,0.6095945243460137,0.9405693987885209,0.37160548411264266
247,related:0d39e3ebba0bfb2846bb93ed,2,D,0,0.16100525188947235,0.1755508322359202,0.025922691135992437
261,related:1317cdf24da525c3bf5b160e,2,D,0,0.20662587798064821,0.23146038799628946,0.04269425345127373
263,related:63a8cecee06327beb6ca78ef,2,D,0,0.47052525063311007,0.6358698027701405,0.22139401148335106
288,related:946a90d4a18792b34e0c1796,2,D,1,0.3603387434759186,1.0207107358520071,0.4091665230979666
297,related:6e41510b33bb21686a9f6b7f,2,D,0,0.02953644178528796,0.02998142657347434,0.0008724013933357046
299,related:946a90d4a18792b34e0c1796,2,D,0,0.05958340117210178,0.06143231165543095,0.0035501816952356194
317,related:e6cb4ce55472eb9a14339504,2,D,0,0.10616514804431045,0.11223425022924392,0.011271038659270354
323,related:78edb20c7a302a5f927dfeb6,2,D,1,0.0410864460295693,3.1920769921718803,0.919515203988202
337,related:df21e94edb324c92c6722e96,2,D,0,0.478757832342139,0.6515405320580645,0.22920906202894364
358,related:e5a0e5aa51f311d3ef47cf72,2,D,0,0.03089981181932883,0.031387279060791855,0.0009547983704699337
373,related:75db0a107660bbef0e6b7dad,2,D,1,0.026925024575916407,3.614699143185546,0.9468749077965809
387,related:4a80bc062537c8291f767653,2,D,0,0.09574230683585973,0.1006409004016139,0.009166589318251912
395,related:c400b070ce6d15a1ce26d2da,2,D,1,0.2714874398418462,1.3038394027709181,0.5307305503081876
406,related:df21e94edb324c92c6722e96,2,D,0,0.055233239504499626,0.056817196242529795,0.003050710746161418
421,related:78451bb48bdef25472075f23,2,D,0,0.06405562276127152,0.0661992302973408,0.004103122807334327
433,related:2a7b1455725ed7fefe9339cc,2,D,0,0.12407264267023452,0.13247211690689073,0.0153940206591757
454,related:c400b070ce6d15a1ce26d2da,2,D,1,0.4560060476907868,0.7852492070759013,0.29592942014899853
471,related:26591d8f948d86b48deec83c,2,D,0,0.12687881579685154,0.13568091925602419,0.016098233898011384
475,related:2a7b1455725ed7fefe9339cc,2,D,0,0.0250886696261437,0.025408755326175172,0.0006294413436097855
478,related:59c5eac036fb4776436e2c76,2,D,0,0.12121792330006059,0.12921833387773293,0.014693784929179372
482,related:9d28040da51445bf9aa59329,2,D,0,0.044897921141192364,0.04593705535622352,0.0020158233228007283
500,related:8f45a10395afbe7a526aeaf3,2,D,0,0.10013316048976097,0.10550848270414417,0.010026649829668227
503,related:59c5eac036fb4776436e2c76,2,D,0,0.2474458058709136,0.2842822661761392,0.061229426843105866
504,related:8f45a10395afbe7a526aeaf3,2,D,0,0.020836578367792513,0.021056723281069455,0.00043416299807715893
506,related:2a7b1455725ed7fefe9339cc,2,D,0,0.036131057261711584,0.03679994513013486,0.0013054532988490814
507,related:c76bdefaed8f8c22aa865472,2,D,0,0.1029583735930418,0.1086530117492882,0.010600426692924367
526,related:4b491fd08bcb7621b1a0a11b,2,D,0,0.23235921041501428,0.2644333771450189,0.053990802664688885
532,related:86b116086e7fe4dea3987669,2,D,0,0.021592141612806915,0.02182866276572136,0.00046622057942750803
548,related:6f65dd84a96fb04d443f8b3f,2,D,0,0.014364085412607292,0.014468247553270126,0.0002063269497406776
569,related:e563b3aac90606162da823c6,2,D,0,0.023882694859049775,0.024172510097650604,0.0005703831137304825
586,related:26591d8f948d86b48deec83c,2,D,0,0.032564268154805044,0.03310628331796352,0.00106043156045805
606,related:0d4d35fd85cc9e9ac400462f,2,D,0,0.03319302790261106,0.03375641865896407,0.0011017771013435164
609,related:671850edd7e2c2b973e519dc,2,D,0,0.04109826571736542,0.04196667620735267,0.0016890674449751737
632,related:8911a92d346455e0353e2b28,2,D,0,0.0513093242506456,0.052672481081743106,0.0026326467550578884
640,related:6e41510b33bb21686a9f6b7f,2,D,0,0.04106240979422151,0.041929284208252156,0.0016861214981085785
649,related:7c5457fdfe9ed90bf7b6cff6,2,D,0,0.14695100436162764,0.15893829393912023,0.021594597682891105
651,related:9d28040da51445bf9aa59329,2,D,0,0.033345021317441104,0.033913642766820816,0.0011118904466606017
665,related:3006cd744b773e311695e33c,2,D,0,0.04064985631759258,0.04149915740745857,0.0016524108186409215
673,related:77175a3431b0416d505e03c4,2,D,0,0.03836784973815132,0.039123281627563934,0.0014720918935293584
679,related:e563b3aac90606162da823c6,2,D,0,0.026547465314305834,0.02690621274357119,0.0007047679146142714
684,related:fc6f269339731edc3a43a2d9,2,D,0,0.04035723507377703,0.04119418364255221,0.001628706422800099
703,related:59c5eac036fb4776436e2c76,2,D,0,0.17190458383100055,0.18862689431705953,0.029551185942109495
718,related:63a8cecee06327beb6ca78ef,2,D,0,0.03369485254697142,0.03427560701907807,0.0011353430881621462
720,related:501bb9677ba38385cf883039,2,D,0,0.03625478975194963,0.03692832402817963,0.001314409779958072
722,related:63a8cecee06327beb6ca78ef,2,D,1,0.3071388433483014,1.1804553751694522,0.4800565823967297
724,related:86b116086e7fe4dea3987669,2,D,0,0.04651461169680122,0.04763117833469869,0.0021636091013041967
731,related:946a90d4a18792b34e0c1796,2,D,0,0.044427484004669344,0.04544462493683518,0.0019738013349851506
739,related:290fd1e64445012342f0bbf4,2,D,0,0.04166887246863335,0.042561916127844907,0.0017362949328072303
751,related:3006cd744b773e311695e33c,2,D,0,0.03015553422571171,0.030619564903861654,0.0009093562444380704
752,related:3006cd744b773e311695e33c,2,D,0,0.2120927847326648,0.23837494317966565,0.04498334933565649
755,related:7c5457fdfe9ed90bf7b6cff6,2,D,0,0.03604082087150701,0.036706330570572286,0.001298940769092055
769,related:ca2b8d4f79b90a82668b79c4,2,D,0,0.04615785456130217,0.04725708722203101,0.0021305475377023236
776,related:75db0a107660bbef0e6b7dad,2,D,0,0.04556391059301135,0.04663459520108301,0.002076069948527932
797,related:f5554d0b49096d55fc4b7bd9,2,D,0,0.19431476400985673,0.21606213881749187,0.03775822751220631
812,related:c40caa0344c16a2fbd768742,2,D,0,0.03589230080246353,0.036552269452665175,0.001288257256894524
820,related:9d28040da51445bf9aa59329,2,D,0,0.1456636971256685,0.15743036543462982,0.02121791266031849
822,related:4bac771fa5a71f50f64233dc,2,D,0,0.08680553707575897,0.09080642772175038,0.0075352012670109655
825,related:290fd1e64445012342f0bbf4,2,D,0,0.034723070195042616,0.03534024492113456,0.0012056916037698569
829,related:e6cb4ce55472eb9a14339504,2,D,0,0.08017058349363024,0.08356704297178111,0.006427322457709137
853,related:671850edd7e2c2b973e519dc,2,D,0,0.030491859941718442,0.030966408194109032,0.0009297535227053738
874,related:8f45a10395afbe7a526aeaf3,2,D,0,0.027487594815756015,0.027872447597376775,0.000755567868755177
878,related:bcae3b8ca90418a0a261d86f,2,D,0,0.04558835442894409,0.0466602062914661,0.0020782980595390266
881,related:8ba2267b808d4fba4d96adaf,2,D,0,0.2907970457708856,0.3436135392110727,0.08456292182907454
882,related:65879902706fb0e07c28888b,2,D,0,0.1339831858686775,0.14385095475215662,0.01795149409552058
884,related:26f841597c4cdc9b42f538ba,2,D,0,0.2895821380300937,0.3419019440815508,0.08385781466608024
898,related:0d4d35fd85cc9e9ac400462f,2,D,0,0.03499048499151208,0.03561731757933906,0.0012243340399412323
902,related:279344c8f0a5e6d3cdc4ec6a,2,D,0,0.04295242478579689,0.043902175897320546,0.001844910794979539
915,related:fc6f269339731edc3a43a2d9,2,D,0,0.05060104001538934,0.05192616831042074,0.0025604652506390334
931,related:6f65dd84a96fb04d443f8b3f,2,D,0,0.06029285052893773,0.06218699537361693,0.0036352278249048267
936,related:096118edbfed1e5dbe01190b,2,D,0,0.123389830198416,0.13169288964836093,0.015225050196393933
959,related:26591d8f948d86b48deec83c,2,D,0,0.022586419964667395,0.022845400201952543,0.0005101463668203259
978,related:0d39e3ebba0bfb2846bb93ed,2,D,0,0.05723779985854618,0.05894120191286873,0.003276165732646989
986,related:bcae3b8ca90418a0a261d86f,2,D,0,0.07073181209103185,0.0733578973205383,0.00500298924168104
994,related:8911a92d346455e0353e2b28,2,D,0,0.04046067947429021,0.041301984149234146,0.001637066583521249
1002,related:ca2b8d4f79b90a82668b79c4,2,D,1,0.23049067759769343,1.4675448616249587,0.5921445972640571
1016,related:3db9a2434e2ef83b26a98179,2,D,0,0.04454099962032805,0.045563425296556714,0.0019839006471780636
1023,related:780c280678bb1e75278bbb52,2,D,0,0.030173764516966756,0.030638362209243177,0.000910456065125362
1041,related:279344c8f0a5e6d3cdc4ec6a,2,D,0,0.05191660625749614,0.0533128125132702,0.002695334005295887
1053,related:279344c8f0a5e6d3cdc4ec6a,2,D,0,0.4782145670797447,0.6504988236483914,0.22868917216726764
1060,related:b5fae59cae16dcb1a71cc89f,2,D,1,0.2824450085916974,1.264271407196728,0.5148851656949692
1070,related:017b02a04f83d4a184fa826a,2,D,0,0.025572101710442816,0.025904751186825285,0.0006539323858892323
1078,related:b29a357fc441619574364329,2,D,0,0.1431043382985901,0.15443911610269015,0.02047885163987732
1091,related:9f9824c1d65da88f67a3bb5c,2,D,1,0.03206099490402568,3.4401150997174867,0.9369059175861846
1101,related:1317cdf24da525c3bf5b160e,2,D,0,0.0347955328395159,0.03541531701933885,0.0012107291055858294
1107,related:671850edd7e2c2b973e519dc,2,D,0,0.16740180072229416,0.18320410699359135,0.028023362885066686
1120,related:6e41510b33bb21686a9f6b7f,2,D,0,0.3355620831142323,0.40881383350690065,0.11260191162396295
1145,related:7c5457fdfe9ed90bf7b6cff6,2,D,0,0.11222384022831804,0.11903564009472344,0.012594190315591053
1148,related:5b1c86d6d70266026e88ac33,2,D,0,0.030637829734788232,0.031116980197371313,0.000938676610857874
1163,related:c40caa0344c16a2fbd768742,2,D,0,0.12783623364761418,0.13677806725640954,0.016342102633207404
1176,related:4a80bc062537c8291f767653,2,D,0,0.2506596915180868,0.28856204820768444,0.06283028095194244
1184,related:b5fae59cae16dcb1a71cc89f,2,D,0,0.16812789678847792,0.1840765720789177,0.028266989678517086
1198,related:7c5457fdfe9ed90bf7b6cff6,2,D,0,0.026703264789537627,0.027066273906016364,0.00071306435042016
1209,related:c76bdefaed8f8c22aa865472,2,D,0,0.02587654271016727,0.026217230507762843,0.000669595462631111
1215,related:1317cdf24da525c3bf5b160e,2,D,0,0.02043217708312656,0.020643801608903032,0.0004174738603562422
1228,related:4b491fd08bcb7621b1a0a11b,2,D,0,0.12215892796886205,0.1302897130856098,0.014922803682501627
1234,related:e5a0e5aa51f311d3ef47cf72,2,D,1,0.22869685484050123,1.4753579303850834,0.5949085417329347
1242,related:780c280678bb1e75278bbb52,2,D,0,0.2158054902155367,0.24309819018837317,0.0465720096071681
1253,related:946a90d4a18792b34e0c1796,2,D,0,0.29247357921737965,0.34598030629964804,0.08554079454022485
1258,related:75db0a107660bbef0e6b7dad,2,D,1,0.4389139256368962,0.8234519542952827,0.31481758284419853
1268,related:8911a92d346455e0353e2b28,2,D,0,0.04529494282676839,0.04635282685880588,0.002051631845680217
1274,related:9f9824c1d65da88f67a3bb5c,2,D,0,0.02085356695064592,0.02107407353114677,0.0004348712545650718
1276,related:5b1c86d6d70266026e88ac33,2,D,0,0.023449032712741787,0.023728336184896306,0.0005498571351632345
1288,related:4a80bc062537c8291f767653,2,D,0,0.1482466846642436,0.16045833006735508,0.021977079513939676
1299,related:5b1c86d6d70266026e88ac33,2,D,0,0.04426503450736954,0.0452746371151326,0.001959393279938616
1307,related:096118edbfed1e5dbe01190b,2,D,0,0.24166856052019817,0.27663473365758673,0.058403693143904686
1311,related:3006cd744b773e311695e33c,2,D,0,0.2683814343355347,0.3124959859907124,0.07202859429599892
1321,related:4bac771fa5a71f50f64233dc,2,D,0,0.11468319932941376,0.12180973116963836,0.013152236208430049
1322,related:7bfe538e7eb5497f287a4eb7,2,D,0,0.19969487732140465,0.22276222068173385,0.03987804402841085
1324,related:780c280678bb1e75278bbb52,2,D,0,0.03274307417326375,0.033291125099689116,0.0010721089063158514
1325,related:c40caa0344c16a2fbd768742,2,D,1,0.3200937405476283,1.1391413868753397,0.4622725216425158
1335,related:65879902706fb0e07c28888b,2,D,0,0.11805596501666459,0.12562667738838093,0.013937210876015932
1342,related:017b02a04f83d4a184fa826a,2,D,0,0.21021571160618407,0.23599542347279226,0.04419064540609435
1346,related:df21e94edb324c92c6722e96,2,D,0,0.0348670722132819,0.035489438127893284,0.0012157127247262147
1393,related:26591d8f948d86b48deec83c,2,D,0,0.19741903861091734,0.2199225426005168,0.03897427680605887
1399,related:ca2b8d4f79b90a82668b79c4,2,D,0,0.049063176637000765,0.05030765043838966,0.002407195301713538
1412,related:78edb20c7a302a5f927dfeb6,2,D,0,0.7000226726309374,1.2040483826183612,0.49003174219736056
1418,related:59c5eac036fb4776436e2c76,2,D,1,0.2827843192249445,1.2630707947822357,0.5143983327496263
1432,related:2a7b1455725ed7fefe9339cc,2,D,1,0.21056646583280092,1.5579539235241018,0.6232053048677143
1446,related:9f9824c1d65da88f67a3bb5c,2,D,0,0.02783075586733897,0.028225370200688563,0.0007745509721474225
1451,related:6f65dd84a96fb04d443f8b3f,2,D,0,0.044965102917456194,0.04600739772133934,0.0020218604803774274
1467,related:f7d4647662695bf2c380db7f,2,D,0,0.03497425625944212,0.03560050054763274,0.0012231986009011266
1470,related:6e41510b33bb21686a9f6b7f,2,D,0,0.10209499365207282,0.10769099985233319,0.01042338772881679
1488,related:bcae3b8ca90418a0a261d86f,2,D,1,0.48757833616805557,0.7183043118779235,0.26257596156429824
1490,related:3db9a2434e2ef83b26a98179,2,D,0,0.03431949455396229,0.034922239179952394,0.0011778277064394473
1491,related:290fd1e64445012342f0bbf4,2,D,0,0.13402659038028106,0.14390107571821917,0.01796312692896365
1549,related:6f65dd84a96fb04d443f8b3f,2,D,0,0.019473223663277306,0.019665324859133592,0.0003792064398400232
1565,related:77175a3431b0416d505e03c4,2,D,1,0.34703716701627507,1.0583233952141082,0.4263604612581319
1574,related:e6cb4ce55472eb9a14339504,2,D,0,0.033682894673933914,0.03426323225414872,0.0011345373936153256
1587,related:48a119f7179531033ec67d4d,2,D,0,0.029400518000672157,0.02984137570235685,0.0008643904587078476
1600,related:780c280678bb1e75278bbb52,2,D,1,0.22270194708877777,1.5019209616552047,0.6041922630595772
1605,related:f7d4647662695bf2c380db7f,2,D,1,0.16692532989189973,1.7902086929520056,0.69401340597572
1612,related:95fcc4fff6fdd82340c8b4c6,2,D,0,0.060334031452809606,0.06223081948015929,0.0036401953513486188
1613,related:95fcc4fff6fdd82340c8b4c6,2,D,1,0.409249430310243,0.8934304547654768,0.34898623558877245
1618,related:70189664b9b2f83c2a67db11,2,D,0,0.0299012353414697,0.030357393432336847,0.0008940838749459567
1632,related:017b02a04f83d4a184fa826a,2,D,0,0.16340174862166984,0.17841131012882902,0.02670013145261938
1656,related:e563b3aac90606162da823c6,2,D,0,0.05965803577637237,0.06151167814699027,0.0035590812326949254
1657,related:48a119f7179531033ec67d4d,2,D,1,0.041430475597318085,3.183738543419298,0.9188555331135838
1662,related:78451bb48bdef25472075f23,2,D,0,0.02401336227410377,0.0243063835173797,0.0005766415677073502
1674,related:290fd1e64445012342f0bbf4,2,D,1,0.37511032834012314,0.9805350873756847,0.3904871017471887
1679,related:9f9824c1d65da88f67a3bb5c,2,D,0,0.05034807961045426,0.0516597611182329,0.00253492912046064
1701,related:df21e94edb324c92c6722e96,2,D,0,0.06793101846579906,0.07034845251381062,0.004614623269800733
1728,related:4b491fd08bcb7621b1a0a11b,2,D,0,0.07038044273330625,0.07297985473800774,0.0049534067193362005
1742,related:3db9a2434e2ef83b26a98179,2,D,0,0.44377275421197154,0.586578352786867,0.1969342573808789
1756,related:87faf1d1783e61a44514bf10,2,D,0,0.03629145793672444,0.03696637234423932,0.0013170699191730395
1757,related:279344c8f0a5e6d3cdc4ec6a,2,D,0,0.0867097825309351,0.09070157653308229,0.007518586386562058
1768,related:48a119f7179531033ec67d4d,2,D,0,0.5537158950950564,0.8067995232512757,0.30660129248091944
1779,related:7bfe538e7eb5497f287a4eb7,2,D,0,0.15476473269619012,0.1681402675326651,0.02395212248652318
1782,related:33103ccda91c06a4f01ef88f,2,D,0,0.0579612134180022,0.059708830537932724,0.0033595022608871985
1790,related:f7d4647662695bf2c380db7f,2,D,0,0.044468016257630825,0.04548704255761224,0.0019774044698889193
1794,related:87faf1d1783e61a44514bf10,2,D,0,0.027793667551190022,0.028187220867195485,0.0007724879559460731
1795,related:95fcc4fff6fdd82340c8b4c6,2,D,0,0.08273741934186099,0.08636150021459624,0.006845480559350953
1800,related:b29a357fc441619574364329,2,D,0,0.056938181553452885,0.05862344341084406,0.0032419565186139624
1832,related:e5a0e5aa51f311d3ef47cf72,2,D,0,0.04038046586181981,0.041218391681292016,0.001630582023217595
1843,related:6bf113c6436d9e2a5b2f625b,2,D,0,0.02739102509999877,0.02777315331494759,0.0007502682560287625
1845,related:78451bb48bdef25472075f23,2,D,0,0.01773458455089814,0.017893726648797795,0.000314515489192955
1853,related:76a4e9adb0dfe79cd0dd5a19,2,D,0,0.036407067037262375,0.03708634226298292,0.0013254745302557166
1854,related:b5fae59cae16dcb1a71cc89f,2,D,0,0.028815703706416576,0.029239028192325003,0.00083034478009599
1872,related:9f9824c1d65da88f67a3bb5c,2,D,0,0.3949858040421926,0.50250335683351,0.15601378539485736
1875,related:fc6f269339731edc3a43a2d9,2,D,1,0.32752383161421766,1.1161944582666263,0.452224197046823
1883,related:4bac771fa5a71f50f64233dc,2,D,0,0.041281008708725704,0.042157269675056085,0.0017041216800098874
1919,related:4bac771fa5a71f50f64233dc,2,D,0,0.03062894807609641,0.03110781786540088,0.0009381324602482099
1924,related:bcae3b8ca90418a0a261d86f,2,D,0,0.08578082299720417,0.0896849364911191,0.007358349594077673
1944,related:f5554d0b49096d55fc4b7bd9,2,D,0,0.0398999255919252,0.040717755778223695,0.0015920040622411675
1948,related:c76bdefaed8f8c22aa865472,2,D,0,0.03175622132249727,0.0322713859345353,0.0010084575926834305
1952,related:671850edd7e2c2b973e519dc,2,D,1,0.12857015116784445,2.0512806001237056,0.7593899814356335
1991,related:2180ef2d2c00481401b48665,2,D,0,0.21423927007020463,0.24110294774412414,0.04589846484021408
1994,related:33103ccda91c06a4f01ef88f,2,D,0,0.046300060575814754,0.04740618591390726,0.0021436956093241156
2000,related:9f9824c1d65da88f67a3bb5c,2,D,0,0.02223380807642433,0.022484705091330836,0.0004943422215792717
2008,related:86b116086e7fe4dea3987669,2,D,0,0.031144750260103868,0.03164005932321324,0.00096999546876424
2063,related:78451bb48bdef25472075f23,2,D,0,0.08530966626726169,0.08916970406698901,0.007277739158631567
2084,related:2180ef2d2c00481401b48665,2,D,0,0.23433437363554033,0.2670097236501956,0.05491259866716102
2088,related:c400b070ce6d15a1ce26d2da,2,D,0,0.08311273799138927,0.0867707564771284,0.006907727216425321
2093,related:ca2b8d4f79b90a82668b79c4,2,D,1,0.41992097608594764,0.8676887375838795,0.3364916739850797
2096,related:7bfe538e7eb5497f287a4eb7,2,D,0,0.02879212642368027,0.02921475165012794,0.0008289865439971876
2098,related:70189664b9b2f83c2a67db11,2,D,0,0.051700775927806426,0.0530851893231037,0.0026729702315372483
2107,related:76a4e9adb0dfe79cd0dd5a19,2,D,0,0.10153366612782898,0.1070660427179748,0.010309085357357445
2108,related:0d4d35fd85cc9e9ac400462f,2,D,0,0.03906538616678781,0.0398489120423511,0.0015261043963602566
2112,related:b5fae59cae16dcb1a71cc89f,2,D,0,0.04401647737296552,0.0450146018250528,0.0019374502803247854
2115,related:65879902706fb0e07c28888b,2,D,1,0.5922543099326295,0.5238191587512668,0.16625654776851614
2119,related:76a4e9adb0dfe79cd0dd5a19,2,D,0,0.027903554485446604,0.028300255663646905,0.0007786083529222873
2121,related:87faf1d1783e61a44514bf10,2,D,0,0.026890777566234814,0.02725894982394687,0.0007231139181167176
2123,related:e563b3aac90606162da823c6,2,D,0,0.025430338567721693,0.02575927830794563,0.0006467021196689534
2135,related:76a4e9adb0dfe79cd0dd5a19,2,D,0,0.12527859994821794,0.13384984326536656,0.015694727604985633
2146,related:8f45a10395afbe7a526aeaf3,2,D,0,0.08015967190040908,0.08355518041519634,0.0064255729991812335
2169,related:63a8cecee06327beb6ca78ef,2,D,0,0.050899041126249885,0.05224010154828695,0.0025907123875716772
2183,related:33103ccda91c06a4f01ef88f,2,D,0,0.03367070739556072,0.03425062024360558,0.0011337165365174673
2224,related:501bb9677ba38385cf883039,2,D,0,0.02686334288264877,0.02723075741118332,0.0007216391908307562
2226,related:c40caa0344c16a2fbd768742,2,D,0,0.0388606425348365,0.039635867554175204,0.001510149538220344
2228,related:0d39e3ebba0bfb2846bb93ed,2,D,0,0.7377505810908639,1.3384592474979429,0.5442759198999073
2246,related:8ba2267b808d4fba4d96adaf,2,D,0,0.10841675764610632,0.11475647267408919,0.011754193338494553
2259,related:2180ef2d2c00481401b48665,2,D,0,0.029523020225256665,0.02996759661859548,0.0008716087232209141
2283,related:501bb9677ba38385cf883039,2,D,1,0.13190174296352764,2.025698005066209,0.7535945838697612
2288,related:8ba2267b808d4fba4d96adaf,2,D,0,0.13263379636174535,0.14229401117340454,0.017591723937328937
2304,related:b29a357fc441619574364329,2,D,1,0.11567036363101323,2.1570108259863887,0.7820389057605044
2307,related:f5554d0b49096d55fc4b7bd9,2,D,0,0.03199028518095091,0.03251315578582803,0.0010233783459585673
2310,related:501bb9677ba38385cf883039,2,D,1,0.1715415458590421,1.7629297918069622,0.6863434102376256
2328,related:9f9824c1d65da88f67a3bb5c,2,D,0,0.02687874755798661,0.027246587456381793,0.0007224670702859711
2348,related:4b491fd08bcb7621b1a0a11b,2,D,1,0.42036146788860995,0.8666403000110829,0.33598082790824696
2360,related:fc6f269339731edc3a43a2d9,2,D,0,0.3906428240366274,0.49535068735893845,0.15260181597131145
2364,related:86b116086e7fe4dea3987669,2,D,0,0.40057717734403486,0.5117880489886628,0.16046207500891435
2377,related:26f841597c4cdc9b42f538ba,2,D,0,0.04321197995233512,0.04417341671734941,0.0018672752114010122
2389,related:3db9a2434e2ef83b26a98179,2,D,0,0.2358293519859581,0.2689641534821083,0.055615483258116924
2390,related:6bf113c6436d9e2a5b2f625b,2,D,0,0.04983676865106586,0.05112148667477868,0.002483703509579861
53,related:944db2c0ff77d8baebb4ef3a,3,A,0,0.08576917235193561,0.08967219275162493,0.0073563509259360355
61,related:bd0b2dc5c740dab1492d84e7,3,A,0,0.04187083420696709,0.042772681505854435,0.0017531667571873254
76,related:284c0231418c8134ad3fe589,3,A,1,0.09694008584869569,2.3336621629794143,0.8155172085469611
84,related:2cc0b76ca7c99fb7978b9001,3,A,0,0.2099271982827769,0.23563018369456118,0.044069428578856325
87,related:ccce06ebd1c87a751ec09343,3,A,0,0.06570905161849638,0.06796738135869888,0.004317679464602223
88,related:cb09efdb9a644c167dca21f0,3,A,0,0.2173538019230934,0.24507453941616403,0.047242675210423316
106,related:b685e530ed93b852d1da0c7c,3,A,0,0.21583485179488524,0.24313563259414087,0.04658468324932007
123,related:d9f7d38368c97a507e130adb,3,A,0,0.06516906580795812,0.06738958508912918,0.004247007138281976
132,related:9ab50e7ca06b7f7fac8426c4,3,A,0,0.2099271982827769,0.23563018369456118,0.044069428578856325
137,related:5224d8be5550014b94a2602f,3,A,0,0.06355452629471348,0.06566398227912633,0.0040391778125454265
140,related:639601cad27d2ecc35baea21,3,A,0,0.4529010257465775,0.60312555279362,0.20511933912230204
149,related:bd0b2dc5c740dab1492d84e7,3,A,0,0.2173538019230934,0.24507453941616403,0.047242675210423316
150,related:59716dba32a0539946a3abae,3,A,0,0.10290949947731984,0.10859852956818183,0.010590365082672491
171,related:0d48e79b7db7967ce933e682,3,A,0,0.0706451507900037,0.07326464409020568,0.004990737330142361
183,related:40470e67d268d5d7609173ec,3,A,0,0.060506373806928665,0.06241424440594494,0.003661021271263783
185,related:6ed8fc3666dd8af7f546c798,3,A,0,0.0671483243656751,0.06950906651304907,0.004508897465117916
193,related:8bb0c8edbef5921cef884b35,3,A,0,0.0706451507900037,0.07326464409020568,0.004990737330142361
194,related:35a32e2c82fc13d7db9746b0,3,A,1,0.4879867679896873,0.717466988271833,0.2621575497536463
195,related:ff8957626371f688539065e3,3,A,0,0.04187083420696709,0.042772681505854435,0.0017531667571873254
199,related:8d302ac5a3f6850d63fdd308,3,A,0,0.42216631062287835,0.548469186354972,0.1782243938249326
210,related:944db2c0ff77d8baebb4ef3a,3,A,0,0.08113976525656413,0.08462125225830651,0.006583661505890332
213,related:22a3aee2baae538f94428c69,3,A,0,0.21964657193091972,0.24800834901407737,0.04824461656100469
216,related:35a32e2c82fc13d7db9746b0,3,A,0,0.06244013887676024,0.06447467131122565,0.0038987709429491057
235,related:77568bf075f18cd39c99c12e,3,A,0,0.30579931175648367,0.3649941841352994,0.09351321907073909
237,related:8d302ac5a3f6850d63fdd308,3,A,0,0.1246431469172722,0.13312364367088098,0.015535914073440703
252,related:b8c27ad023aefd4b83f5049c,3,A,0,0.20442168698158944,0.22868599102340306,0.04178822610839893
257,related:924d387dc8b2ebf1fae8e3d0,3,A,0,0.08113976525656413,0.08462125225830651,0.006583661505890332
272,related:a35a56d30f92eb9d19d235cc,3,A,0,0.0706451507900037,0.07326464409020568,0.004990737330142361
301,related:6f35fe6c285fcb152ff44c9f,3,A,0,0.06847583641489333,0.07093314876689835,0.004688940172719231
308,related:6f35fe6c285fcb152ff44c9f,3,A,0,0.0706451507900037,0.07326464409020568,0.004990737330142361
312,related:5d75ca35c716194a7dca8bb0,3,A,1,0.2556395930106056,1.363986666242453,0.5540724154934168
318,related:5de936360b46c6d6e0c2f3b6,3,A,0,0.07260822397832818,0.07537917484318575,0.005271954189287072
319,related:0f8627ec322aef477647fee5,3,A,0,0.0671483243656751,0.06950906651304907,0.004508897465117916
322,related:59716dba32a0539946a3abae,3,A,1,0.2068974860314647,1.5755318449498692,0.6290115976632107
330,related:9fa72acd204b6cc14d284bb4,3,A,0,0.06244013887676024,0.06447467131122565,0.0038987709429491057
343,related:a9f24fd08bf0645f4a9fe3f4,3,A,0,0.04425887216837864,0.0452681893871046,0.0019588477656168816
355,related:7f14b41acf795da76b94367d,3,A,0,0.06847583641489333,0.07093314876689835,0.004688940172719231
356,related:639601cad27d2ecc35baea21,3,A,0,0.06244013887676024,0.06447467131122565,0.0038987709429491057
359,related:77568bf075f18cd39c99c12e,3,A,0,0.11998189409372566,0.1278127968280515,0.014395654910318
399,related:126ebf7ee35120c6a3afc078,3,A,0,0.041981760194206554,0.04288846172927481,0.0017624681890038658
400,related:6f35fe6c285fcb152ff44c9f,3,A,0,0.0650788685018585,0.06729310459011041,0.00423525912548219
440,related:9ab50e7ca06b7f7fac8426c4,3,A,0,0.040132718455152434,0.04096025246822854,0.0016106350906005327
456,related:35a32e2c82fc13d7db9746b0,3,A,0,0.06570905161849638,0.06796738135869888,0.004317679464602223
494,related:7f14b41acf795da76b94367d,3,A,0,0.0650788685018585,0.06729310459011041,0.00423525912548219
501,related:57ca63d53369e22bbfa62ad8,3,A,0,0.3609942059039136,0.4478417572026966,0.13031681669619719
527,related:284c0231418c8134ad3fe589,3,A,0,0.2393080060053091,0.27352674155813633,0.05726832173823706
531,related:a51c410455c3213baff97ac8,3,A,0,0.041568038314706915,0.04245670317316442,0.001727901809332942
536,related:f76b5bd27d8db132155166fc,3,A,0,0.07260822397832818,0.07537917484318575,0.005271954189287072
587,related:2cc0b76ca7c99fb7978b9001,3,A,0,0.20442168698158944,0.22868599102340306,0.04178822610839893
588,related:910ea5e2863ac5108e8aa903,3,A,0,0.0432364226308403,0.0441989636412363,0.0018693882419126393
589,related:ddee263f7a3772b094c51d64,3,A,0,0.0706451507900037,0.07326464409020568,0.004990737330142361
594,related:f15484cc3d6b2265566eaa14,3,A,1,0.0671483243656751,2.700851309925501,0.8702122487337678
614,related:f15484cc3d6b2265566eaa14,3,A,0,0.2173538019230934,0.24507453941616403,0.047242675210423316
625,related:b685e530ed93b852d1da0c7c,3,A,0,0.10079797066616981,0.10624754302382666,0.01016023089041803
658,related:ccce06ebd1c87a751ec09343,3,A,0,0.09311885192355401,0.09774387595776501,0.008671120583560779
671,related:6f35fe6c285fcb152ff44c9f,3,A,0,0.0671483243656751,0.06950906651304907,0.004508897465117916
698,related:ce0f54598d5188cb5155cfdd,3,A,0,0.0706451507900037,0.07326464409020568,0.004990737330142361
707,related:3a74186e39bd079c77766ac0,3,A,0,0.0432364226308403,0.0441989636412363,0.0018693882419126393
711,related:ff8957626371f688539065e3,3,A,0,0.22310992923750136,0.25245641769374066,0.04977804052436287
715,related:cb09efdb9a644c167dca21f0,3,A,0,0.04187083420696709,0.042772681505854435,0.0017531667571873254
729,related:f732fbb79406fb9edea3abbd,3,A,0,0.060506373806928665,0.06241424440594494,0.003661021271263783
735,related:284c0231418c8134ad3fe589,3,A,0,0.08020033522107411,0.08359938832634095,0.0064320937695726615
745,related:7d64ac4167e36caf8cf6a4f1,3,A,0,0.10114001474223706,0.10662800162582974,0.01022930258205993
746,related:72ac97b96257ebbc10e83e88,3,A,0,0.040132718455152434,0.04096025246822854,0.0016106350906005327
773,related:0d48e79b7db7967ce933e682,3,A,0,0.4152275306539194,0.5365324486963128,0.17241390221295155
786,related:910ea5e2863ac5108e8aa903,3,A,0,0.22310992923750136,0.25245641769374066,0.04977804052436287
788,related:ddee263f7a3772b094c51d64,3,A,0,0.0671483243656751,0.06950906651304907,0.004508897465117916
794,related:5de936360b46c6d6e0c2f3b6,3,A,0,0.0706451507900037,0.07326464409020568,0.004990737330142361
798,related:9ccd616447285f06dabd69a5,3,A,1,0.5972151789381983,0.5154777967978431,0.1622356120777876
800,related:b8c27ad023aefd4b83f5049c,3,A,0,0.03886117645070992,0.03963642305740964,0.0015101910351332111
814,related:b8c27ad023aefd4b83f5049c,3,A,0,0.2099271982827769,0.23563018369456118,0.044069428578856325
815,related:7f14b41acf795da76b94367d,3,A,1,0.2393080060053091,1.430003828692181,0.5786523097276188
830,related:8d302ac5a3f6850d63fdd308,3,A,1,0.1957524191202563,1.6309045859742723,0.6468141713509199
848,related:4e49da2b5e92d1f37a98c720,3,A,0,0.0884397445641215,0.09259758124921265,0.007821588418567059
879,related:40470e67d268d5d7609173ec,3,A,1,0.06570905161849638,2.722518591010233,0.8728995762276095
880,related:4e49da2b5e92d1f37a98c720,3,A,0,0.041568038314706915,0.04245670317316442,0.001727901809332942
890,related:6ed8fc3666dd8af7f546c798,3,A,0,0.04187083420696709,0.042772681505854435,0.0017531667571873254
896,related:b685e530ed93b852d1da0c7c,3,A,1,0.2254459276770924,1.4896749373649325,0.599934010952
908,related:a51c410455c3213baff97ac8,3,A,0,0.05600158106627374,0.057630787696379755,0.0031361770819224293
932,related:f732fbb79406fb9edea3abbd,3,A,0,0.06244013887676024,0.06447467131122565,0.0038987709429491057
937,related:126ebf7ee35120c6a3afc078,3,A,0,0.22456530265375396,0.25433150707267943,0.050429575155972114
948,related:e78f6edda58d27c1e94d3f5d,3,A,0,0.07260822397832818,0.07537917484318575,0.005271954189287072
951,related:ee47a6b7b1c58242eab906af,3,A,0,0.07644737799077236,0.07952749990585743,0.005844201601664027
963,related:e78f6edda58d27c1e94d3f5d,3,A,0,0.1120135477098918,0.11879879253640584,0.012547034870556207
970,related:cb09efdb9a644c167dca21f0,3,A,1,0.0671483243656751,2.700851309925501,0.8702122487337678
981,related:72ac97b96257ebbc10e83e88,3,A,1,0.20442168698158944,1.5875703255881604,0.63294485214522
982,related:f15484cc3d6b2265566eaa14,3,A,0,0.04187083420696709,0.042772681505854435,0.0017531667571873254
996,related:d9f7d38368c97a507e130adb,3,A,0,0.07106083725074229,0.07371202912723089,0.005049642590776483
1003,related:ddee263f7a3772b094c51d64,3,A,0,0.06847583641489333,0.07093314876689835,0.004688940172719231
1007,related:a9f24fd08bf0645f4a9fe3f4,3,A,0,0.2099271982827769,0.23563018369456118,0.044069428578856325
1015,related:09702dae0c724726261ca41e,3,A,0,0.2393080060053091,0.27352674155813633,0.05726832173823706
1027,related:40470e67d268d5d7609173ec,3,A,0,0.06244013887676024,0.06447467131122565,0.0038987709429491057
1028,related:5d75ca35c716194a7dca8bb0,3,A,0,0.0706451507900037,0.07326464409020568,0.004990737330142361
1039,related:a51c410455c3213baff97ac8,3,A,0,0.2254459276770924,0.25546780578054656,0.050825866306184776
1055,related:ccce06ebd1c87a751ec09343,3,A,0,0.10537382717516444,0.11134933195613578,0.011103643453541425
1066,related:57ca63d53369e22bbfa62ad8,3,A,0,0.06570905161849638,0.06796738135869888,0.004317679464602223
1079,related:8bb0c8edbef5921cef884b35,3,A,0,0.07370448476510608,0.07656196432418781,0.005432351074489754
1086,related:4e49da2b5e92d1f37a98c720,3,A,1,0.2254459276770924,1.4896749373649325,0.599934010952
1088,related:8bb0c8edbef5921cef884b35,3,A,0,0.0671483243656751,0.06950906651304907,0.004508897465117916
1109,related:6c4df4d2f61d6d632ae70bb0,3,A,0,0.05783312632874088,0.059572871823700364,0.003344670500956102
1113,related:7d64ac4167e36caf8cf6a4f1,3,A,0,0.0706451507900037,0.07326464409020568,0.004990737330142361
1132,related:f15484cc3d6b2265566eaa14,3,A,0,0.0706451507900037,0.07326464409020568,0.004990737330142361
1133,related:910ea5e2863ac5108e8aa903,3,A,0,0.2173538019230934,0.24507453941616403,0.047242675210423316
1162,related:e5a256d3ca27ce4ff101427f,3,A,0,0.06570905161849638,0.06796738135869888,0.004317679464602223
1173,related:284c0231418c8134ad3fe589,3,A,0,0.04477756618552465,0.04581105063291232,0.0020050304334990406
1174,related:a51c410455c3213baff97ac8,3,A,0,0.2847573003081393,0.3351333537564199,0.08108672007877982
1200,related:9ccd616447285f06dabd69a5,3,A,1,0.22456530265375396,1.4935887336797222,0.6012989698484642
1216,related:7d64ac4167e36caf8cf6a4f1,3,A,0,0.0671483243656751,0.06950906651304907,0.004508897465117916
1217,related:9ab50e7ca06b7f7fac8426c4,3,A,0,0.03886117645070992,0.03963642305740964,0.0015101910351332111
1227,related:72ac97b96257ebbc10e83e88,3,A,0,0.2099271982827769,0.23563018369456118,0.044069428578856325
1261,related:22a3aee2baae538f94428c69,3,A,0,0.040252927532186476,0.04108549541292718,0.001620298174911456
1275,related:5d75ca35c716194a7dca8bb0,3,A,0,0.04766583046791591,0.04883928736726827,0.0022720313941961006
1281,related:9ab50e7ca06b7f7fac8426c4,3,A,1,0.20442168698158944,1.5875703255881604,0.63294485214522
1283,related:0f8627ec322aef477647fee5,3,A,0,0.0925283273466038,0.09709292803732171,0.008561491361560267
1310,related:53087323eb9968a01bfc4003,3,A,1,0.27235331092558507,1.3006551183488553,0.5294697041209582
1312,related:9420bf464df856bddda39b44,3,A,0,0.0706451507900037,0.07326464409020568,0.004990737330142361
1313,related:57ca63d53369e22bbfa62ad8,3,A,0,0.06570905161849638,0.06796738135869888,0.004317679464602223
1328,related:e78f6edda58d27c1e94d3f5d,3,A,0,0.07370448476510608,0.07656196432418781,0.005432351074489754
1354,related:d32bcf20fb9ae456dfac7405,3,A,0,0.0636809249165272,0.0657989684118865,0.004055260198224375
1355,related:3c6b1d5cd40ac7807e5b1a9c,3,A,0,0.0671483243656751,0.06950906651304907,0.004508897465117916
1357,related:924d387dc8b2ebf1fae8e3d0,3,A,0,0.0671483243656751,0.06950906651304907,0.004508897465117916
1371,related:a9f24fd08bf0645f4a9fe3f4,3,A,0,0.24113137429165651,0.27592660522638673,0.05814433966778295
1373,related:f732fbb79406fb9edea3abbd,3,A,0,0.0636809249165272,0.0657989684118865,0.004055260198224375
1380,related:b685e530ed93b852d1da0c7c,3,A,0,0.041568038314706915,0.04245670317316442,0.001727901809332942
1385,related:d32bcf20fb9ae456dfac7405,3,A,0,0.06244013887676024,0.06447467131122565,0.0038987709429491057
1392,related:9420bf464df856bddda39b44,3,A,0,0.06847583641489333,0.07093314876689835,0.004688940172719231
1395,related:0d48e79b7db7967ce933e682,3,A,0,0.0671483243656751,0.06950906651304907,0.004508897465117916
1400,related:944db2c0ff77d8baebb4ef3a,3,A,0,0.0671483243656751,0.06950906651304907,0.004508897465117916
1401,related:5224d8be5550014b94a2602f,3,A,1,0.6046047924908664,0.503180269954887,0.1563373701211908
1411,related:639601cad27d2ecc35baea21,3,A,0,0.06355452629471348,0.06566398227912633,0.0040391778125454265
1444,related:3d95500a728f0c500d236f2e,3,A,1,0.06244013887676024,2.7735469591740185,0.8790184931894286
1450,related:c099a41a175e5dbf98bf2099,3,A,0,0.0432364226308403,0.0441989636412363,0.0018693882419126393
1460,related:3a74186e39bd079c77766ac0,3,A,0,0.22310992923750136,0.25245641769374066,0.04977804052436287
1466,related:924d387dc8b2ebf1fae8e3d0,3,A,0,0.0706451507900037,0.07326464409020568,0.004990737330142361
1497,related:9ccd616447285f06dabd69a5,3,A,0,0.041981760194206554,0.04288846172927481,0.0017624681890038658
1504,related:6c4df4d2f61d6d632ae70bb0,3,A,1,0.6649886060586433,0.4079853722194683,0.1122326340705309
1506,related:bd0b2dc5c740dab1492d84e7,3,A,0,0.22310992923750136,0.25245641769374066,0.04977804052436287
1535,related:ccce06ebd1c87a751ec09343,3,A,0,0.06244013887676024,0.06447467131122565,0.0038987709429491057
1537,related:0f8627ec322aef477647fee5,3,A,0,0.0706451507900037,0.07326464409020568,0.004990737330142361
1546,related:4e49da2b5e92d1f37a98c720,3,A,0,0.11100319634054188,0.11766163890837648,0.012321709597816892
1550,related:c099a41a175e5dbf98bf2099,3,A,0,0.22310992923750136,0.25245641769374066,0.04977804052436287
1558,related:22a3aee2baae538f94428c69,3,A,0,0.06244013887676024,0.06447467131122565,0.0038987709429491057
1562,related:639601cad27d2ecc35baea21,3,A,0,0.06570905161849638,0.06796738135869888,0.004317679464602223
1567,related:8bb0c8edbef5921cef884b35,3,A,0,0.07260822397832818,0.07537917484318575,0.005271954189287072
1607,related:7a3d55c0f8f72c8eafd80b9e,3,A,0,0.0706451507900037,0.07326464409020568,0.004990737330142361
1620,related:c099a41a175e5dbf98bf2099,3,A,0,0.04187083420696709,0.042772681505854435,0.0017531667571873254
1623,related:b8c27ad023aefd4b83f5049c,3,A,0,0.040132718455152434,0.04096025246822854,0.0016106350906005327
1636,related:a35a56d30f92eb9d19d235cc,3,A,0,0.09900164580925855,0.1042518480228132,0.00980132587294188
1637,related:a4ec2c54d82b78620973620b,3,A,1,0.2393080060053091,1.430003828692181,0.5786523097276188
1670,related:6ed8fc3666dd8af7f546c798,3,A,0,0.2173538019230934,0.24507453941616403,0.047242675210423316
1672,related:d32bcf20fb9ae456dfac7405,3,A,0,0.06570905161849638,0.06796738135869888,0.004317679464602223
1676,related:7f14b41acf795da76b94367d,3,A,0,0.04477756618552465,0.04581105063291232,0.0020050304334990406
1678,related:57ca63d53369e22bbfa62ad8,3,A,1,0.06244013887676024,2.7735469591740185,0.8790184931894286
1684,related:35a32e2c82fc13d7db9746b0,3,A,0,0.06510957903767535,0.06732595339327369,0.004239257282463293
1689,related:77568bf075f18cd39c99c12e,3,A,0,0.0671483243656751,0.06950906651304907,0.004508897465117916
1690,related:72ac97b96257ebbc10e83e88,3,A,0,0.03886117645070992,0.03963642305740964,0.0015101910351332111
1702,related:ff8957626371f688539065e3,3,A,0,0.2173538019230934,0.24507453941616403,0.047242675210423316
1703,related:9fa72acd204b6cc14d284bb4,3,A,0,0.06570905161849638,0.06796738135869888,0.004317679464602223
1711,related:9420bf464df856bddda39b44,3,A,0,0.0650788685018585,0.06729310459011041,0.00423525912548219
1722,related:bd0b2dc5c740dab1492d84e7,3,A,0,0.0432364226308403,0.0441989636412363,0.0018693882419126393
1724,related:22a3aee2baae538f94428c69,3,A,0,0.06570905161849638,0.06796738135869888,0.004317679464602223
1727,related:910ea5e2863ac5108e8aa903,3,A,0,0.04187083420696709,0.042772681505854435,0.0017531667571873254
1747,related:a35a56d30f92eb9d19d235cc,3,A,0,0.0671483243656751,0.06950906651304907,0.004508897465117916
1748,related:ff8957626371f688539065e3,3,A,0,0.0432364226308403,0.0441989636412363,0.0018693882419126393
1752,related:f76b5bd27d8db132155166fc,3,A,0,0.07370448476510608,0.07656196432418781,0.005432351074489754
1754,related:e5a256d3ca27ce4ff101427f,3,A,0,0.0798671461152057,0.08323721296813556,0.006378761028587618
1755,related:cb09efdb9a644c167dca21f0,3,A,0,0.0706451507900037,0.07326464409020568,0.004990737330142361
1778,related:2cc0b76ca7c99fb7978b9001,3,A,0,0.03886117645070992,0.03963642305740964,0.0015101910351332111
1786,related:5d75ca35c716194a7dca8bb0,3,A,0,0.0671483243656751,0.06950906651304907,0.004508897465117916
1792,related:ee47a6b7b1c58242eab906af,3,A,1,0.06244013887676024,2.7735469591740185,0.8790184931894286
1798,related:924d387dc8b2ebf1fae8e3d0,3,A,0,0.08576917235193561,0.08967219275162493,0.0073563509259360355
1799,related:6ed8fc3666dd8af7f546c798,3,A,0,0.0706451507900037,0.07326464409020568,0.004990737330142361
1821,related:3a74186e39bd079c77766ac0,3,A,0,0.2173538019230934,0.24507453941616403,0.047242675210423316
1825,related:59716dba32a0539946a3abae,3,A,0,0.13415053397633234,0.1440442122918331,0.017996365766135097
1835,related:f76b5bd27d8db132155166fc,3,A,0,0.0671483243656751,0.06950906651304907,0.004508897465117916
1841,related:c099a41a175e5dbf98bf2099,3,A,0,0.2173538019230934,0.24507453941616403,0.047242675210423316
1850,related:3d95500a728f0c500d236f2e,3,A,0,0.06570905161849638,0.06796738135869888,0.004317679464602223
1871,related:e5a256d3ca27ce4ff101427f,3,A,0,0.06244013887676024,0.06447467131122565,0.0038987709429491057
1887,related:ce0f54598d5188cb5155cfdd,3,A,0,0.0671483243656751,0.06950906651304907,0.004508897465117916
1892,related:57ca63d53369e22bbfa62ad8,3,A,0,0.05350208153723589,0.05498650752929914,0.002862472728817037
1904,related:e5a256d3ca27ce4ff101427f,3,A,0,0.07552998362847005,0.07853466094532968,0.005704778426916954
1918,related:ee47a6b7b1c58242eab906af,3,A,0,0.06570905161849638,0.06796738135869888,0.004317679464602223
1923,related:a4ec2c54d82b78620973620b,3,A,0,0.04477756618552465,0.04581105063291232,0.0020050304334990406
1932,related:d4ee60bc1c21ed08e30236dc,3,A,0,0.04187083420696709,0.042772681505854435,0.0017531667571873254
1955,related:f76b5bd27d8db132155166fc,3,A,0,0.0706451507900037,0.07326464409020568,0.004990737330142361
1957,related:ce0f54598d5188cb5155cfdd,3,A,0,0.06847583641489333,0.07093314876689835,0.004688940172719231
1961,related:09702dae0c724726261ca41e,3,A,0,0.06847583641489333,0.07093314876689835,0.004688940172719231
1966,related:77568bf075f18cd39c99c12e,3,A,0,0.0706451507900037,0.07326464409020568,0.004990737330142361
1970,related:09702dae0c724726261ca41e,3,A,0,0.0650788685018585,0.06729310459011041,0.00423525912548219
1977,related:d4ee60bc1c21ed08e30236dc,3,A,0,0.2173538019230934,0.24507453941616403,0.047242675210423316
1981,related:7a3d55c0f8f72c8eafd80b9e,3,A,0,0.0671483243656751,0.06950906651304907,0.004508897465117916
1993,related:57ca63d53369e22bbfa62ad8,3,A,1,0.6722185262581192,0.3971718034370018,0.10744069452839931
2003,related:0d48e79b7db7967ce933e682,3,A,0,0.0648859589321563,0.06708678807455336,0.004210187666545475
2018,related:09702dae0c724726261ca41e,3,A,0,0.04477756618552465,0.04581105063291232,0.0020050304334990406
2024,related:3c6b1d5cd40ac7807e5b1a9c,3,A,0,0.04187083420696709,0.042772681505854435,0.0017531667571873254
2025,related:ee47a6b7b1c58242eab906af,3,A,0,0.07268581255045642,0.07546284155230464,0.005283227346120088
2041,related:7a3d55c0f8f72c8eafd80b9e,3,A,0,0.11376015624127352,0.12076766099415603,0.012941373148038962
2054,related:f732fbb79406fb9edea3abbd,3,A,0,0.06570905161849638,0.06796738135869888,0.004317679464602223
2066,related:126ebf7ee35120c6a3afc078,3,A,0,0.10197506259705134,0.10755744112904658,0.01039891339167254
2070,related:53087323eb9968a01bfc4003,3,A,0,0.0706451507900037,0.07326464409020568,0.004990737330142361
2077,related:53087323eb9968a01bfc4003,3,A,0,0.0671483243656751,0.06950906651304907,0.004508897465117916
2089,related:3c6b1d5cd40ac7807e5b1a9c,3,A,0,0.2173538019230934,0.24507453941616403,0.047242675210423316
2095,related:5224d8be5550014b94a2602f,3,A,0,0.06244013887676024,0.06447467131122565,0.0038987709429491057
2100,related:7a3d55c0f8f72c8eafd80b9e,3,A,0,0.2550438507014167,0.29442992233679716,0.06504736578060655
2105,related:5de936360b46c6d6e0c2f3b6,3,A,0,0.0671483243656751,0.06950906651304907,0.004508897465117916
2106,related:e78f6edda58d27c1e94d3f5d,3,A,0,0.1807591836723488,0.19937720131938394,0.03267388248189393
2116,related:a35a56d30f92eb9d19d235cc,3,A,0,0.09373123921319708,0.09841937146967526,0.008785545204441574
2117,related:9ccd616447285f06dabd69a5,3,A,0,0.07019066634030131,0.07277573142402688,0.0049267296412955075
2148,related:d4ee60bc1c21ed08e30236dc,3,A,0,0.0706451507900037,0.07326464409020568,0.004990737330142361
2154,related:a4ec2c54d82b78620973620b,3,A,1,0.05715153072821002,2.8620491047043872,0.8889632360081575
2158,related:3d95500a728f0c500d236f2e,3,A,0,0.24113137429165651,0.27592660522638673,0.05814433966778295
2162,related:57ca63d53369e22bbfa62ad8,3,A,0,0.05711816642667477,0.05881431324258645,0.003262484935945317
2181,related:0f8627ec322aef477647fee5,3,A,0,0.11212678089344698,0.11892631745916007,0.012572414993527067
2182,related:a4ec2c54d82b78620973620b,3,A,0,0.33503692351793685,0.40802376395492523,0.11224974012036386
2192,related:d9f7d38368c97a507e130adb,3,A,0,0.06244013887676024,0.06447467131122565,0.0038987709429491057
2207,related:5de936360b46c6d6e0c2f3b6,3,A,1,0.0737044847651061,2.6076916300085693,0.8580233815442776
2215,related:5224d8be5550014b94a2602f,3,A,0,0.06570905161849638,0.06796738135869888,0.004317679464602223
2219,related:ce0f54598d5188cb5155cfdd,3,A,0,0.06507886850185853,0.06729310459011041,0.004235259125482194
2220,related:53087323eb9968a01bfc4003,3,A,0,0.04987788711435133,0.05116476276846286,0.0024878036229919742
2223,related:9420bf464df856bddda39b44,3,A,0,0.0671483243656751,0.06950906651304907,0.004508897465117916
2229,related:7d64ac4167e36caf8cf6a4f1,3,A,0,0.3222650316218313,0.3889989695609789,0.10385475060621992
2234,related:d4ee60bc1c21ed08e30236dc,3,A,0,0.0671483243656751,0.06950906651304907,0.004508897465117916
2249,related:ddee263f7a3772b094c51d64,3,A,0,0.06507886850185853,0.06729310459011041,0.004235259125482194
2250,related:57ca63d53369e22bbfa62ad8,3,A,0,0.06244013887676024,0.06447467131122565,0.0038987709429491057
2252,related:6c4df4d2f61d6d632ae70bb0,3,A,0,0.06244013887676024,0.06447467131122565,0.0038987709429491057
2258,related:6c4df4d2f61d6d632ae70bb0,3,A,0,0.06570905161849638,0.06796738135869888,0.004317679464602223
2269,related:3c6b1d5cd40ac7807e5b1a9c,3,A,0,0.0706451507900037,0.07326464409020568,0.004990737330142361
2271,related:3a74186e39bd079c77766ac0,3,A,0,0.04187083420696709,0.042772681505854435,0.0017531667571873254
2300,related:d32bcf20fb9ae456dfac7405,3,A,0,0.060506373806928665,0.06241424440594494,0.003661021271263783
2311,related:2cc0b76ca7c99fb7978b9001,3,A,0,0.040132718455152434,0.04096025246822854,0.0016106350906005327
2313,related:59716dba32a0539946a3abae,3,A,0,0.25435716731628705,0.29350856999185837,0.06469756856516565
2315,related:8d302ac5a3f6850d63fdd308,3,A,0,0.11416495445698503,0.12122452455584436,0.013033636826165467
2321,related:3d95500a728f0c500d236f2e,3,A,0,0.04425887216837864,0.0452681893871046,0.0019588477656168816
2346,related:d9f7d38368c97a507e130adb,3,A,0,0.06570905161849638,0.06796738135869888,0.004317679464602223
2349,related:126ebf7ee35120c6a3afc078,3,A,1,0.15537503130879224,1.8619135276465855,0.7133913377366237
2352,related:40470e67d268d5d7609173ec,3,A,0,0.0636809249165272,0.0657989684118865,0.004055260198224375
2362,related:a9f24fd08bf0645f4a9fe3f4,3,A,0,0.040132718455152434,0.04096025246822854,0.0016106350906005327
2391,related:944db2c0ff77d8baebb4ef3a,3,A,0,0.0706451507900037,0.07326464409020568,0.004990737330142361
53,related:944db2c0ff77d8baebb4ef3a,3,B,0,0.05543358875675003,0.0570292808615883,0.0030728827624524834
61,related:bd0b2dc5c740dab1492d84e7,3,B,0,0.016009244522590577,0.016138776814046473,0.0002562959101840964
76,related:284c0231418c8134ad3fe589,3,B,1,0.06647557539354755,2.7109206861019093,0.8714678513368082
84,related:2cc0b76ca7c99fb7978b9001,3,B,0,0.1667223085102506,0.1823883292354852,0.02779632815498718
87,related:ccce06ebd1c87a751ec09343,3,B,0,0.07912276735883922,0.08242854950411746,0.0062604123145209925
88,related:cb09efdb9a644c167dca21f0,3,B,0,0.2726697125167808,0.3183745889609313,0.07434877212398389
106,related:b685e530ed93b852d1da0c7c,3,B,0,0.25687108692161553,0.29688574584412936,0.06598275529629216
123,related:d9f7d38368c97a507e130adb,3,B,0,0.08397247202793885,0.0877088623883245,0.007051376058482973
132,related:9ab50e7ca06b7f7fac8426c4,3,B,0,0.11569337005678723,0.1229514100371555,0.013384955875096713
137,related:5224d8be5550014b94a2602f,3,B,0,0.08809106047681212,0.092215140906899,0.0077600349359293695
140,related:639601cad27d2ecc35baea21,3,B,0,0.5903153327011225,0.8923675193451934,0.3484721920220369
149,related:bd0b2dc5c740dab1492d84e7,3,B,0,0.09488423019054622,0.09969242102220337,0.009003017138852562
150,related:59716dba32a0539946a3abae,3,B,0,0.10268577499463705,0.10834917168290739,0.010544368386249227
171,related:0d48e79b7db7967ce933e682,3,B,0,0.059519353880188086,0.061364208741132506,0.0035425534863150606
183,related:40470e67d268d5d7609173ec,3,B,0,0.10233956124689493,0.10796341275379745,0.010473385796206958
185,related:6ed8fc3666dd8af7f546c798,3,B,0,0.06369072720790524,0.0658094374314218,0.004056508732271801
193,related:8bb0c8edbef5921cef884b35,3,B,0,0.04076904694390607,0.04162340613134045,0.0016621151887144167
194,related:35a32e2c82fc13d7db9746b0,3,B,1,0.4939377262581131,0.7053458299467189,0.2560990249048085
195,related:ff8957626371f688539065e3,3,B,0,0.01761588473202095,0.01777289103189431,0.0003103193948918488
199,related:8d302ac5a3f6850d63fdd308,3,B,0,0.4776421657358895,0.6494024196985025,0.22814203848887096
210,related:944db2c0ff77d8baebb4ef3a,3,B,0,0.052129986825615406,0.053537903033155046,0.0027175355264388358
213,related:22a3aee2baae538f94428c69,3,B,0,0.24978415802186196,0.2873943245509952,0.06239212559869051
216,related:35a32e2c82fc13d7db9746b0,3,B,0,0.06478266867675853,0.06697633678551707,0.00419679416088267
235,related:77568bf075f18cd39c99c12e,3,B,0,0.37255743943930675,0.46610314912103135,0.13879904568157272
237,related:8d302ac5a3f6850d63fdd308,3,B,0,0.15160753858538314,0.16441194198099668,0.02298484575591844
252,related:b8c27ad023aefd4b83f5049c,3,B,0,0.11536910688431222,0.12258479089783586,0.013310030823283856
257,related:924d387dc8b2ebf1fae8e3d0,3,B,0,0.062342380577031745,0.06437040788489651,0.003886572416011465
272,related:a35a56d30f92eb9d19d235cc,3,B,0,0.04544871472765889,0.046513907273001094,0.0020655856703961184
301,related:6f35fe6c285fcb152ff44c9f,3,B,0,0.07008796206957402,0.07266528017858688,0.004912322427066046
308,related:6f35fe6c285fcb152ff44c9f,3,B,0,0.0710961139701185,0.07375000512246215,0.005054657421652079
312,related:5d75ca35c716194a7dca8bb0,3,B,1,0.30614445251058486,1.1836982213902867,0.48143552078183605
318,related:5de936360b46c6d6e0c2f3b6,3,B,0,0.05843609841604023,0.060213061086214645,0.0034147775980891393
319,related:0f8627ec322aef477647fee5,3,B,0,0.04831416040454911,0.049520299077840585,0.0023342580955965013
322,related:59716dba32a0539946a3abae,3,B,1,0.2174223792933905,1.5259133689610802,0.612427732430818
330,related:9fa72acd204b6cc14d284bb4,3,B,0,0.0861889597623493,0.09013146824762676,0.007428536784915867
343,related:a9f24fd08bf0645f4a9fe3f4,3,B,0,0.03876825348077184,0.03953974765938043,0.001502977477949378
355,related:7f14b41acf795da76b94367d,3,B,0,0.08046060600454909,0.08388239301106239,0.006473909118619281
356,related:639601cad27d2ecc35baea21,3,B,0,0.10549904427689007,0.11148930758998771,0.011130048343337211
359,related:77568bf075f18cd39c99c12e,3,B,0,0.14350948273378217,0.15491203277228419,0.020594971634517723
399,related:126ebf7ee35120c6a3afc078,3,B,0,0.04389883121203423,0.04489154643780136,0.0019271073817826708
400,related:6f35fe6c285fcb152ff44c9f,3,B,0,0.06632475732518041,0.06862660713262314,0.004398973434244073
440,related:9ab50e7ca06b7f7fac8426c4,3,B,0,0.019900575594780062,0.020101258988860966,0.00039603290900355585
456,related:35a32e2c82fc13d7db9746b0,3,B,0,0.06846479273203158,0.07092129333917054,0.004687427843840045
494,related:7f14b41acf795da76b94367d,3,B,0,0.07618609572521677,0.0792446299246378,0.005804321181851893
501,related:57ca63d53369e22bbfa62ad8,3,B,0,0.4576711934175927,0.611882807271685,0.20946292128428357
527,related:284c0231418c8134ad3fe589,3,B,0,0.17476877163579815,0.19209165511256918,0.030544123539085765
531,related:a51c410455c3213baff97ac8,3,B,0,0.06920988960943028,0.0717214724594242,0.004790008819749525
536,related:f76b5bd27d8db132155166fc,3,B,0,0.08243021138684475,0.08602663806257421,0.006794739749279911
587,related:2cc0b76ca7c99fb7978b9001,3,B,0,0.1645984419062923,0.1798427618337679,0.027092647077979082
588,related:910ea5e2863ac5108e8aa903,3,B,0,0.026862339991893636,0.027229726836257385,0.0007215853098400882
589,related:ddee263f7a3772b094c51d64,3,B,0,0.07789817992937878,0.08109962760684412,0.006068126436309871
594,related:f15484cc3d6b2265566eaa14,3,B,1,0.043854674041456716,3.126873974249061,0.9142138843523689
614,related:f15484cc3d6b2265566eaa14,3,B,0,0.16063048748565825,0.1751042493113016,0.025802153509880212
625,related:b685e530ed93b852d1da0c7c,3,B,0,0.11587853050809815,0.12316081685674479,0.013427833832716235
658,related:ccce06ebd1c87a751ec09343,3,B,0,0.10331918606403563,0.10905531755507532,0.010674854208934815
671,related:6f35fe6c285fcb152ff44c9f,3,B,0,0.06728269546539803,0.06965312025899323,0.004526961109089492
698,related:ce0f54598d5188cb5155cfdd,3,B,0,0.031361790923855506,0.03186410205602546,0.0009835619299516257
707,related:3a74186e39bd079c77766ac0,3,B,0,0.05453104455437018,0.056074225430467715,0.002973634820190706
711,related:ff8957626371f688539065e3,3,B,0,0.1050087580456435,0.11094134628101887,0.011026839266288498
715,related:cb09efdb9a644c167dca21f0,3,B,0,0.05498375724738987,0.05655316353810787,0.0030232135610398976
729,related:f732fbb79406fb9edea3abbd,3,B,0,0.041151347925321866,0.0420220350364762,0.0016934334360708921
735,related:284c0231418c8134ad3fe589,3,B,0,0.05381377219961221,0.05531587116433506,0.002895922078351756
745,related:7d64ac4167e36caf8cf6a4f1,3,B,0,0.11001192493907419,0.11654721515366488,0.012102623628800494
746,related:72ac97b96257ebbc10e83e88,3,B,0,0.05010096062758332,0.05139957437989336,0.002510106255806654
773,related:0d48e79b7db7967ce933e682,3,B,0,0.35112639295671083,0.43251733156285943,0.12328974383079051
786,related:910ea5e2863ac5108e8aa903,3,B,0,0.1510030675448873,0.16369970580439275,0.022801926407965793
788,related:ddee263f7a3772b094c51d64,3,B,0,0.07374888191774431,0.07660989526622004,0.005438897584117394
794,related:5de936360b46c6d6e0c2f3b6,3,B,0,0.05715654038860478,0.05885501266160994,0.0032668701091942095
798,related:9ccd616447285f06dabd69a5,3,B,1,0.7090470700511863,0.34383336530081304,0.0846536074457993
800,related:b8c27ad023aefd4b83f5049c,3,B,0,0.0198387753479909,0.020038205897590332,0.00039357700730805145
814,related:b8c27ad023aefd4b83f5049c,3,B,0,0.11694667536897867,0.12436968990599008,0.013676524879857281
815,related:7f14b41acf795da76b94367d,3,B,1,0.2651464441892168,1.3274729860519345,0.5400097484877517
830,related:8d302ac5a3f6850d63fdd308,3,B,1,0.24812700969371,1.3938145280522338,0.5653129935521224
848,related:4e49da2b5e92d1f37a98c720,3,B,0,0.12191557776593377,0.13001253708323263,0.014863408102001445
879,related:40470e67d268d5d7609173ec,3,B,1,0.10939822570021338,2.2127606075881774,0.793171520385928
880,related:4e49da2b5e92d1f37a98c720,3,B,0,0.06098165047787077,0.06292025840769472,0.0037187616950051963
890,related:6ed8fc3666dd8af7f546c798,3,B,0,0.0421899481964397,0.043105796449682134,0.0017799917288182658
896,related:b685e530ed93b852d1da0c7c,3,B,1,0.27831558787420757,1.278999600972472,0.5208283907053506
908,related:a51c410455c3213baff97ac8,3,B,0,0.0880101634008282,0.0921264330497569,0.007745788861840481
932,related:f732fbb79406fb9edea3abbd,3,B,0,0.04176196540360195,0.0426590615237757,0.001744061754371646
937,related:126ebf7ee35120c6a3afc078,3,B,0,0.23582644046602608,0.26896034345041825,0.05561411002287614
948,related:e78f6edda58d27c1e94d3f5d,3,B,0,0.09941726251782909,0.10471323909520482,0.009883792086538945
951,related:ee47a6b7b1c58242eab906af,3,B,0,0.12708548369292436,0.13591764740193502,0.01615072016546454
963,related:e78f6edda58d27c1e94d3f5d,3,B,0,0.1341619556513985,0.14405740367306996,0.017999430344207815
970,related:cb09efdb9a644c167dca21f0,3,B,1,0.08244329397896241,2.4956445676814103,0.8419103087641767
981,related:72ac97b96257ebbc10e83e88,3,B,1,0.25074609818238813,1.3833144128498407,0.5613814093889156
982,related:f15484cc3d6b2265566eaa14,3,B,0,0.028843884566137956,0.02926804561847046,0.0008319696768646914
996,related:d9f7d38368c97a507e130adb,3,B,0,0.09204283312591434,0.09655807453968804,0.008471883129844914
1003,related:ddee263f7a3772b094c51d64,3,B,0,0.0768015486783986,0.07991106074097262,0.005898477879400429
1007,related:a9f24fd08bf0645f4a9fe3f4,3,B,0,0.19320201577183305,0.21468197138293216,0.037327018898299626
1015,related:09702dae0c724726261ca41e,3,B,0,0.2569718054222813,0.29702128804259703,0.06603450878198681
1027,related:40470e67d268d5d7609173ec,3,B,0,0.1037598599898762,0.10954688851222706,0.010766108545118712
1028,related:5d75ca35c716194a7dca8bb0,3,B,0,0.08569464755667579,0.08959067968547672,0.007343572619862879
1039,related:a51c410455c3213baff97ac8,3,B,0,0.3370163844561648,0.41100500170520277,0.11358004339190546
1055,related:ccce06ebd1c87a751ec09343,3,B,0,0.11782763229121744,0.1253678138277068,0.013883350931354347
1066,related:57ca63d53369e22bbfa62ad8,3,B,0,0.09601783681984238,0.10094564978002,0.00921942498756188
1079,related:8bb0c8edbef5921cef884b35,3,B,0,0.042416643909533605,0.04334250574733145,0.0017991716805481743
1086,related:4e49da2b5e92d1f37a98c720,3,B,1,0.3074664514017412,1.179389298820075,0.47960271593409687
1088,related:8bb0c8edbef5921cef884b35,3,B,0,0.038514850751651945,0.03927615947211805,0.0014833937284220245
1109,related:6c4df4d2f61d6d632ae70bb0,3,B,0,0.06350339774505694,0.06560938523597647,0.004032681525166902
1113,related:7d64ac4167e36caf8cf6a4f1,3,B,0,0.08471040372654541,0.08851476512223769,0.007175852499514319
1132,related:f15484cc3d6b2265566eaa14,3,B,0,0.04640631498335302,0.047517604949011916,0.0021535460703341752
1133,related:910ea5e2863ac5108e8aa903,3,B,0,0.1490436305509485,0.16139442146569627,0.022214003807807626
1162,related:e5a256d3ca27ce4ff101427f,3,B,0,0.11193986338454866,0.11871581686916184,0.012530533014551417
1173,related:284c0231418c8134ad3fe589,3,B,0,0.030047397955050417,0.030508072549772374,0.000902846123869168
1174,related:a51c410455c3213baff97ac8,3,B,0,0.39749700572740615,0.5066626438826323,0.15800386956225357
1200,related:9ccd616447285f06dabd69a5,3,B,1,0.35501667336329934,1.0355905233890852,0.4160034916393449
1216,related:7d64ac4167e36caf8cf6a4f1,3,B,0,0.08022981946488848,0.08363144391139206,0.006436823931368599
1217,related:9ab50e7ca06b7f7fac8426c4,3,B,0,0.01960306267930859,0.01979775124096242,0.00038428006640890125
1227,related:72ac97b96257ebbc10e83e88,3,B,0,0.25364405521020983,0.29255265478449255,0.06433530674347997
1261,related:22a3aee2baae538f94428c69,3,B,0,0.04644027029544187,0.04755321331887909,0.002156698705113701
1275,related:5d75ca35c716194a7dca8bb0,3,B,0,0.05929932666374079,0.06113028422234739,0.0035164101427730397
1281,related:9ab50e7ca06b7f7fac8426c4,3,B,1,0.11413052310495314,2.1704125460138917,0.7847647300943038
1283,related:0f8627ec322aef477647fee5,3,B,0,0.06283009867300428,0.06489068839238464,0.003947621299259454
1310,related:53087323eb9968a01bfc4003,3,B,1,0.17381936889290864,1.7497386287876722,0.6825744352165118
1312,related:9420bf464df856bddda39b44,3,B,0,0.06727491450961966,0.06964477804931685,0.004525914122276633
1313,related:57ca63d53369e22bbfa62ad8,3,B,0,0.07437417501075,0.0772852026824157,0.00553151790852967
1328,related:e78f6edda58d27c1e94d3f5d,3,B,0,0.10102587961782886,0.10650103204147982,0.010206228352556048
1354,related:d32bcf20fb9ae456dfac7405,3,B,0,0.10620364498865226,0.11227732057193854,0.011279214208875682
1355,related:3c6b1d5cd40ac7807e5b1a9c,3,B,0,0.06022081021627039,0.062110335797861536,0.003626545983104056
1357,related:924d387dc8b2ebf1fae8e3d0,3,B,0,0.05285622810402854,0.05430437905532378,0.0027937808493850966
1371,related:a9f24fd08bf0645f4a9fe3f4,3,B,0,0.2201498179411919,0.2486534520307066,0.048465942339539936
1373,related:f732fbb79406fb9edea3abbd,3,B,0,0.04355286315326336,0.04452975890906264,0.001896851888846885
1380,related:b685e530ed93b852d1da0c7c,3,B,0,0.05339809422254036,0.05487664822503151,0.0028513564665992985
1385,related:d32bcf20fb9ae456dfac7405,3,B,0,0.10211158051552204,0.10770947287179194,0.01042677487537794
1392,related:9420bf464df856bddda39b44,3,B,0,0.06631707927418302,0.06861838369574011,0.004397955003458276
1395,related:0d48e79b7db7967ce933e682,3,B,0,0.05628925602385442,0.05793557507089689,0.003168480343719031
1400,related:944db2c0ff77d8baebb4ef3a,3,B,0,0.044124648535671954,0.045127759929228545,0.0019469846083965772
1401,related:5224d8be5550014b94a2602f,3,B,1,0.7092349289500548,0.34356845479627385,0.08454432654267968
1411,related:639601cad27d2ecc35baea21,3,B,0,0.09962776996477053,0.10494701223411929,0.009925692548153233
1444,related:3d95500a728f0c500d236f2e,3,B,1,0.06210085356820603,2.778995545077488,0.8796548088774877
1450,related:c099a41a175e5dbf98bf2099,3,B,0,0.03322263241040726,0.03378704003625896,0.001103743304277043
1460,related:3a74186e39bd079c77766ac0,3,B,0,0.270938533299937,0.31599723406692015,0.07340768882672107
1466,related:924d387dc8b2ebf1fae8e3d0,3,B,0,0.055900994769346096,0.0575242399136907,0.0031249212162024597
1497,related:9ccd616447285f06dabd69a5,3,B,0,0.07569451522080654,0.07871265074741045,0.005729659634512913
1504,related:6c4df4d2f61d6d632ae70bb0,3,B,1,0.7166929496096108,0.33310777332713276,0.0802628848009025
1506,related:bd0b2dc5c740dab1492d84e7,3,B,0,0.0962121513697265,0.10116062685051354,0.009256778071191164
1535,related:ccce06ebd1c87a751ec09343,3,B,0,0.07491354018945055,0.07786807577230734,0.005612038503716423
1537,related:0f8627ec322aef477647fee5,3,B,0,0.051111401970995216,0.05246387606259777,0.002612375411440654
1546,related:4e49da2b5e92d1f37a98c720,3,B,0,0.15413401574072572,0.16739434296531489,0.02375729480836228
1550,related:c099a41a175e5dbf98bf2099,3,B,0,0.1812810799872526,0.20001445304295962,0.032862829961344674
1558,related:22a3aee2baae538f94428c69,3,B,0,0.07276487591678955,0.07554810578970125,0.005294727167185781
1562,related:639601cad27d2ecc35baea21,3,B,0,0.11122019005357985,0.11790575699661644,0.012369930675554421
1567,related:8bb0c8edbef5921cef884b35,3,B,0,0.04169796460915328,0.04259227367469839,0.0017387202525461995
1607,related:7a3d55c0f8f72c8eafd80b9e,3,B,0,0.034457560537275084,0.03506522213685231,0.001187323478179977
1620,related:c099a41a175e5dbf98bf2099,3,B,0,0.032732606742924455,0.03328030338994257,0.0010714235441869435
1623,related:b8c27ad023aefd4b83f5049c,3,B,0,0.020139792153123996,0.020345362546500958,0.0004056112279710349
1636,related:a35a56d30f92eb9d19d235cc,3,B,0,0.06084003944739194,0.06276946225592621,0.0037015103999602076
1637,related:a4ec2c54d82b78620973620b,3,B,1,0.2474225215515682,1.3966577902180553,0.5663728610677998
1670,related:6ed8fc3666dd8af7f546c798,3,B,0,0.22107329423276267,0.24983832512809975,0.04887340142292566
1672,related:d32bcf20fb9ae456dfac7405,3,B,0,0.10767113827685375,0.11392053528573026,0.01159307401783336
1676,related:7f14b41acf795da76b94367d,3,B,0,0.050132154620778246,0.05143241419139669,0.002513232926921618
1678,related:57ca63d53369e22bbfa62ad8,3,B,1,0.09099863074432614,2.3969108193441375,0.82628348930869
1684,related:35a32e2c82fc13d7db9746b0,3,B,0,0.06209111351430983,0.06410247063667462,0.0038553063774469085
1689,related:77568bf075f18cd39c99c12e,3,B,0,0.09225217077106317,0.09678866006599951,0.0085104630119734
1690,related:72ac97b96257ebbc10e83e88,3,B,0,0.0493746980571314,0.05063529834299585,0.002437860808232895
1702,related:ff8957626371f688539065e3,3,B,0,0.10357333958807312,0.10933879585113436,0.010727436673426315
1703,related:9fa72acd204b6cc14d284bb4,3,B,0,0.09096942799683548,0.09537655280348269,0.008275436830071436
1711,related:9420bf464df856bddda39b44,3,B,0,0.0627426821428655,0.0647974156002405,0.003936644162480654
1722,related:bd0b2dc5c740dab1492d84e7,3,B,0,0.01625311878432183,0.0163866495572743,0.0002641638702172751
1724,related:22a3aee2baae538f94428c69,3,B,0,0.0768634054481417,0.07997806566502963,0.005907983097085419
1727,related:910ea5e2863ac5108e8aa903,3,B,0,0.026463559142519476,0.02682002204306672,0.0007003199624896262
1747,related:a35a56d30f92eb9d19d235cc,3,B,0,0.04294735585094639,0.043896879482013484,0.001844475374587819
1748,related:ff8957626371f688539065e3,3,B,0,0.01788378867207903,0.018045636155009825,0.0003198298972675822
1752,related:f76b5bd27d8db132155166fc,3,B,0,0.0837895427864362,0.08750918391468787,0.007020687480360023
1754,related:e5a256d3ca27ce4ff101427f,3,B,0,0.13121762260730804,0.14066261385637677,0.01721806448271392
1755,related:cb09efdb9a644c167dca21f0,3,B,0,0.08703579639300213,0.09105860659610944,0.007575229853764122
1778,related:2cc0b76ca7c99fb7978b9001,3,B,0,0.02967147595580072,0.030120580243736213,0.0008803964853956602
1786,related:5d75ca35c716194a7dca8bb0,3,B,0,0.08116662029356533,0.0846504791509636,0.006588020249879812
1792,related:ee47a6b7b1c58242eab906af,3,B,1,0.10665288259423797,2.238175805885851,0.7980690721771844
1798,related:924d387dc8b2ebf1fae8e3d0,3,B,0,0.06624793375917053,0.06854432969597384,0.004388788727359446
1799,related:6ed8fc3666dd8af7f546c798,3,B,0,0.06731525462668043,0.06968802872420836,0.004531343505454821
1821,related:3a74186e39bd079c77766ac0,3,B,0,0.2679139108585714,0.31185716381941214,0.07177786363153454
1825,related:59716dba32a0539946a3abae,3,B,0,0.13216463612948043,0.14175325527220853,0.017467491043237963
1835,related:f76b5bd27d8db132155166fc,3,B,0,0.07638555152292956,0.07946055797206732,0.005834752481462126
1841,related:c099a41a175e5dbf98bf2099,3,B,0,0.17901159275093037,0.19724628991068033,0.03204515033922495
1850,related:3d95500a728f0c500d236f2e,3,B,0,0.065641247079049,0.06789481073250841,0.00430877331809276
1871,related:e5a256d3ca27ce4ff101427f,3,B,0,0.10618612065897665,0.11225771413946305,0.011275492220602748
1887,related:ce0f54598d5188cb5155cfdd,3,B,0,0.029611682372747868,0.030058960143587773,0.0008768517329445067
1892,related:57ca63d53369e22bbfa62ad8,3,B,0,0.057204650283452174,0.0589060403500728,0.003272372014052065
1904,related:e5a256d3ca27ce4ff101427f,3,B,0,0.12399047499946268,0.13237831481657478,0.01537363789059238
1918,related:ee47a6b7b1c58242eab906af,3,B,0,0.11242873569801608,0.11926646305121001,0.012640220610654354
1923,related:a4ec2c54d82b78620973620b,3,B,0,0.0458836064244494,0.04696960913156562,0.0021053053385137743
1932,related:d4ee60bc1c21ed08e30236dc,3,B,0,0.07112191684277462,0.07377778327198206,0.0050583270553905485
1955,related:f76b5bd27d8db132155166fc,3,B,0,0.08067027529726417,0.08411043457366375,0.00650769331653639
1957,related:ce0f54598d5188cb5155cfdd,3,B,0,0.030898335002838503,0.03138575515708904,0.0009547071059476351
1961,related:09702dae0c724726261ca41e,3,B,0,0.07738037379683843,0.08053823537368537,0.005987722248938439
1966,related:77568bf075f18cd39c99c12e,3,B,0,0.09733311482412017,0.10240169154734258,0.009473735241365362
1970,related:09702dae0c724726261ca41e,3,B,0,0.07325646587306613,0.07607841390907495,0.005366509792211702
1977,related:d4ee60bc1c21ed08e30236dc,3,B,0,0.3303644594188584,0.4010216838839692,0.10914067604711453
1981,related:7a3d55c0f8f72c8eafd80b9e,3,B,0,0.03254049970752508,0.03308171511717783,0.0010588841212154398
1993,related:57ca63d53369e22bbfa62ad8,3,B,1,0.7193254070755125,0.32944144078697274,0.07877822711332676
2003,related:0d48e79b7db7967ce933e682,3,B,0,0.0478055212808762,0.04898598068515462,0.0022853678649363074
2018,related:09702dae0c724726261ca41e,3,B,0,0.04815217206821785,0.0493501015767554,0.002318631674887259
2024,related:3c6b1d5cd40ac7807e5b1a9c,3,B,0,0.03984156508889728,0.04065697177152592,0.0015873503087328385
2025,related:ee47a6b7b1c58242eab906af,3,B,0,0.1206590233822483,0.12858254227533675,0.014558599923557944
2041,related:7a3d55c0f8f72c8eafd80b9e,3,B,0,0.049770391839930476,0.05105163079047682,0.002477091903900218
2054,related:f732fbb79406fb9edea3abbd,3,B,0,0.04419747257124308,0.04520394853444321,0.0019534165816857845
2066,related:126ebf7ee35120c6a3afc078,3,B,0,0.09096900090610989,0.09537608297261188,0.008275359125855822
2070,related:53087323eb9968a01bfc4003,3,B,0,0.03979179057958253,0.04060513322343113,0.0015833865975293528
2077,related:53087323eb9968a01bfc4003,3,B,0,0.03758951125361209,0.038314215849896985,0.0014129713562854298
2089,related:3c6b1d5cd40ac7807e5b1a9c,3,B,0,0.21096095025621128,0.23693946665656462,0.04450452253300365
2095,related:5224d8be5550014b94a2602f,3,B,0,0.09335294420337817,0.09800203823020652,0.008714772191439037
2100,related:7a3d55c0f8f72c8eafd80b9e,3,B,0,0.13112583676771747,0.1405569706092447,0.017193985068034087
2105,related:5de936360b46c6d6e0c2f3b6,3,B,0,0.0540473026838434,0.05556271401748606,0.0029211109273989855
2106,related:e78f6edda58d27c1e94d3f5d,3,B,0,0.22068606166243113,0.24934131257773687,0.04870233781207435
2116,related:a35a56d30f92eb9d19d235cc,3,B,0,0.05723375946658952,0.058936916226299894,0.0032757032226794253
2117,related:9ccd616447285f06dabd69a5,3,B,0,0.10061881849077929,0.10604832824754831,0.010124146634480389
2148,related:d4ee60bc1c21ed08e30236dc,3,B,0,0.11147179012203952,0.11818888188811977,0.012425959993012027
2154,related:a4ec2c54d82b78620973620b,3,B,1,0.058782853273423634,2.8339050776005066,0.8858897172921176
2158,related:3d95500a728f0c500d236f2e,3,B,0,0.24852608117635044,0.2857187758821763,0.06176521302487393
2162,related:57ca63d53369e22bbfa62ad8,3,B,0,0.07968433567360089,0.08303855439073211,0.006349593351743104
2181,related:0f8627ec322aef477647fee5,3,B,0,0.07784866109375889,0.08104592691462545,0.006060414034090929
2182,related:a4ec2c54d82b78620973620b,3,B,0,0.3496530390194374,0.4302492723816484,0.1222572476955282
2192,related:d9f7d38368c97a507e130adb,3,B,0,0.08084699547438522,0.0843026802497921,0.0065362366772352635
2207,related:5de936360b46c6d6e0c2f3b6,3,B,1,0.05942537598175909,2.823033938759528,0.8846806233470552
2215,related:5224d8be5550014b94a2602f,3,B,0,0.09848793736746726,0.1036818558042885,0.009699873806898154
2219,related:ce0f54598d5188cb5155cfdd,3,B,0,0.029173310147717874,0.02960731287031531,0.0008510820249749386
2220,related:53087323eb9968a01bfc4003,3,B,0,0.02803121908035181,0.028431593432928323,0.0007857492431306794
2223,related:9420bf464df856bddda39b44,3,B,0,0.06365241093055322,0.06576851559663427,0.004051629417272011
2229,related:7d64ac4167e36caf8cf6a4f1,3,B,0,0.36918287606550093,0.46073927788488833,0.13629599597999503
2234,related:d4ee60bc1c21ed08e30236dc,3,B,0,0.10573924184174112,0.11175787054550129,0.011180787265266216
2249,related:ddee263f7a3772b094c51d64,3,B,0,0.07270605771226397,0.07548467383210956,0.0052861708280590594
2250,related:57ca63d53369e22bbfa62ad8,3,B,0,0.07039825476771742,0.07299901548491593,0.004955914274340449
2252,related:6c4df4d2f61d6d632ae70bb0,3,B,0,0.07680063549746544,0.07991007159234455,0.005898337612814548
2258,related:6c4df4d2f61d6d632ae70bb0,3,B,0,0.08110659811287652,0.0845851569482168,0.006578280257443664
2269,related:3c6b1d5cd40ac7807e5b1a9c,3,B,0,0.06366129687053625,0.06577800564312003,0.004052760719238548
2271,related:3a74186e39bd079c77766ac0,3,B,0,0.05374419697576792,0.05524234159487676,0.0028884387085701415
2300,related:d32bcf20fb9ae456dfac7405,3,B,0,0.10071130862550096,0.106151171060671,0.010142767685060903
2311,related:2cc0b76ca7c99fb7978b9001,3,B,0,0.03011710163881927,0.030579938111346346,0.0009070398111229702
2313,related:59716dba32a0539946a3abae,3,B,0,0.2629581427915587,0.3051105943642166,0.06914698486038579
2315,related:8d302ac5a3f6850d63fdd308,3,B,0,0.14253662095809533,0.1537768075106683,0.02031668831415174
2321,related:3d95500a728f0c500d236f2e,3,B,0,0.04511789129860132,0.046167392507509016,0.0020356241152324045
2346,related:d9f7d38368c97a507e130adb,3,B,0,0.08535884835775481,0.08922347462841886,0.007286132992962182
2349,related:126ebf7ee35120c6a3afc078,3,B,1,0.14409846269630555,1.9372584443451182,0.7325674415588275
2352,related:40470e67d268d5d7609173ec,3,B,0,0.10791003985279825,0.11418829930440555,0.011644576701032507
2362,related:a9f24fd08bf0645f4a9fe3f4,3,B,0,0.035833465801597075,0.03649124597388218,0.001284037271354227
2391,related:944db2c0ff77d8baebb4ef3a,3,B,0,0.046691230602163104,0.04781643053421229,0.0021800710151443723
53,related:944db2c0ff77d8baebb4ef3a,3,C,0,0.042911963865073365,0.043859899978634695,0.0018414366427573622
61,related:bd0b2dc5c740dab1492d84e7,3,C,0,0.027601305537908846,0.027989379134559185,0.0007618320673969975
76,related:284c0231418c8134ad3fe589,3,C,1,0.2580963683952615,1.354422242890223,0.5504209985882995
84,related:2cc0b76ca7c99fb7978b9001,3,C,0,0.18309912073609896,0.20223751429274436,0.03352528801433254
87,related:ccce06ebd1c87a751ec09343,3,C,0,0.0463580845595401,0.047467028686895604,0.0021490720040294705
88,related:cb09efdb9a644c167dca21f0,3,C,0,0.23268473436275872,0.2648575247308955,0.05414218560546759
106,related:b685e530ed93b852d1da0c7c,3,C,0,0.298326089923088,0.3542864984370549,0.08899845592879839
123,related:d9f7d38368c97a507e130adb,3,C,0,0.09175915618152855,0.09624568905636235,0.00841974274314615
132,related:9ab50e7ca06b7f7fac8426c4,3,C,0,0.14060546270996677,0.15152716408449166,0.019769896143883855
137,related:5224d8be5550014b94a2602f,3,C,0,0.1297671223908629,0.13899442773937806,0.016839506053605194
140,related:639601cad27d2ecc35baea21,3,C,0,0.4670972473132082,0.6294163242080507,0.21817983844757635
149,related:bd0b2dc5c740dab1492d84e7,3,C,0,0.1033969201411052,0.10914201222443272,0.010690923094666085
150,related:59716dba32a0539946a3abae,3,C,0,0.2671700875998798,0.31084164713199436,0.07137985570812745
171,related:0d48e79b7db7967ce933e682,3,C,0,0.05305873350920813,0.05451820832048032,0.0028152292016011657
183,related:40470e67d268d5d7609173ec,3,C,0,0.049685987634991685,0.05096280967205282,0.0024686973672645466
185,related:6ed8fc3666dd8af7f546c798,3,C,0,0.04579562485858664,0.046877400769777214,0.0020972392561883985
193,related:8bb0c8edbef5921cef884b35,3,C,0,0.04376387077126085,0.04475039932830624,0.0019152763848836198
194,related:35a32e2c82fc13d7db9746b0,3,C,1,0.46318431428173656,0.7696302171099201,0.28817108043316936
195,related:ff8957626371f688539065e3,3,C,0,0.027601305537908846,0.027989379134559185,0.0007618320673969975
199,related:8d302ac5a3f6850d63fdd308,3,C,0,0.27027846702165564,0.31509227928821304,0.0730504497355762
210,related:944db2c0ff77d8baebb4ef3a,3,C,0,0.04776181814599026,0.04894008446020696,0.0022811912726106442
213,related:22a3aee2baae538f94428c69,3,C,0,0.2646612437049102,0.3074239930293286,0.07004557391942985
216,related:35a32e2c82fc13d7db9746b0,3,C,0,0.13043259121188572,0.1397594222720028,0.017012660850246886
235,related:77568bf075f18cd39c99c12e,3,C,0,0.1248344640600591,0.13334222658618491,0.015583643417162188
237,related:8d302ac5a3f6850d63fdd308,3,C,0,0.15435730441152304,0.16765835422905187,0.02382617742519159
252,related:b8c27ad023aefd4b83f5049c,3,C,0,0.12539053816377588,0.1339778215891353,0.015722787061001334
257,related:924d387dc8b2ebf1fae8e3d0,3,C,0,0.04198727581970162,0.04289421907411818,0.0017629313307597001
272,related:a35a56d30f92eb9d19d235cc,3,C,0,0.04192013556569455,0.04282413868819786,0.0017572977658462093
301,related:6f35fe6c285fcb152ff44c9f,3,C,0,0.052079951035901476,0.05348511681940188,0.002712321299901895
308,related:6f35fe6c285fcb152ff44c9f,3,C,0,0.06419517323917143,0.06634834266545113,0.004121020267207232
312,related:5d75ca35c716194a7dca8bb0,3,C,1,0.34875903851302714,1.0533740292991662,0.42411478991847684
318,related:5de936360b46c6d6e0c2f3b6,3,C,0,0.04147304059565018,0.0423575902312131,0.0017200130962484476
319,related:0f8627ec322aef477647fee5,3,C,0,0.038547137321179176,0.03930973993007356,0.0014858817956578444
322,related:59716dba32a0539946a3abae,3,C,1,0.17597510922610715,1.7374127187970865,0.6790170206149261
330,related:9fa72acd204b6cc14d284bb4,3,C,0,0.08041199063496383,0.08382952514610892,0.006466088237877511
343,related:a9f24fd08bf0645f4a9fe3f4,3,C,0,0.03435375086196185,0.0349577135583006,0.0011801801982857447
355,related:7f14b41acf795da76b94367d,3,C,0,0.0953973082454685,0.10025944631322666,0.009100646420480933
356,related:639601cad27d2ecc35baea21,3,C,0,0.06666269690311197,0.06898861817790249,0.004443915158396174
359,related:77568bf075f18cd39c99c12e,3,C,0,0.18602745635629786,0.20582864371591367,0.0346062145183943
399,related:126ebf7ee35120c6a3afc078,3,C,0,0.03149568749724204,0.03200234338014929,0.0009919783309239286
400,related:6f35fe6c285fcb152ff44c9f,3,C,0,0.03249588230288129,0.0330355980695632,0.0010559823666427136
440,related:9ab50e7ca06b7f7fac8426c4,3,C,0,0.03627812105761774,0.036952533319015365,0.0013161020674711677
456,related:35a32e2c82fc13d7db9746b0,3,C,0,0.043465661927658314,0.044438591036494404,0.0018892637668094854
494,related:7f14b41acf795da76b94367d,3,C,0,0.03111141315604382,0.03160565115900293,0.0009679200285660566
501,related:57ca63d53369e22bbfa62ad8,3,C,0,0.43411164976626293,0.5693584813086141,0.18845292446278653
527,related:284c0231418c8134ad3fe589,3,C,0,0.1740507565605002,0.19122195596966307,0.030293665859282504
531,related:a51c410455c3213baff97ac8,3,C,0,0.08305423726497513,0.08670695489252978,0.006898006327666783
536,related:f76b5bd27d8db132155166fc,3,C,0,0.03488371555774755,0.035506682890238554,0.0012168736111138386
587,related:2cc0b76ca7c99fb7978b9001,3,C,0,0.15219329101272885,0.16510260668694798,0.023162797829285174
588,related:910ea5e2863ac5108e8aa903,3,C,0,0.035745770192028056,0.03640029527342689,0.0012777600866212815
589,related:ddee263f7a3772b094c51d64,3,C,0,0.09135131552352428,0.09579674523396382,0.008345062847878488
594,related:f15484cc3d6b2265566eaa14,3,C,1,0.04883517904811859,3.0193043437001768,0.9047145166164245
614,related:f15484cc3d6b2265566eaa14,3,C,0,0.4603495327341813,0.6168336318428741,0.21192169228857904
625,related:b685e530ed93b852d1da0c7c,3,C,0,0.07586426552562443,0.07889631934723064,0.005755386783742448
658,related:ccce06ebd1c87a751ec09343,3,C,0,0.059050781854653026,0.06086610669212943,0.0034869948376458192
671,related:6f35fe6c285fcb152ff44c9f,3,C,0,0.040248753230921905,0.04108114604598821,0.0016199621366436464
698,related:ce0f54598d5188cb5155cfdd,3,C,0,0.04192013556569455,0.04282413868819786,0.0017572977658462093
707,related:3a74186e39bd079c77766ac0,3,C,0,0.03497881926457271,0.03560522893539644,0.0012235177971436431
711,related:ff8957626371f688539065e3,3,C,0,0.12835944930082424,0.1373781525570304,0.016476148224810867
715,related:cb09efdb9a644c167dca21f0,3,C,0,0.02821122484585589,0.028616807649028728,0.0007958732073034366
729,related:f732fbb79406fb9edea3abbd,3,C,0,0.04463858887206649,0.04566556912047187,0.001992603616489378
735,related:284c0231418c8134ad3fe589,3,C,0,0.040549340006580524,0.04139438747937491,0.0016442489749692718
745,related:7d64ac4167e36caf8cf6a4f1,3,C,0,0.07161880095497712,0.07431285570782231,0.005129252650228632
746,related:72ac97b96257ebbc10e83e88,3,C,0,0.038711605682513035,0.039480816887138434,0.0014985884145183755
773,related:0d48e79b7db7967ce933e682,3,C,0,0.6451859654282438,1.036161473038861,0.416264929985575
786,related:910ea5e2863ac5108e8aa903,3,C,0,0.1387626267089122,0.1493851176719437,0.019255066571156915
788,related:ddee263f7a3772b094c51d64,3,C,0,0.038547137321179176,0.03930973993007356,0.0014858817956578444
794,related:5de936360b46c6d6e0c2f3b6,3,C,0,0.04568483056810492,0.04676129581196185,0.002087103744036454
798,related:9ccd616447285f06dabd69a5,3,C,1,0.5423225098431562,0.6118944178955891,0.20946868499626783
800,related:b8c27ad023aefd4b83f5049c,3,C,0,0.028015887476306775,0.02841581979551456,0.0007848899510850827
814,related:b8c27ad023aefd4b83f5049c,3,C,0,0.15182826421674803,0.1646721450820344,0.02305182181507065
815,related:7f14b41acf795da76b94367d,3,C,1,0.3262341337795267,1.1201399536212173,0.4539604424838247
830,related:8d302ac5a3f6850d63fdd308,3,C,1,0.1916160213859617,1.6522617980166008,0.653484656879862
848,related:4e49da2b5e92d1f37a98c720,3,C,0,0.06706177531840757,0.06941629181498152,0.004497281708856578
879,related:40470e67d268d5d7609173ec,3,C,1,0.10461143222833018,2.257502438597638,0.8017206872962023
880,related:4e49da2b5e92d1f37a98c720,3,C,0,0.08833778785344316,0.09248573893419354,0.007803564762839931
890,related:6ed8fc3666dd8af7f546c798,3,C,0,0.033584015375828044,0.034160911557404465,0.0011278860887638544
896,related:b685e530ed93b852d1da0c7c,3,C,1,0.23467437676064484,1.4495563565178233,0.5857233095867074
908,related:a51c410455c3213baff97ac8,3,C,0,0.09528652662309887,0.10013698941526372,0.009079522155894531
932,related:f732fbb79406fb9edea3abbd,3,C,0,0.0551234113426724,0.056700954029944906,0.0030385904780534643
937,related:126ebf7ee35120c6a3afc078,3,C,0,0.2753611636774253,0.32208190504523093,0.0758237704617858
948,related:e78f6edda58d27c1e94d3f5d,3,C,0,0.09042677650189765,0.09477977464610132,0.008177001908524148
951,related:ee47a6b7b1c58242eab906af,3,C,0,0.08134107408114732,0.08484036162020939,0.006616370332674697
963,related:e78f6edda58d27c1e94d3f5d,3,C,0,0.078247326484071,0.08147834139372877,0.006122644101904799
970,related:cb09efdb9a644c167dca21f0,3,C,1,0.12374403717716068,2.0895400631212286,0.7678245123825812
981,related:72ac97b96257ebbc10e83e88,3,C,1,0.22350940175920625,1.4983017997765475,0.6029376491563457
982,related:f15484cc3d6b2265566eaa14,3,C,0,0.027601305537908846,0.027989379134559185,0.0007618320673969975
996,related:d9f7d38368c97a507e130adb,3,C,0,0.043831193379069995,0.044820805555120406,0.0019211735130334293
1003,related:ddee263f7a3772b094c51d64,3,C,0,0.07451916779581556,0.07744185792947951,0.005553106368980916
1007,related:a9f24fd08bf0645f4a9fe3f4,3,C,0,0.2005166170427007,0.22378953121768394,0.04020691371024909
1015,related:09702dae0c724726261ca41e,3,C,0,0.2743636414345592,0.32070627316007083,0.07527540774123137
1027,related:40470e67d268d5d7609173ec,3,C,0,0.06128031049913656,0.06323836457328069,0.003755276454870587
1028,related:5d75ca35c716194a7dca8bb0,3,C,0,0.04192013556569455,0.04282413868819786,0.0017572977658462093
1039,related:a51c410455c3213baff97ac8,3,C,0,0.2075935198846175,0.2326807863575317,0.04309506949808508
1055,related:ccce06ebd1c87a751ec09343,3,C,0,0.1617144928348573,0.176396535850955,0.026151577192835115
1066,related:57ca63d53369e22bbfa62ad8,3,C,0,0.05499135069161777,0.056561198822997275,0.0030240486508884903
1079,related:8bb0c8edbef5921cef884b35,3,C,0,0.03880651036181347,0.03957954830319966,0.0015059452464615361
1086,related:4e49da2b5e92d1f37a98c720,3,C,1,0.3005168234141676,1.2022515418346353,0.4892767143266069
1088,related:8bb0c8edbef5921cef884b35,3,C,0,0.04112632916415157,0.0419959428740471,0.001691374950518144
1109,related:6c4df4d2f61d6d632ae70bb0,3,C,0,0.05553917008043548,0.05714106466384875,0.003084599413223539
1113,related:7d64ac4167e36caf8cf6a4f1,3,C,0,0.05419984253418078,0.055723982282822486,0.002937622930729992
1132,related:f15484cc3d6b2265566eaa14,3,C,0,0.041026345698230056,0.0418916765284401,0.00168316104135068
1133,related:910ea5e2863ac5108e8aa903,3,C,0,0.11429343197430247,0.12136957056160419,0.013062988592464507
1162,related:e5a256d3ca27ce4ff101427f,3,C,0,0.06935169276625501,0.0718738311469385,0.004809657289545028
1173,related:284c0231418c8134ad3fe589,3,C,0,0.03501751776382125,0.03564533093105186,0.0012262265503395367
1174,related:a51c410455c3213baff97ac8,3,C,0,0.23349725559738393,0.2659170002427367,0.05452096837151004
1200,related:9ccd616447285f06dabd69a5,3,C,1,0.21334918291903662,1.5448250991232768,0.6188195080141473
1216,related:7d64ac4167e36caf8cf6a4f1,3,C,0,0.04883517904811859,0.0500679181499964,0.002384874712661801
1217,related:9ab50e7ca06b7f7fac8426c4,3,C,0,0.029266765620720628,0.029703581310870326,0.0008565435698981949
1227,related:72ac97b96257ebbc10e83e88,3,C,0,0.26438123618630804,0.30704327840207885,0.0698974380474004
1261,related:22a3aee2baae538f94428c69,3,C,0,0.03127988839255183,0.03177955132477655,0.0009784314178504987
1275,related:5d75ca35c716194a7dca8bb0,3,C,0,0.03312100175876571,0.03368192244294615,0.001097000757504161
1281,related:9ab50e7ca06b7f7fac8426c4,3,C,1,0.11585501955480532,2.155415700990548,0.7817123464464336
1283,related:0f8627ec322aef477647fee5,3,C,0,0.06538880537409301,0.06762467080134194,0.004275695868251016
1310,related:53087323eb9968a01bfc4003,3,C,1,0.5602920675278577,0.579297082055544,0.1933430658789261
1312,related:9420bf464df856bddda39b44,3,C,0,0.18425049191051532,0.2036479465251504,0.03394824376926687
1313,related:57ca63d53369e22bbfa62ad8,3,C,0,0.0463580845595401,0.047467028686895604,0.0021490720040294705
1328,related:e78f6edda58d27c1e94d3f5d,3,C,0,0.03880651036181347,0.03957954830319966,0.0015059452464615361
1354,related:d32bcf20fb9ae456dfac7405,3,C,0,0.05063628492908482,0.051963292395660575,0.0025640333514194624
1355,related:3c6b1d5cd40ac7807e5b1a9c,3,C,0,0.04883517904811859,0.0500679181499964,0.002384874712661801
1357,related:924d387dc8b2ebf1fae8e3d0,3,C,0,0.05206546709942851,0.053469837233497144,0.0027108128642816726
1371,related:a9f24fd08bf0645f4a9fe3f4,3,C,0,0.19843352343933696,0.22118737018390028,0.03937586322454989
1373,related:f732fbb79406fb9edea3abbd,3,C,0,0.034361893390668315,0.03496614580048423,0.0011807397173916549
1380,related:b685e530ed93b852d1da0c7c,3,C,0,0.045062344019242105,0.04610922232789094,0.0020306148485085248
1385,related:d32bcf20fb9ae456dfac7405,3,C,0,0.0873184486671346,0.09136825295069491,0.0076245114776350206
1392,related:9420bf464df856bddda39b44,3,C,0,0.15318676252802987,0.16627510749598431,0.02346618421381902
1395,related:0d48e79b7db7967ce933e682,3,C,0,0.04112632916415157,0.0419959428740471,0.001691374950518144
1400,related:944db2c0ff77d8baebb4ef3a,3,C,0,0.040248753230921905,0.04108114604598821,0.0016199621366436464
1401,related:5224d8be5550014b94a2602f,3,C,1,0.5370251333795972,0.621710382254552,0.21434572712217972
1411,related:639601cad27d2ecc35baea21,3,C,0,0.09619086239451849,0.10113707184862857,0.009252682008201191
1444,related:3d95500a728f0c500d236f2e,3,C,1,0.15514817535750625,1.8633746486628249,0.713774605601751
1450,related:c099a41a175e5dbf98bf2099,3,C,0,0.03497881926457271,0.03560522893539644,0.0012235177971436431
1460,related:3a74186e39bd079c77766ac0,3,C,0,0.35687144072708465,0.4414106380683555,0.1273572252066251
1466,related:924d387dc8b2ebf1fae8e3d0,3,C,0,0.04192013556569455,0.04282413868819786,0.0017572977658462093
1497,related:9ccd616447285f06dabd69a5,3,C,0,0.052836016103176946,0.054283039332894176,0.0027916445976551734
1504,related:6c4df4d2f61d6d632ae70bb0,3,C,1,0.6766018106920696,0.3906723464758382,0.104586388847648
1506,related:bd0b2dc5c740dab1492d84e7,3,C,0,0.12586478257046033,0.1345202042753369,0.015841943491509254
1535,related:ccce06ebd1c87a751ec09343,3,C,0,0.11820274889750466,0.12579312343388313,0.01397188984692654
1537,related:0f8627ec322aef477647fee5,3,C,0,0.055364058013893915,0.056955672290469654,0.003065178919765811
1546,related:4e49da2b5e92d1f37a98c720,3,C,0,0.13595544352079356,0.1461309415086866,0.018483882622935686
1550,related:c099a41a175e5dbf98bf2099,3,C,0,0.15866226737778782,0.17276211505406716,0.025173715089460636
1558,related:22a3aee2baae538f94428c69,3,C,0,0.042643891828512075,0.04357984789238227,0.0018185015102818388
1562,related:639601cad27d2ecc35baea21,3,C,0,0.07858098749028465,0.08184039232190665,0.0061749715949482725
1567,related:8bb0c8edbef5921cef884b35,3,C,0,0.03722727857102256,0.03793790601616316,0.0013858702698045153
1607,related:7a3d55c0f8f72c8eafd80b9e,3,C,0,0.04471451886792751,0.04574505005042141,0.0019993881975902453
1620,related:c099a41a175e5dbf98bf2099,3,C,0,0.02821122484585589,0.028616807649028728,0.0007958732073034366
1623,related:b8c27ad023aefd4b83f5049c,3,C,0,0.03473829746331678,0.03535602007115684,0.0012067493106498813
1636,related:a35a56d30f92eb9d19d235cc,3,C,0,0.05721072079976617,0.05891247921918626,0.0032730665744287973
1637,related:a4ec2c54d82b78620973620b,3,C,1,0.1806103528173314,1.711413315072301,0.6713993939101381
1670,related:6ed8fc3666dd8af7f546c798,3,C,0,0.4270636950993308,0.5569807291780258,0.18238339967189418
1672,related:d32bcf20fb9ae456dfac7405,3,C,0,0.0624377918093478,0.06447216793563125,0.0038984778460274586
1676,related:7f14b41acf795da76b94367d,3,C,0,0.03501751776382125,0.03564533093105186,0.0012262265503395367
1678,related:57ca63d53369e22bbfa62ad8,3,C,1,0.0820903757363113,2.499934495505975,0.8425580783159062
1684,related:35a32e2c82fc13d7db9746b0,3,C,0,0.05528765068776812,0.05687479008731065,0.0030567243185726668
1689,related:77568bf075f18cd39c99c12e,3,C,0,0.04112632916415157,0.0419959428740471,0.001691374950518144
1690,related:72ac97b96257ebbc10e83e88,3,C,0,0.031245186673600704,0.031743729731930855,0.000976261690268155
1702,related:ff8957626371f688539065e3,3,C,0,0.10550001479462913,0.11149039257291517,0.011130253121666964
1703,related:9fa72acd204b6cc14d284bb4,3,C,0,0.05270067967263078,0.054140163584945354,0.002777361637957239
1711,related:9420bf464df856bddda39b44,3,C,0,0.03111141315604382,0.03160565115900293,0.0009679200285660566
1722,related:bd0b2dc5c740dab1492d84e7,3,C,0,0.03422773970145019,0.03482722794881233,0.0011715381650702296
1724,related:22a3aee2baae538f94428c69,3,C,0,0.11793843010496441,0.125493418274522,0.013909473295623575
1727,related:910ea5e2863ac5108e8aa903,3,C,0,0.028834222184492147,0.029258096308132708,0.000831412368984659
1747,related:a35a56d30f92eb9d19d235cc,3,C,0,0.04579562485858664,0.046877400769777214,0.0020972392561883985
1748,related:ff8957626371f688539065e3,3,C,0,0.03422773970145019,0.03482722794881233,0.0011715381650702296
1752,related:f76b5bd27d8db132155166fc,3,C,0,0.09214414278504901,0.0966696605431981,0.008490543049591499
1754,related:e5a256d3ca27ce4ff101427f,3,C,0,0.10270228141808291,0.10836756721794806,0.010547758608479098
1755,related:cb09efdb9a644c167dca21f0,3,C,0,0.04192013556569455,0.04282413868819786,0.0017572977658462093
1778,related:2cc0b76ca7c99fb7978b9001,3,C,0,0.028634698225709368,0.029052669520802696,0.0008199459424774432
1786,related:5d75ca35c716194a7dca8bb0,3,C,0,0.0897091175063159,0.09399107945680675,0.008047725763761993
1792,related:ee47a6b7b1c58242eab906af,3,C,1,0.06666269690311197,2.708109749328491,0.8711185213521722
1798,related:924d387dc8b2ebf1fae8e3d0,3,C,0,0.05546538823110645,0.057062947112330877,0.003076409291627362
1799,related:6ed8fc3666dd8af7f546c798,3,C,0,0.04977005595734403,0.05105127731535442,0.002477058469997156
1821,related:3a74186e39bd079c77766ac0,3,C,0,0.3076816546540507,0.36770939252178025,0.0946680006106545
1825,related:59716dba32a0539946a3abae,3,C,0,0.12624538140730054,0.13495569950508396,0.015937896326674784
1835,related:f76b5bd27d8db132155166fc,3,C,0,0.038547137321179176,0.03930973993007356,0.0014858817956578444
1841,related:c099a41a175e5dbf98bf2099,3,C,0,0.1312186441409612,0.14066378967932194,0.017218332570192212
1850,related:3d95500a728f0c500d236f2e,3,C,0,0.04441013311258407,0.04542646751364489,0.001972259923077436
1871,related:e5a256d3ca27ce4ff101427f,3,C,0,0.09670327999187606,0.10170418595423819,0.009351524361187176
1887,related:ce0f54598d5188cb5155cfdd,3,C,0,0.039389134244580515,0.04018587838979905,0.0015515038965375854
1892,related:57ca63d53369e22bbfa62ad8,3,C,0,0.07641427045734603,0.07949165252777439,0.005839140729528426
1904,related:e5a256d3ca27ce4ff101427f,3,C,0,0.06945958280056728,0.0719897678416077,0.004824633642828862
1918,related:ee47a6b7b1c58242eab906af,3,C,0,0.08189930942389449,0.08544820965314952,0.0067074968841108135
1923,related:a4ec2c54d82b78620973620b,3,C,0,0.03987339992508926,0.04069012813697686,0.0015898880215861081
1932,related:d4ee60bc1c21ed08e30236dc,3,C,0,0.032154727658063924,0.032683047103720275,0.001033926510764261
1955,related:f76b5bd27d8db132155166fc,3,C,0,0.10318370821719623,0.10890424081604393,0.01064687764145149
1957,related:ce0f54598d5188cb5155cfdd,3,C,0,0.03385667369763956,0.034443084862077804,0.0011462743538684385
1961,related:09702dae0c724726261ca41e,3,C,0,0.1189807044624535,0.1266757514270636,0.014156408034381701
1966,related:77568bf075f18cd39c99c12e,3,C,0,0.12105624011055606,0.12903436526716258,0.014654613269704601
1970,related:09702dae0c724726261ca41e,3,C,0,0.03111141315604382,0.03160565115900293,0.0009679200285660566
1977,related:d4ee60bc1c21ed08e30236dc,3,C,0,0.27074330948519787,0.3157294957617506,0.07330193963099764
1981,related:7a3d55c0f8f72c8eafd80b9e,3,C,0,0.038547137321179176,0.03930973993007356,0.0014858817956578444
1993,related:57ca63d53369e22bbfa62ad8,3,C,1,0.6416890426047598,0.44365144994452854,0.12838674218949364
2003,related:0d48e79b7db7967ce933e682,3,C,0,0.04966377173512383,0.050939432514705354,0.002466490222958485
2018,related:09702dae0c724726261ca41e,3,C,0,0.03501751776382125,0.03564533093105186,0.0012262265503395367
2024,related:3c6b1d5cd40ac7807e5b1a9c,3,C,0,0.030784330747213658,0.031268122967826925,0.0009476750195538441
2025,related:ee47a6b7b1c58242eab906af,3,C,0,0.06620082754132553,0.0684938826540091,0.004382549567156325
2041,related:7a3d55c0f8f72c8eafd80b9e,3,C,0,0.0688963101209692,0.07138463317097432,0.004746701548284762
2054,related:f732fbb79406fb9edea3abbd,3,C,0,0.04254038264969901,0.043471733907799674,0.0018096841559828126
2066,related:126ebf7ee35120c6a3afc078,3,C,0,0.07381849837069432,0.07668505746347569,0.0054491707017042
2070,related:53087323eb9968a01bfc4003,3,C,0,0.04192013556569457,0.042824138688197975,0.001757297765846211
2077,related:53087323eb9968a01bfc4003,3,C,0,0.042936715755887714,0.043885761978730786,0.0018435615599018962
2089,related:3c6b1d5cd40ac7807e5b1a9c,3,C,0,0.4325739639828037,0.5666448711300097,0.18712023431579594
2095,related:5224d8be5550014b94a2602f,3,C,0,0.05171375002754616,0.053098870857542856,0.002674311941911531
2100,related:7a3d55c0f8f72c8eafd80b9e,3,C,0,0.10229322594333169,0.10791179623407611,0.010463904073893507
2105,related:5de936360b46c6d6e0c2f3b6,3,C,0,0.04579562485858664,0.046877400769777214,0.0020972392561883985
2106,related:e78f6edda58d27c1e94d3f5d,3,C,0,0.2245491818267881,0.2543107178824972,0.05042233505907994
2116,related:a35a56d30f92eb9d19d235cc,3,C,0,0.04927738875304285,0.05053294011229185,0.002428261042318514
2117,related:9ccd616447285f06dabd69a5,3,C,0,0.16001690788755596,0.17437351578492408,0.02560541080989457
2148,related:d4ee60bc1c21ed08e30236dc,3,C,0,0.047685903664055465,0.04886036548074462,0.0022739454082575782
2154,related:a4ec2c54d82b78620973620b,3,C,1,0.19996027635860142,1.6096365503683014,0.6400635594042053
2158,related:3d95500a728f0c500d236f2e,3,C,0,0.22076601651163152,0.24944391429841659,0.048737634046413965
2162,related:57ca63d53369e22bbfa62ad8,3,C,0,0.05946203632121627,0.06130326563435936,0.0035357337634656432
2181,related:0f8627ec322aef477647fee5,3,C,0,0.05278056999897978,0.05422450197049306,0.0027857885694172043
2182,related:a4ec2c54d82b78620973620b,3,C,0,0.21898581128745798,0.24716196194186488,0.047954785545226156
2192,related:d9f7d38368c97a507e130adb,3,C,0,0.10275781799506437,0.10842946227749062,0.010559169159106773
2207,related:5de936360b46c6d6e0c2f3b6,3,C,1,0.0405190934432147,3.2059819729216614,0.9206036100470306
2215,related:5224d8be5550014b94a2602f,3,C,0,0.10673628927672958,0.1128734329400265,0.011392635448565698
2219,related:ce0f54598d5188cb5155cfdd,3,C,0,0.03179636072386464,0.032312842677435706,0.0010110085552821218
2220,related:53087323eb9968a01bfc4003,3,C,0,0.03503524868881733,0.035663705448954135,0.0012274686506872762
2223,related:9420bf464df856bddda39b44,3,C,0,0.03854713732117919,0.03930973993007356,0.0014858817956578455
2229,related:7d64ac4167e36caf8cf6a4f1,3,C,0,0.13887943569569494,0.14952075612944687,0.019287497659154666
2234,related:d4ee60bc1c21ed08e30236dc,3,C,0,0.09156223366954132,0.09602889505476143,0.008383642634555686
2249,related:ddee263f7a3772b094c51d64,3,C,0,0.031111413156043835,0.03160565115900293,0.0009679200285660574
2250,related:57ca63d53369e22bbfa62ad8,3,C,0,0.07876497649971602,0.0820400923268422,0.0062039215230008165
2252,related:6c4df4d2f61d6d632ae70bb0,3,C,0,0.04850416692365932,0.04971997157623608,0.0023526542089582067
2258,related:6c4df4d2f61d6d632ae70bb0,3,C,0,0.07231086509810147,0.07505858625750998,0.00522886121123583
2269,related:3c6b1d5cd40ac7807e5b1a9c,3,C,0,0.04568483056810492,0.04676129581196185,0.002087103744036454
2271,related:3a74186e39bd079c77766ac0,3,C,0,0.02821122484585589,0.028616807649028728,0.0007958732073034366
2300,related:d32bcf20fb9ae456dfac7405,3,C,0,0.07117118294994572,0.07383082297073885,0.0050653372824946445
2311,related:2cc0b76ca7c99fb7978b9001,3,C,0,0.03550016867695989,0.036145621521759895,0.001260261976092604
2313,related:59716dba32a0539946a3abae,3,C,0,0.3805480945499662,0.4789202153898731,0.14481685226561
2315,related:8d302ac5a3f6850d63fdd308,3,C,0,0.24302817933846718,0.2784292512553467,0.05906269595257017
2321,related:3d95500a728f0c500d236f2e,3,C,0,0.03510749504506756,0.03573857767699009,0.0012325362083394436
2346,related:d9f7d38368c97a507e130adb,3,C,0,0.04838715209232191,0.04959699927028835,0.0023413164876054924
2349,related:126ebf7ee35120c6a3afc078,3,C,1,0.2416777813347801,1.4201499221230347,0.5750525873213416
2352,related:40470e67d268d5d7609173ec,3,C,0,0.08556609047059734,0.08945008327683235,0.007321555838422448
2362,related:a9f24fd08bf0645f4a9fe3f4,3,C,0,0.03627812105761774,0.036952533319015365,0.0013161020674711677
2391,related:944db2c0ff77d8baebb4ef3a,3,C,0,0.047685903664055444,0.04886036548074462,0.0022739454082575765
53,related:944db2c0ff77d8baebb4ef3a,3,D,0,0.03133058516193363,0.0318318864579043,0.0009816055665891755
61,related:bd0b2dc5c740dab1492d84e7,3,D,0,0.013026908593625089,0.013112502933089541,0.00016970034750666318
76,related:284c0231418c8134ad3fe589,3,D,1,0.192380855950603,1.6482782469973556,0.6522486818350806
84,related:2cc0b76ca7c99fb7978b9001,3,D,0,0.15093987936876413,0.1636252817135916,0.022782847183857067
87,related:ccce06ebd1c87a751ec09343,3,D,0,0.05510139188447616,0.056677650244145575,0.003036163387606615
88,related:cb09efdb9a644c167dca21f0,3,D,0,0.2718797131241541,0.3172890152092331,0.07391857840847232
106,related:b685e530ed93b852d1da0c7c,3,D,0,0.33521986957183053,0.40829892393182476,0.11237236095575508
123,related:d9f7d38368c97a507e130adb,3,D,0,0.11087734320757132,0.11752008134041791,0.012293785236769562
132,related:9ab50e7ca06b7f7fac8426c4,3,D,0,0.08650497333974351,0.09047734744790886,0.007483110412509736
137,related:5224d8be5550014b94a2602f,3,D,0,0.15769604585138636,0.17161433920595448,0.024868042877162547
140,related:639601cad27d2ecc35baea21,3,D,0,0.5713661038041259,0.8471521132184653,0.32645922457630716
149,related:bd0b2dc5c740dab1492d84e7,3,D,0,0.052363639769873044,0.053784436570281965,0.00274195076994903
150,related:59716dba32a0539946a3abae,3,D,0,0.25518540439833653,0.2946199565388116,0.06511959061794255
171,related:0d48e79b7db7967ce933e682,3,D,0,0.04666401400956149,0.0477878813327666,0.002177530203484551
183,related:40470e67d268d5d7609173ec,3,D,0,0.07743202101845713,0.08059421582953402,0.005995717879002787
185,related:6ed8fc3666dd8af7f546c798,3,D,0,0.04436618118083661,0.04538047401525534,0.0019683580325708205
193,related:8bb0c8edbef5921cef884b35,3,D,0,0.028764548140642665,0.029186356193047377,0.0008273992297353494
194,related:35a32e2c82fc13d7db9746b0,3,D,1,0.46653702337983544,0.7624178976856314,0.2845827474244463
195,related:ff8957626371f688539065e3,3,D,0,0.014039595383391093,0.014139082775485328,0.0001971102385293365
199,related:8d302ac5a3f6850d63fdd308,3,D,0,0.30797460296003576,0.3681326231131261,0.09484835606839166
210,related:944db2c0ff77d8baebb4ef3a,3,D,0,0.03456962760687199,0.03518129530891835,0.001195059152877806
213,related:22a3aee2baae538f94428c69,3,D,0,0.28685484710339765,0.3380702987873955,0.08228570330671364
216,related:35a32e2c82fc13d7db9746b0,3,D,0,0.12961196599311225,0.13881615066925193,0.016799261728599687
235,related:77568bf075f18cd39c99c12e,3,D,0,0.16021764142263367,0.17461251764789354,0.02566969262303162
237,related:8d302ac5a3f6850d63fdd308,3,D,0,0.17347577523437535,0.19052605208933787,0.030093844593167517
252,related:b8c27ad023aefd4b83f5049c,3,D,0,0.07959554182743978,0.08294207709888891,0.006335450278803715
257,related:924d387dc8b2ebf1fae8e3d0,3,D,0,0.03524881292557238,0.03588504811745652,0.0012424788126619984
272,related:a35a56d30f92eb9d19d235cc,3,D,0,0.03007704390342507,0.030538637343738163,0.0009046285699685591
301,related:6f35fe6c285fcb152ff44c9f,3,D,0,0.05404428535259295,0.055559524295159826,0.002920784779272493
308,related:6f35fe6c285fcb152ff44c9f,3,D,0,0.0643532583961707,0.06651728655910835,0.0041413418662043155
312,related:5d75ca35c716194a7dca8bb0,3,D,1,0.3835354827070513,0.958323139098782,0.38002850108122826
318,related:5de936360b46c6d6e0c2f3b6,3,D,0,0.03595030072400528,0.03661243043496379,0.0012924241221464144
319,related:0f8627ec322aef477647fee5,3,D,0,0.030216325391117942,0.03068224822357689,0.0009130263201419189
322,related:59716dba32a0539946a3abae,3,D,1,0.18524031274234812,1.6861013090620707,0.6638333479801868
330,related:9fa72acd204b6cc14d284bb4,3,D,0,0.1020119080512181,0.10759847140396077,0.010406429384250175
343,related:a9f24fd08bf0645f4a9fe3f4,3,D,0,0.03125061554486891,0.03174933371593711,0.0009766009719332023
355,related:7f14b41acf795da76b94367d,3,D,0,0.10641450248891415,0.11251326064366125,0.011324046339963116
356,related:639601cad27d2ecc35baea21,3,D,0,0.10042736526397925,0.10583547872823998,0.010085655693864706
359,related:77568bf075f18cd39c99c12e,3,D,0,0.20713732588562017,0.2321052449608258,0.04290587177504561
399,related:126ebf7ee35120c6a3afc078,3,D,0,0.03301170411139396,0.03356888712990278,0.0010897726083382248
400,related:6f35fe6c285fcb152ff44c9f,3,D,0,0.03430663246728654,0.03490892007394607,0.0011769450312454788
440,related:9ab50e7ca06b7f7fac8426c4,3,D,0,0.02077766320306098,0.020996556212864687,0.00043171128817983426
456,related:35a32e2c82fc13d7db9746b0,3,D,0,0.04619001914648524,0.047290808868386554,0.002133517868752673
494,related:7f14b41acf795da76b94367d,3,D,0,0.03683780737205696,0.037533457037714255,0.0013570240519807741
501,related:57ca63d53369e22bbfa62ad8,3,D,0,0.5056186076822785,0.7044480104447544,0.2556501764345659
527,related:284c0231418c8134ad3fe589,3,D,0,0.13248348851150762,0.1421207339261264,0.017551874728178773
531,related:a51c410455c3213baff97ac8,3,D,0,0.1153793782481666,0.1225964018686539,0.0133124009249335
536,related:f76b5bd27d8db132155166fc,3,D,0,0.040273535669664365,0.04110696811060564,0.001621957675335728
587,related:2cc0b76ca7c99fb7978b9001,3,D,0,0.1286677445272459,0.13773191049122785,0.016555388481728613
588,related:910ea5e2863ac5108e8aa903,3,D,0,0.024150917646423152,0.024447333261389446,0.0005832668231643132
589,related:ddee263f7a3772b094c51d64,3,D,0,0.09643155219318346,0.101403413317097,0.009299044258386666
594,related:f15484cc3d6b2265566eaa14,3,D,1,0.035112240192634016,3.3492054858633358,0.9310083890260772
614,related:f15484cc3d6b2265566eaa14,3,D,0,0.37066150623896604,0.4630860211462677,0.13738995220733907
625,related:b685e530ed93b852d1da0c7c,3,D,0,0.08712518308900007,0.0911565196049397,0.007590797528291783
658,related:ccce06ebd1c87a751ec09343,3,D,0,0.06680504308476777,0.06914114292658355,0.004462913781557678
671,related:6f35fe6c285fcb152ff44c9f,3,D,0,0.04101387682578229,0.041878674303268984,0.0016821380922804414
698,related:ce0f54598d5188cb5155cfdd,3,D,0,0.022437215713307153,0.022692759735936822,0.0005034286489654774
707,related:3a74186e39bd079c77766ac0,3,D,0,0.04127440851946097,0.04215038531519075,0.0017035767986313525
711,related:ff8957626371f688539065e3,3,D,0,0.06830557385388714,0.07075038699925772,0.00466565141950883
715,related:cb09efdb9a644c167dca21f0,3,D,0,0.035158739782114756,0.035791688357835284,0.0012361369830664588
729,related:f732fbb79406fb9edea3abbd,3,D,0,0.034007268162923335,0.03459896877610581,0.001156494287904979
735,related:284c0231418c8134ad3fe589,3,D,0,0.030502078772208868,0.030976948471104118,0.0009303768094260349
745,related:7d64ac4167e36caf8cf6a4f1,3,D,0,0.07812893079136554,0.08134990337232074,0.006104129826601986
746,related:72ac97b96257ebbc10e83e88,3,D,0,0.04547055798566304,0.046536790808194645,0.002067571643527545
773,related:0d48e79b7db7967ce933e682,3,D,0,0.5774672529256383,0.8614883273201763,0.3334684282014831
786,related:910ea5e2863ac5108e8aa903,3,D,0,0.09946516236411175,0.10476642812290143,0.009893318524119113
788,related:ddee263f7a3772b094c51d64,3,D,0,0.042388388729736666,0.043312999425228,0.0017967754991032663
794,related:5de936360b46c6d6e0c2f3b6,3,D,0,0.039175401334435866,0.03996340626936221,0.0015347120697141194
798,related:9ccd616447285f06dabd69a5,3,D,1,0.6332800760330066,0.4568424965057171,0.1344835026343574
800,related:b8c27ad023aefd4b83f5049c,3,D,0,0.01676535754717024,0.01690748696043684,0.00028107721368445817
814,related:b8c27ad023aefd4b83f5049c,3,D,0,0.09429259875227614,0.09903898178111381,0.008891094179457748
815,related:7f14b41acf795da76b94367d,3,D,1,0.3373978624422327,1.0864924442719837,0.4390415926961224
830,related:8d302ac5a3f6850d63fdd308,3,D,1,0.22894587694106489,1.4742696485973585,0.5945244606861836
848,related:4e49da2b5e92d1f37a98c720,3,D,0,0.08937609247047776,0.0936253017264309,0.007988085905291391
879,related:40470e67d268d5d7609173ec,3,D,1,0.1503505569128622,1.8947856654449666,0.7219041761382833
880,related:4e49da2b5e92d1f37a98c720,3,D,0,0.11119264979944825,0.11787477088831042,0.01236380536942274
890,related:6ed8fc3666dd8af7f546c798,3,D,0,0.03361046201033082,0.03418827761590856,0.0011296631565478913
896,related:b685e530ed93b852d1da0c7c,3,D,1,0.2719351562602004,1.3021916372092122,0.5300784166898589
908,related:a51c410455c3213baff97ac8,3,D,0,0.1291835650364448,0.13832407639199584,0.01668839347552536
932,related:f732fbb79406fb9edea3abbd,3,D,0,0.040658448411427725,0.04150811360803673,0.0016531094272247296
937,related:126ebf7ee35120c6a3afc078,3,D,0,0.2809859107027679,0.32987432576847675,0.07895308201346386
948,related:e78f6edda58d27c1e94d3f5d,3,D,0,0.11393846011397692,0.12096887267852342,0.012981972693144309
951,related:ee47a6b7b1c58242eab906af,3,D,0,0.12244866999810668,0.1306198296242712,0.01499367678430523
963,related:e78f6edda58d27c1e94d3f5d,3,D,0,0.0913402859437086,0.09578460686512699,0.008343047836278452
970,related:cb09efdb9a644c167dca21f0,3,D,1,0.1382657566765939,1.9785776727297872,0.7425859061161633
981,related:72ac97b96257ebbc10e83e88,3,D,1,0.25886094733585946,1.3514642443289435,0.5492870953838997
982,related:f15484cc3d6b2265566eaa14,3,D,0,0.020672903207265437,0.020889579085712564,0.0004273689270169656
996,related:d9f7d38368c97a507e130adb,3,D,0,0.056369641343796746,0.05802075874000562,0.0031775364652282794
1003,related:ddee263f7a3772b094c51d64,3,D,0,0.0814310788968956,0.08493834055729788,0.0066310206103124365
1007,related:a9f24fd08bf0645f4a9fe3f4,3,D,0,0.18535476317643998,0.20500255274947446,0.03435638823219415
1015,related:09702dae0c724726261ca41e,3,D,0,0.280413417617666,0.32907842301854334,0.07863168478001957
1027,related:40470e67d268d5d7609173ec,3,D,0,0.0917694219613811,0.096256992047127,0.008421626807126017
1028,related:5d75ca35c716194a7dca8bb0,3,D,0,0.04997216380361682,0.05126399355747331,0.002497217155215511
1039,related:a51c410455c3213baff97ac8,3,D,0,0.2852625452824997,0.33583999992046204,0.0813747197410502
1055,related:ccce06ebd1c87a751ec09343,3,D,0,0.17378948667860009,0.1909056791895165,0.030202785680011317
1066,related:57ca63d53369e22bbfa62ad8,3,D,0,0.075441532409412,0.07843898776355585,0.005691424812280361
1079,related:8bb0c8edbef5921cef884b35,3,D,0,0.025895555993385645,0.026236749048901033,0.0006705798202065712
1086,related:4e49da2b5e92d1f37a98c720,3,D,1,0.36464615827049796,1.008827824996127,0.40367450420043716
1088,related:8bb0c8edbef5921cef884b35,3,D,0,0.02686738442801064,0.027234910531636423,0.0007218563460025085
1109,related:6c4df4d2f61d6d632ae70bb0,3,D,0,0.059426461591844164,0.0612654425395169,0.0035315043373269294
1113,related:7d64ac4167e36caf8cf6a4f1,3,D,0,0.06302470783465548,0.06509836617853106,0.003972113797643684
1132,related:f15484cc3d6b2265566eaa14,3,D,0,0.029952993873654094,0.030410748734784828,0.0008971818419951597
1133,related:910ea5e2863ac5108e8aa903,3,D,0,0.08403668262064683,0.08777896163898082,0.007062164025883324
1162,related:e5a256d3ca27ce4ff101427f,3,D,0,0.10546253627863023,0.11144849460590855,0.011122346558321396
1173,related:284c0231418c8134ad3fe589,3,D,0,0.025128923565717134,0.02545004602552571,0.000631462799571654
1174,related:a51c410455c3213baff97ac8,3,D,0,0.3122182933870362,0.37428377829469345,0.09748026272551343
1200,related:9ccd616447285f06dabd69a5,3,D,1,0.30836051469812914,1.1764856782455977,0.4783651776286368
1216,related:7d64ac4167e36caf8cf6a4f1,3,D,0,0.056682536989729346,0.058352400818506914,0.0032129099995920354
1217,related:9ab50e7ca06b7f7fac8426c4,3,D,0,0.017319998492299888,0.01747174437776617,0.0002999823477732704
1227,related:72ac97b96257ebbc10e83e88,3,D,0,0.29601316885940704,0.35099562876525275,0.08762379613818783
1261,related:22a3aee2baae538f94428c69,3,D,0,0.035302032776388596,0.03594021396695417,0.0012462335181452147
1275,related:5d75ca35c716194a7dca8bb0,3,D,0,0.0394467337099043,0.040245841476117684,0.0015560448003801002
1281,related:9ab50e7ca06b7f7fac8426c4,3,D,1,0.07292401346761374,2.6183372913608065,0.8594698848049973
1283,related:0f8627ec322aef477647fee5,3,D,0,0.04901029048264289,0.05025203719207633,0.002402008573193036
1310,related:53087323eb9968a01bfc4003,3,D,1,0.4270950779263999,0.8507486256066487,0.3282200497361578
1312,related:9420bf464df856bddda39b44,3,D,0,0.1688773037616222,0.18497784612273369,0.02851954372579521
1313,related:57ca63d53369e22bbfa62ad8,3,D,0,0.05244078169299349,0.05386584444610935,0.002750035584572201
1328,related:e78f6edda58d27c1e94d3f5d,3,D,0,0.05210084628695379,0.05350716032547424,0.002714498183816787
1354,related:d32bcf20fb9ae456dfac7405,3,D,0,0.07841133376767713,0.08165628704112729,0.006148337263226064
1355,related:3c6b1d5cd40ac7807e5b1a9c,3,D,0,0.0451072854154968,0.04615628556131272,0.0020346671975550903
1357,related:924d387dc8b2ebf1fae8e3d0,3,D,0,0.04325258410272012,0.044215855597370485,0.0018707860315628772
1371,related:a9f24fd08bf0645f4a9fe3f4,3,D,0,0.18494153898646654,0.20449543700889242,0.034203372842682725
1373,related:f732fbb79406fb9edea3abbd,3,D,0,0.026698552587162423,0.027061432431882394,0.0007128127102494773
1380,related:b685e530ed93b852d1da0c7c,3,D,0,0.05363141285404515,0.05512315881096881,0.0028763284447210396
1385,related:d32bcf20fb9ae456dfac7405,3,D,0,0.12522688968019063,0.13379072874087297,0.015681773898974634
1392,related:9420bf464df856bddda39b44,3,D,0,0.14440855409212108,0.155962299593992,0.02085383049497706
1395,related:0d48e79b7db7967ce933e682,3,D,0,0.03629914195048103,0.036974345755343585,0.0013176277063411716
1400,related:944db2c0ff77d8baebb4ef3a,3,D,0,0.029304721521072802,0.029742682313153555,0.0008587667034276274
1401,related:5224d8be5550014b94a2602f,3,D,1,0.626587904863457,0.46746620345363965,0.13943659279426268
1411,related:639601cad27d2ecc35baea21,3,D,0,0.13133562130714696,0.1407984438604986,0.017249045424134316
1444,related:3d95500a728f0c500d236f2e,3,D,1,0.14832440514355497,1.9083534773389494,0.7253513188740796
1450,related:c099a41a175e5dbf98bf2099,3,D,0,0.027939398782228883,0.02833712953332382,0.0007806100043124128
1460,related:3a74186e39bd079c77766ac0,3,D,0,0.38791870435228754,0.4908901692660607,0.15048092118635747
1466,related:924d387dc8b2ebf1fae8e3d0,3,D,0,0.03545609096966052,0.03609992249857547,0.0012571343868488423
1497,related:9ccd616447285f06dabd69a5,3,D,0,0.08208395392026374,0.08564934561591656,0.006737775491183981
1504,related:6c4df4d2f61d6d632ae70bb0,3,D,1,0.7142971156197391,0.33645627488096747,0.08162613814320074
1506,related:bd0b2dc5c740dab1492d84e7,3,D,0,0.06237316710870018,0.06440324187083737,0.003890411975169838
1535,related:ccce06ebd1c87a751ec09343,3,D,0,0.1313477677166088,0.14081242681488396,0.017252236084136223
1537,related:0f8627ec322aef477647fee5,3,D,0,0.043101626466944265,0.044058085923460305,0.0018577502040959904
1546,related:4e49da2b5e92d1f37a98c720,3,D,0,0.17478979982999124,0.1921171370155687,0.030551474124608406
1550,related:c099a41a175e5dbf98bf2099,3,D,0,0.13203575681034652,0.1416047596522689,0.017433441076480965
1558,related:22a3aee2baae538f94428c69,3,D,0,0.04936387584153094,0.050623914095199105,0.0024367922380980817
1562,related:639601cad27d2ecc35baea21,3,D,0,0.11756004300416467,0.12506452988782088,0.013820363711141048
1567,related:8bb0c8edbef5921cef884b35,3,D,0,0.024780036071319143,0.025092229399635804,0.0006140501876958779
1607,related:7a3d55c0f8f72c8eafd80b9e,3,D,0,0.025719278845607266,0.026055802127921215,0.0006614813043381015
1620,related:c099a41a175e5dbf98bf2099,3,D,0,0.023318311631030073,0.023594485174850605,0.0005437436573218323
1623,related:b8c27ad023aefd4b83f5049c,3,D,0,0.02011456338154983,0.020319615560766533,0.00040459566003038527
1636,related:a35a56d30f92eb9d19d235cc,3,D,0,0.039796598441328254,0.040610140339320505,0.0015837692475003304
1637,related:a4ec2c54d82b78620973620b,3,D,1,0.18340949008306923,1.6960339752255074,0.6668200608863931
1670,related:6ed8fc3666dd8af7f546c798,3,D,0,0.41344251048821945,0.5334845943594246,0.17093470947880146
1672,related:d32bcf20fb9ae456dfac7405,3,D,0,0.09291180356396148,0.09751559386345286,0.008632603241508165
1676,related:7f14b41acf795da76b94367d,3,D,0,0.03759457156248529,0.03831947381646718,0.0014133518109668275
1678,related:57ca63d53369e22bbfa62ad8,3,D,1,0.10839224115175444,2.221998768629108,0.7949643956383913
1684,related:35a32e2c82fc13d7db9746b0,3,D,0,0.053359044945205596,0.05483539701722486,0.002847187677464471
1689,related:77568bf075f18cd39c99c12e,3,D,0,0.054001607273675645,0.05551440895250089,0.0029161735881402984
1690,related:72ac97b96257ebbc10e83e88,3,D,0,0.038063414051020525,0.0388067494611363,0.0014488234892194268
1702,related:ff8957626371f688539065e3,3,D,0,0.057402308707060035,0.05911571379219621,0.00329502504490062
1703,related:9fa72acd204b6cc14d284bb4,3,D,0,0.0694565042238973,0.07198645947206178,0.004824205979004265
1711,related:9420bf464df856bddda39b44,3,D,0,0.031479330379503276,0.03198545447278858,0.0009909482411419178
1722,related:bd0b2dc5c740dab1492d84e7,3,D,0,0.0156411670689151,0.015764780792065988,0.00024464610727771417
1724,related:22a3aee2baae538f94428c69,3,D,0,0.1292772060267223,0.13843161458443146,0.016712595998075605
1727,related:910ea5e2863ac5108e8aa903,3,D,0,0.020143448428100202,0.020349093978564964,0.0004057585145755325
1747,related:a35a56d30f92eb9d19d235cc,3,D,0,0.03246935554833605,0.03300818072795702,0.0010542590497242608
1748,related:ff8957626371f688539065e3,3,D,0,0.01685361095513966,0.016997249225852423,0.0002840442022272036
1752,related:f76b5bd27d8db132155166fc,3,D,0,0.10083010505253995,0.10628328022138821,0.010166710084906242
1754,related:e5a256d3ca27ce4ff101427f,3,D,0,0.1500429781248909,0.1625694932759728,0.022512895284586488
1755,related:cb09efdb9a644c167dca21f0,3,D,0,0.05060552011937499,0.05193088720600109,0.002560918666552467
1778,related:2cc0b76ca7c99fb7978b9001,3,D,0,0.02347008922175382,0.023749898537228326,0.0005508450880770848
1786,related:5d75ca35c716194a7dca8bb0,3,D,0,0.101194020020916,0.10668808540083526,0.010240229687993548
1792,related:ee47a6b7b1c58242eab906af,3,D,1,0.10128832691349951,2.2897841072054224,0.8076826713419368
1798,related:924d387dc8b2ebf1fae8e3d0,3,D,0,0.046196787868920015,0.04729790540395225,0.0021341432094059954
1799,related:6ed8fc3666dd8af7f546c798,3,D,0,0.04841114637505493,0.0496222139206483,0.002343639093346994
1821,related:3a74186e39bd079c77766ac0,3,D,0,0.3448824981191114,0.42294066725117624,0.1189439375088789
1825,related:59716dba32a0539946a3abae,3,D,0,0.12665413347734422,0.13542362001793834,0.016041269526896926
1835,related:f76b5bd27d8db132155166fc,3,D,0,0.043607621965330814,0.044587012862315346,0.0019016246934712025
1841,related:c099a41a175e5dbf98bf2099,3,D,0,0.11218448449190808,0.11899131037977347,0.012585358560715165
1850,related:3d95500a728f0c500d236f2e,3,D,0,0.04558112247237849,0.046652628922518855,0.0020776387258419674
1871,related:e5a256d3ca27ce4ff101427f,3,D,0,0.14146205608748122,0.1525244017034041,0.020011513312497682
1887,related:ce0f54598d5188cb5155cfdd,3,D,0,0.020948369698784573,0.02117090004730676,0.00043883419303695565
1892,related:57ca63d53369e22bbfa62ad8,3,D,0,0.07848382922251326,0.08173495370557067,0.006159711449428627
1904,related:e5a256d3ca27ce4ff101427f,3,D,0,0.10489050272489561,0.11080922486647686,0.011002017561881334
1918,related:ee47a6b7b1c58242eab906af,3,D,0,0.12307549394127128,0.13133437234632078,0.015147577208887902
1923,related:a4ec2c54d82b78620973620b,3,D,0,0.03964734990652453,0.04045471812711718,0.0015719123546103905
1932,related:d4ee60bc1c21ed08e30236dc,3,D,0,0.048800558629903214,0.05003152089537492,0.002381494522590621
1955,related:f76b5bd27d8db132155166fc,3,D,0,0.11105467063816958,0.11771954214008015,0.012333139870552325
1957,related:ce0f54598d5188cb5155cfdd,3,D,0,0.01870865698330168,0.018885877762441286,0.0003500138461188427
1961,related:09702dae0c724726261ca41e,3,D,0,0.12713520533984932,0.13597460952380924,0.01616336043680565
1966,related:77568bf075f18cd39c99c12e,3,D,0,0.14820589116689925,0.1604104376555873,0.021964986176574785
1970,related:09702dae0c724726261ca41e,3,D,0,0.03568244544965256,0.036334625182314055,0.0012732369132674305
1977,related:d4ee60bc1c21ed08e30236dc,3,D,0,0.3591486247999774,0.4449577129085945,0.12898773469571492
1981,related:7a3d55c0f8f72c8eafd80b9e,3,D,0,0.022098702547440924,0.022346536890517354,0.0004883526542802719
1993,related:57ca63d53369e22bbfa62ad8,3,D,1,0.6807400927820895,0.38457470092074403,0.10192688835678884
2003,related:0d48e79b7db7967ce933e682,3,D,0,0.03870463925550256,0.039473569944588165,0.00149804909989859
2018,related:09702dae0c724726261ca41e,3,D,0,0.03641637227154471,0.03709599912003713,0.0013261521694197306
2024,related:3c6b1d5cd40ac7807e5b1a9c,3,D,0,0.029581633181070266,0.030027994471508414,0.0008750730216593973
2025,related:ee47a6b7b1c58242eab906af,3,D,0,0.1007597154064408,0.10620500036406101,0.010152520248786942
2041,related:7a3d55c0f8f72c8eafd80b9e,3,D,0,0.03645779743530793,0.03713899077436345,0.0013291709938339454
2054,related:f732fbb79406fb9edea3abbd,3,D,0,0.03196759059393432,0.03248971147463901,0.0010219268483813982
2066,related:126ebf7ee35120c6a3afc078,3,D,0,0.06869431412672931,0.07116771416523711,0.004718908793341763
2070,related:53087323eb9968a01bfc4003,3,D,0,0.027072939477785666,0.027446163098106584,0.0007329440519678456
2077,related:53087323eb9968a01bfc4003,3,D,0,0.027472649171204913,0.027857079639467267,0.000754746452484106
2089,related:3c6b1d5cd40ac7807e5b1a9c,3,D,0,0.407325018405322,0.5231091219875037,0.1659136706188959
2095,related:5224d8be5550014b94a2602f,3,D,0,0.0721456440168314,0.07488050249658677,0.005204993950603361
2100,related:7a3d55c0f8f72c8eafd80b9e,3,D,0,0.05981774436612993,0.06168153353992281,0.003578162541051669
2105,related:5de936360b46c6d6e0c2f3b6,3,D,0,0.038941005516596065,0.03971948325567134,0.0015164019106435652
2106,related:e78f6edda58d27c1e94d3f5d,3,D,0,0.25495213431094127,0.2943068134194134,0.06500059078970424
2116,related:a35a56d30f92eb9d19d235cc,3,D,0,0.03431082299719001,0.03491325948346946,0.0011772325747445027
2117,related:9ccd616447285f06dabd69a5,3,D,0,0.19443830552146973,0.21621548776670507,0.03780625465406041
2148,related:d4ee60bc1c21ed08e30236dc,3,D,0,0.06980715810959043,0.07236335745889197,0.004873039323337357
2154,related:a4ec2c54d82b78620973620b,3,D,1,0.18892695287217257,1.6663948313698913,0.657839487777219
2158,related:3d95500a728f0c500d236f2e,3,D,0,0.2258606402020914,0.25600337018123465,0.05101302879249859
2162,related:57ca63d53369e22bbfa62ad8,3,D,0,0.07651863704530497,0.07960466042932153,0.005855101815271118
2181,related:0f8627ec322aef477647fee5,3,D,0,0.040738275733792524,0.041591327603775666,0.0016596071097625088
2182,related:a4ec2c54d82b78620973620b,3,D,0,0.22897883933457966,0.26003946005559014,0.05243130886301124
2192,related:d9f7d38368c97a507e130adb,3,D,0,0.12198252225469823,0.13008877922931497,0.014879735735617948
2207,related:5de936360b46c6d6e0c2f3b6,3,D,1,0.035305771584361316,3.343708827434305,0.9306349543384445
2215,related:5224d8be5550014b94a2602f,3,D,0,0.14160628931015978,0.15269241447506124,0.02005234117219267
2219,related:ce0f54598d5188cb5155cfdd,3,D,0,0.017462803882562883,0.01761707731163916,0.0003049495194408533
2220,related:53087323eb9968a01bfc4003,3,D,0,0.022255970006926636,0.022507371227518592,0.000495328200949218
2223,related:9420bf464df856bddda39b44,3,D,0,0.03765536654565646,0.03838264563746892,0.0014179266296877437
2229,related:7d64ac4167e36caf8cf6a4f1,3,D,0,0.1671896490602186,0.18294933267626795,0.027952378752879054
2234,related:d4ee60bc1c21ed08e30236dc,3,D,0,0.12617401477118098,0.13487402471880716,0.015919882003478197
2249,related:ddee263f7a3772b094c51d64,3,D,0,0.03546467499051607,0.03610882210280547,0.0012577431721829358
2250,related:57ca63d53369e22bbfa62ad8,3,D,0,0.08567362851369478,0.08956769086524913,0.007339970622702576
2252,related:6c4df4d2f61d6d632ae70bb0,3,D,0,0.05816646987622459,0.059926739636351305,0.003383338217861743
2258,related:6c4df4d2f61d6d632ae70bb0,3,D,0,0.08522832596202619,0.08908078141656661,0.007263867546289387
2269,related:3c6b1d5cd40ac7807e5b1a9c,3,D,0,0.042686550233330726,0.043624407440163084,0.0018221415708226676
2271,related:3a74186e39bd079c77766ac0,3,D,0,0.03452609179837261,0.035136201609614594,0.0011920510148696526
2300,related:d32bcf20fb9ae456dfac7405,3,D,0,0.10627397284109344,0.11235600809292164,0.011294157303429466
2311,related:2cc0b76ca7c99fb7978b9001,3,D,0,0.028120388761496605,0.028523338943089588,0.0007907562640977045
2313,related:59716dba32a0539946a3abae,3,D,0,0.3844767198094251,0.48528251085507784,0.14782234807541517
2315,related:8d302ac5a3f6850d63fdd308,3,D,0,0.26944759628955917,0.31395431359440235,0.07260200714622125
2321,related:3d95500a728f0c500d236f2e,3,D,0,0.03594556567862197,0.03660751882744131,0.0012920836919561257
2346,related:d9f7d38368c97a507e130adb,3,D,0,0.060951632063999825,0.06288829105148265,0.0037151014512652116
2349,related:126ebf7ee35120c6a3afc078,3,D,1,0.22441626489343208,1.4942526262604807,0.601530130161855
2352,related:40470e67d268d5d7609173ec,3,D,0,0.12815225535089644,0.13714047507854554,0.016423000551521367
2362,related:a9f24fd08bf0645f4a9fe3f4,3,D,0,0.032887602680994395,0.033440557275096684,0.0010815944101029496
2391,related:944db2c0ff77d8baebb4ef3a,3,D,0,0.03477305570609344,0.035392029858458594,0.0012091654031390774
8,related:cf2a727ab26853fff51202d8,4,A,0,0.3094322572114518,0.37024120408246547,0.09574832180297406
20,related:e5962da8bd6af77a7c29f036,4,A,0,0.04509533563299805,0.04614377137249813,0.0020335892958527435
23,related:9d8aecc4f7be7deb45f39de1,4,A,0,0.08166138425011144,0.08518909390203856,0.006668581677644348
32,related:202b696bb9c94dbb26ca2156,4,A,0,0.036474376864169496,0.03715619767143357,0.001330380167629463
35,related:330d859e7d8c69ffa824e18a,4,A,0,0.19331067758286885,0.21481666325283716,0.037369018067547874
46,related:aad68fb7982844c540ce09ea,4,A,0,0.07330752809658685,0.07613351397551099,0.0053739936756318695
60,related:94e409aee0c03f60f0f84c9a,4,A,0,0.04742286007480503,0.04858418846242973,0.0022489276576745367
89,related:9cbe55a1c3c42390af99d893,4,A,0,0.08075516831394468,0.08420278113251926,0.006521397209413534
103,related:2c70f2228d8b322053c9819a,4,A,0,0.26070445286391813,0.302057509518404,0.06796681174307491
107,related:734061f3f5b8648086c12a2f,4,A,0,0.05135787407429679,0.05272365800085708,0.002637631229431326
111,related:cc3c434c07dd8f232230c049,4,A,0,0.07911943240556908,0.08242492801461457,0.006259884584179415
114,related:2d5fdc4b30b2d9e2fc637f9e,4,A,0,0.3947149451270636,0.5020557668354745,0.15579988790666086
118,related:2e7054e424279aedf92e5697,4,A,0,0.07567809997258003,0.07869489135645712,0.0057271748154598175
136,related:103b4242f58b5944e2b42226,4,A,0,0.033680493416443635,0.034260747299164944,0.001134375636775103
146,related:aad68fb7982844c540ce09ea,4,A,0,0.07567809997258003,0.07869489135645712,0.0057271748154598175
154,related:ad7ded14496a37636b11e27a,4,A,0,0.13001875302154808,0.13928362276300596,0.01690487613727832
155,related:f6978a75956091e1b10be905,4,A,0,0.04742286007480503,0.04858418846242973,0.0022489276576745367
188,related:2afa59460ce40cb5f40585b1,4,A,0,0.20651634631262158,0.23132233949581588,0.04264900129431465
205,related:734061f3f5b8648086c12a2f,4,A,0,0.28189454743837206,0.3311388508552437,0.07946453587548459
220,related:3a0e95f63bed1f95abafd231,4,A,0,0.08166138425011144,0.08518909390203856,0.006668581677644348
234,related:b767e132339c9bbb8b286bf8,4,A,0,0.07330752809658685,0.07613351397551099,0.0053739936756318695
238,related:7eeee26138ca622cc5b07e14,4,A,0,0.20651634631262158,0.23132233949581588,0.04264900129431465
241,related:db3fedad9c9934412991197f,4,A,0,0.6938323946435374,1.1836225970559582,0.48140339185678543
248,related:82cb3788c0b00b292ea5cb56,4,A,1,0.24432919690107743,1.4092387953704306,0.5710383626561706
253,related:9cbe55a1c3c42390af99d893,4,A,0,0.06319063525347117,0.06527547022155676,0.003993056383737233
259,related:3e58a45b553faba55103fe8d,4,A,0,0.053144201094030834,0.05460846887314716,0.0028243061099227883
282,related:c06814414fd8a5da77542e53,4,A,0,0.07567809997258003,0.07869489135645712,0.0057271748154598175
287,related:f6978a75956091e1b10be905,4,A,0,0.06319063525347117,0.06527547022155676,0.003993056383737233
293,related:e5962da8bd6af77a7c29f036,4,A,0,0.24510407245131416,0.2811753835408883,0.06007600633221906
294,related:2c70f2228d8b322053c9819a,4,A,0,0.036474376864169496,0.03715619767143357,0.001330380167629463
321,related:84a4c9cf7ac31b508374f791,4,A,0,0.07567809997258003,0.07869489135645712,0.0057271748154598175
349,related:e77cc5a46c91c635c67c71d6,4,A,0,0.06327364212697706,0.06536408008637874,0.004003553788012766
368,related:db3fedad9c9934412991197f,4,A,0,0.07911943240556908,0.08242492801461457,0.006259884584179415
380,related:dff5ff76b264137c0e33decd,4,A,0,0.05553612779416142,0.057137843480631965,0.0030842614903694287
389,related:737f7bd31a979e3beb0f04ad,4,A,0,0.04878830221076227,0.050018635753053355,0.0023802984326086706
397,related:2e7054e424279aedf92e5697,4,A,0,0.055163965545068215,0.056743875056037466,0.003043063094657473
410,related:734061f3f5b8648086c12a2f,4,A,0,0.13090973322244373,0.140308284798815,0.017137358252371386
480,related:7290a29d986998625dafab55,4,A,0,0.04878830221076227,0.050018635753053355,0.0023802984326086706
487,related:a5adea06a8f1b7e6f21ebefa,4,A,0,0.06808553171191463,0.0705142407309584,0.004635639628494133
491,related:84313ad2dd8af6dfa5a48826,4,A,1,0.27158633911054497,1.3034751823882553,0.530586461370378
513,related:24b250830c6c271c5d556d4c,4,A,0,0.07911943240556908,0.08242492801461457,0.006259884584179415
520,related:1d9b7f7f8f080b9e77fc9b1e,4,A,0,0.07330752809658685,0.07613351397551099,0.0053739936756318695
521,related:103b4242f58b5944e2b42226,4,A,0,0.19331067758286885,0.21481666325283716,0.037369018067547874
524,related:3a0e95f63bed1f95abafd231,4,A,0,0.07911943240556908,0.08242492801461457,0.006259884584179415
535,related:557ecb7d553ababd27549103,4,A,0,0.033680493416443635,0.034260747299164944,0.001134375636775103
542,related:3e58a45b553faba55103fe8d,4,A,0,0.06319063525347117,0.06527547022155676,0.003993056383737233
564,related:96329f105348c39e5b613f44,4,A,0,0.26070445286391813,0.302057509518404,0.06796681174307491
566,related:9917a1b6d4056ad6e12eaefa,4,A,0,0.05962998716566512,0.06148185049549285,0.003555735369377387
568,related:9cbe55a1c3c42390af99d893,4,A,0,0.3094322572114518,0.37024120408246547,0.09574832180297406
570,related:e77cc5a46c91c635c67c71d6,4,A,0,0.2845859839393193,0.3348938604275834,0.0809891822547105
571,related:0f1adf5e0081c3c51ae1e10a,4,A,0,0.08166138425011144,0.08518909390203856,0.006668581677644348
575,related:f8305cc21461b5dd32274b51,4,A,0,0.09854368486162224,0.10374369548473994,0.009710857826106716
576,related:3e58a45b553faba55103fe8d,4,A,0,0.3094322572114518,0.37024120408246547,0.09574832180297406
583,related:63a309b86221fd9c041d3f2e,4,A,0,0.3094322572114518,0.37024120408246547,0.09574832180297406
615,related:ad7ded14496a37636b11e27a,4,A,0,0.22464033813843481,0.25442827745915114,0.05046328151895033
617,related:24b250830c6c271c5d556d4c,4,A,0,0.05881420555213378,0.06061471526464704,0.0034591107747286437
618,related:a5adea06a8f1b7e6f21ebefa,4,A,0,0.3094322572114518,0.37024120408246547,0.09574832180297406
630,related:557ecb7d553ababd27549103,4,A,0,0.07567809997258003,0.07869489135645712,0.0057271748154598175
633,related:b711d27a6ccf5ad79a71a46c,4,A,0,0.0584745194962974,0.06025386751912006,0.003419269430322865
641,related:452b06175c4f1ee01ec31ccc,4,A,0,0.06319063525347117,0.06527547022155676,0.003993056383737233
643,related:5ad72d42bba5575ca688bc0a,4,A,0,0.06319063525347117,0.06527547022155676,0.003993056383737233
661,related:e77cc5a46c91c635c67c71d6,4,A,0,0.08166138425011144,0.08518909390203856,0.006668581677644348
676,related:4743fb25e740c6c469fccb60,4,A,1,0.6315767228989643,0.45953585146128256,0.13573571110986657
688,related:24b250830c6c271c5d556d4c,4,A,1,0.08166138425011144,2.505174041849229,0.8433458131774214
710,related:2e7054e424279aedf92e5697,4,A,0,0.07330752809658685,0.07613351397551099,0.0053739936756318695
725,related:1da5c75cb9b3819ee4192185,4,A,0,0.033680493416443635,0.034260747299164944,0.001134375636775103
730,related:202b696bb9c94dbb26ca2156,4,A,0,0.20651634631262158,0.23132233949581588,0.04264900129431465
741,related:452b06175c4f1ee01ec31ccc,4,A,0,0.24852063166299537,0.28571152414201684,0.06176250436217422
758,related:7290a29d986998625dafab55,4,A,0,0.036474376864169496,0.03715619767143357,0.001330380167629463
759,related:cf2a727ab26853fff51202d8,4,A,0,0.06319063525347117,0.06527547022155676,0.003993056383737233
781,related:add052870444464d7953d5f4,4,A,0,0.24510407245131416,0.2811753835408883,0.06007600633221906
782,related:557ecb7d553ababd27549103,4,A,1,0.19331067758286885,1.643456655892666,0.6507476629018103
784,related:e5962da8bd6af77a7c29f036,4,A,0,0.033680493416443635,0.034260747299164944,0.001134375636775103
790,related:b711d27a6ccf5ad79a71a46c,4,A,0,0.06762625565235729,0.07002153143232549,0.004573310453557986
799,related:3b575a0e4a9c50ce306393e5,4,A,0,0.04878830221076227,0.050018635753053355,0.0023802984326086706
802,related:82311f72927e0ae820c7dd86,4,A,0,0.06426382049183972,0.0664217017342283,0.004129838624207399
806,related:f780c74702e02ef1fa73cc9c,4,A,1,0.20651634631262158,1.5773757108150561,0.6296163086690715
807,related:b767e132339c9bbb8b286bf8,4,A,0,0.07567809997258003,0.07869489135645712,0.0057271748154598175
816,related:1da5c75cb9b3819ee4192185,4,A,0,0.19331067758286885,0.21481666325283716,0.037369018067547874
828,related:9917a1b6d4056ad6e12eaefa,4,A,0,0.08166138425011144,0.08518909390203856,0.006668581677644348
834,related:0f1adf5e0081c3c51ae1e10a,4,A,0,0.07911943240556908,0.08242492801461457,0.006259884584179415
837,related:7e0ad279a3cc307c40a4f095,4,A,0,0.07911943240556908,0.08242492801461457,0.006259884584179415
838,related:f8305cc21461b5dd32274b51,4,A,0,0.04878830221076227,0.050018635753053355,0.0023802984326086706
851,related:b711d27a6ccf5ad79a71a46c,4,A,0,0.2920679763891215,0.3454072017468916,0.08530370283203645
897,related:cc3c434c07dd8f232230c049,4,A,1,0.3370295001088688,1.0875848150459104,0.4395298837258964
900,related:e5962da8bd6af77a7c29f036,4,A,0,0.19331067758286885,0.21481666325283716,0.037369018067547874
927,related:e10d538a734636e0b662c8ed,4,A,0,0.20651634631262158,0.23132233949581588,0.04264900129431465
935,related:dff5ff76b264137c0e33decd,4,A,1,0.38910686646177967,0.9439012521111511,0.373190420604146
960,related:734061f3f5b8648086c12a2f,4,A,1,0.33915296941694034,1.0813040361604713,0.4367187978304473
965,related:202b696bb9c94dbb26ca2156,4,A,0,0.18504809522846424,0.20462618003284624,0.03424279754768277
969,related:82cb3788c0b00b292ea5cb56,4,A,0,0.08166138425011144,0.08518909390203856,0.006668581677644348
976,related:ca0aa0518a39ea2855946450,4,A,0,0.033680493416443635,0.034260747299164944,0.001134375636775103
979,related:9cbe55a1c3c42390af99d893,4,A,0,0.3592242889685976,0.44507578807963455,0.1290420897849945
980,related:273115ff412d898c5688a544,4,A,0,0.07567809997258003,0.07869489135645712,0.0057271748154598175
990,related:4743fb25e740c6c469fccb60,4,A,0,0.08027371859830348,0.08367917342251824,0.006443869897599615
1000,related:ad7ded14496a37636b11e27a,4,A,0,0.2643969642692925,0.3070646593835052,0.06990575471481753
1012,related:c1b94258ac037e7456ee5f05,4,A,0,0.033680493416443635,0.034260747299164944,0.001134375636775103
1025,related:ad7ded14496a37636b11e27a,4,A,0,0.10004884517716789,0.10541478954970282,0.01000977142128491
1042,related:a5adea06a8f1b7e6f21ebefa,4,A,0,0.06319063525347117,0.06527547022155676,0.003993056383737233
1047,related:63a309b86221fd9c041d3f2e,4,A,0,0.06319063525347117,0.06527547022155676,0.003993056383737233
1048,related:96329f105348c39e5b613f44,4,A,0,0.04878830221076227,0.050018635753053355,0.0023802984326086706
1050,related:273115ff412d898c5688a544,4,A,0,0.033680493416443635,0.034260747299164944,0.001134375636775103
1064,related:7e0ad279a3cc307c40a4f095,4,A,0,0.05858496020312072,0.060371174152823316,0.0034321975620012386
1067,related:2afa59460ce40cb5f40585b1,4,A,0,0.07911943240556908,0.08242492801461457,0.006259884584179415
1072,related:9d8aecc4f7be7deb45f39de1,4,A,0,0.07911943240556908,0.08242492801461457,0.006259884584179415
1081,related:aad68fb7982844c540ce09ea,4,A,0,0.055163965545068215,0.056743875056037466,0.003043063094657473
1084,related:444209b955a07664d7a14938,4,A,0,0.06142553880394307,0.06339308545710422,0.0037730968173547152
1125,related:c06814414fd8a5da77542e53,4,A,0,0.03637580150133675,0.037053895959535406,0.001323198934864653
1139,related:3a0e95f63bed1f95abafd231,4,A,0,0.07538536152014408,0.07837823532334266,0.0056829527315228195
1155,related:2afa59460ce40cb5f40585b1,4,A,0,0.08166138425011144,0.08518909390203856,0.006668581677644348
1160,related:4743fb25e740c6c469fccb60,4,A,0,0.07911943240556908,0.08242492801461457,0.006259884584179415
1168,related:7e0ad279a3cc307c40a4f095,4,A,1,0.6355978698267005,0.45318919576210137,0.1327889124748383
1187,related:ca0aa0518a39ea2855946450,4,A,0,0.5890415441977173,0.8892631503679428,0.3469699407908313
1193,related:5fcb33c5328805c3cd246ab5,4,A,0,0.06378150117260101,0.06590639082900843,0.004068079891830504
1196,related:5ad72d42bba5575ca688bc0a,4,A,0,0.04742286007480503,0.04858418846242973,0.0022489276576745367
1197,related:1d9b7f7f8f080b9e77fc9b1e,4,A,0,0.07567809997258003,0.07869489135645712,0.0057271748154598175
1199,related:4743fb25e740c6c469fccb60,4,A,0,0.08166138425011144,0.08518909390203856,0.006668581677644348
1205,related:273115ff412d898c5688a544,4,A,0,0.19331067758286885,0.21481666325283716,0.037369018067547874
1226,related:84a4c9cf7ac31b508374f791,4,A,0,0.1328408647164651,0.14253277200445963,0.017646695338618186
1256,related:94e409aee0c03f60f0f84c9a,4,A,0,0.24852063166299537,0.28571152414201684,0.06176250436217422
1267,related:3b575a0e4a9c50ce306393e5,4,A,0,0.036474376864169496,0.03715619767143357,0.001330380167629463
1277,related:96329f105348c39e5b613f44,4,A,0,0.036474376864169496,0.03715619767143357,0.001330380167629463
1278,related:7eeee26138ca622cc5b07e14,4,A,0,0.036474376864169496,0.03715619767143357,0.001330380167629463
1282,related:3a0e95f63bed1f95abafd231,4,A,0,0.06777047371981518,0.07017622178390567,0.004592837108208159
1294,related:aeda1f2ffe071443b304c7c8,4,A,0,0.055163965545068215,0.056743875056037466,0.003043063094657473
1300,related:7290a29d986998625dafab55,4,A,0,0.20651634631262158,0.23132233949581588,0.04264900129431465
1308,related:cc3c434c07dd8f232230c049,4,A,0,0.06426382049183972,0.0664217017342283,0.004129838624207399
1314,related:f6978a75956091e1b10be905,4,A,0,0.24852063166299537,0.28571152414201684,0.06176250436217422
1317,related:661a4c1db2d5b0716a06e587,4,A,0,0.07507898662608965,0.07804693606285033,0.005636854232800549
1343,related:3e58a45b553faba55103fe8d,4,A,0,0.2637166462560959,0.3061402428436032,0.06954646951256283
1350,related:82311f72927e0ae820c7dd86,4,A,0,0.06889431859414344,0.07138249428492155,0.004746427134551338
1352,related:9d8aecc4f7be7deb45f39de1,4,A,0,0.09881508068330094,0.10404480456683776,0.009764420170447275
1368,related:444209b955a07664d7a14938,4,A,1,0.06175868432164908,2.7845206765746373,0.8802967664458429
1391,related:d3c3938ec96b17734a585789,4,A,0,0.26070445286391813,0.302057509518404,0.06796681174307491
1408,related:aad68fb7982844c540ce09ea,4,A,0,0.056983900619674004,0.05867192398081194,0.0032471649298328833
1420,related:c06814414fd8a5da77542e53,4,A,0,0.24510407245131416,0.2811753835408883,0.06007600633221906
1425,related:661a4c1db2d5b0716a06e587,4,A,0,0.07330752809658685,0.07613351397551099,0.0053739936756318695
1427,related:c1b94258ac037e7456ee5f05,4,A,0,0.19331067758286885,0.21481666325283716,0.037369018067547874
1430,related:84313ad2dd8af6dfa5a48826,4,A,1,0.3094322572114518,1.1730160889684342,0.4768838073800704
1468,related:f8305cc21461b5dd32274b51,4,A,0,0.26070445286391813,0.302057509518404,0.06796681174307491
1477,related:737f7bd31a979e3beb0f04ad,4,A,0,0.26070445286391813,0.302057509518404,0.06796681174307491
1493,related:1d9b7f7f8f080b9e77fc9b1e,4,A,0,0.055163965545068215,0.056743875056037466,0.003043063094657473
1517,related:aeda1f2ffe071443b304c7c8,4,A,0,0.056983900619674004,0.05867192398081194,0.0032471649298328833
1520,related:ca0aa0518a39ea2855946450,4,A,0,0.19331067758286885,0.21481666325283716,0.037369018067547874
1521,related:94e409aee0c03f60f0f84c9a,4,A,0,0.08166138425011144,0.08518909390203856,0.006668581677644348
1527,related:0f1adf5e0081c3c51ae1e10a,4,A,0,0.04700046243336779,0.04814086056768305,0.002209043468950417
1540,related:2afa59460ce40cb5f40585b1,4,A,0,0.036474376864169496,0.03715619767143357,0.001330380167629463
1541,related:661a4c1db2d5b0716a06e587,4,A,0,0.07567809997258003,0.07869489135645712,0.0057271748154598175
1590,related:e10d538a734636e0b662c8ed,4,A,0,0.08166138425011144,0.08518909390203856,0.006668581677644348
1591,related:330d859e7d8c69ffa824e18a,4,A,0,0.07330752809658685,0.07613351397551099,0.0053739936756318695
1599,related:2c70f2228d8b322053c9819a,4,A,0,0.04878830221076227,0.050018635753053355,0.0023802984326086706
1634,related:f6978a75956091e1b10be905,4,A,0,0.3094322572114518,0.37024120408246547,0.09574832180297406
1647,related:737f7bd31a979e3beb0f04ad,4,A,0,0.20651634631262158,0.23132233949581588,0.04264900129431465
1652,related:84a4c9cf7ac31b508374f791,4,A,0,0.08376426111759991,0.08748159056008704,0.00701645144057746
1653,related:7290a29d986998625dafab55,4,A,0,0.26070445286391813,0.302057509518404,0.06796681174307491
1669,related:82cb3788c0b00b292ea5cb56,4,A,0,0.04159355684828229,0.04248332882247577,0.0017300239712912905
1673,related:737f7bd31a979e3beb0f04ad,4,A,0,0.036474376864169496,0.03715619767143357,0.001330380167629463
1677,related:82311f72927e0ae820c7dd86,4,A,0,0.07911943240556908,0.08242492801461457,0.006259884584179415
1680,related:452b06175c4f1ee01ec31ccc,4,A,0,0.04742286007480503,0.04858418846242973,0.0022489276576745367
1686,related:bfa334630c362ce94b33be8f,4,A,1,0.3094322572114518,1.1730160889684342,0.4768838073800704
1688,related:f780c74702e02ef1fa73cc9c,4,A,0,0.07911943240556908,0.08242492801461457,0.006259884584179415
1693,related:557ecb7d553ababd27549103,4,A,0,0.07330752809658685,0.07613351397551099,0.0053739936756318695
1696,related:add052870444464d7953d5f4,4,A,0,0.04509533563299805,0.04614377137249813,0.0020335892958527435
1716,related:b711d27a6ccf5ad79a71a46c,4,A,0,0.06478804003950893,0.06698208024000145,0.004197490132161012
1733,related:103b4242f58b5944e2b42226,4,A,0,0.24510407245131416,0.2811753835408883,0.06007600633221906
1758,related:9917a1b6d4056ad6e12eaefa,4,A,0,0.07911943240556908,0.08242492801461457,0.006259884584179415
1763,related:d3c3938ec96b17734a585789,4,A,0,0.036474376864169496,0.03715619767143357,0.001330380167629463
1774,related:63a309b86221fd9c041d3f2e,4,A,0,0.036474376864169496,0.03715619767143357,0.001330380167629463
1783,related:b767e132339c9bbb8b286bf8,4,A,0,0.033680493416443635,0.034260747299164944,0.001134375636775103
1810,related:f8305cc21461b5dd32274b51,4,A,0,0.14459768404589116,0.15618337574138197,0.020908490231435366
1819,related:b767e132339c9bbb8b286bf8,4,A,1,0.19331067758286885,1.643456655892666,0.6507476629018103
1824,related:63a309b86221fd9c041d3f2e,4,A,0,0.20651634631262158,0.23132233949581588,0.04264900129431465
1828,related:c1b94258ac037e7456ee5f05,4,A,0,0.04509533563299805,0.04614377137249813,0.0020335892958527435
1851,related:bfa334630c362ce94b33be8f,4,A,0,0.05115968835960905,0.052514764667791335,0.002617313713052318
1870,related:82311f72927e0ae820c7dd86,4,A,0,0.08166138425011144,0.08518909390203856,0.006668581677644348
1873,related:db3fedad9c9934412991197f,4,A,0,0.15739850758984952,0.1712611582423137,0.02477429019151192
1876,related:add052870444464d7953d5f4,4,A,0,0.19331067758286885,0.21481666325283716,0.037369018067547874
1894,related:5fcb33c5328805c3cd246ab5,4,A,1,0.07567809997258003,2.581266460624237,0.8543709748702998
1897,related:5ad72d42bba5575ca688bc0a,4,A,0,0.3094322572114518,0.37024120408246547,0.09574832180297406
1911,related:c06814414fd8a5da77542e53,4,A,0,0.0677597204888548,0.07016468688972069,0.004591379720727729
1934,related:0f1adf5e0081c3c51ae1e10a,4,A,0,0.29301881904476423,0.3467512316078174,0.08586002831438828
1943,related:2d5fdc4b30b2d9e2fc637f9e,4,A,0,0.06319063525347117,0.06527547022155676,0.003993056383737233
1962,related:c06814414fd8a5da77542e53,4,A,0,0.04509533563299805,0.04614377137249813,0.0020335892958527435
1963,related:330d859e7d8c69ffa824e18a,4,A,0,0.07567809997258003,0.07869489135645712,0.0057271748154598175
1969,related:bfa334630c362ce94b33be8f,4,A,0,0.06319063525347117,0.06527547022155676,0.003993056383737233
1980,related:103b4242f58b5944e2b42226,4,A,0,0.04509533563299805,0.04614377137249813,0.0020335892958527435
1983,related:5fcb33c5328805c3cd246ab5,4,A,0,0.07330752809658685,0.07613351397551099,0.0053739936756318695
1984,related:84a4c9cf7ac31b508374f791,4,A,0,0.07330752809658685,0.07613351397551099,0.0053739936756318695
1988,related:7e0ad279a3cc307c40a4f095,4,A,0,0.08166138425011144,0.08518909390203856,0.006668581677644348
1999,related:d3c3938ec96b17734a585789,4,A,0,0.20651634631262158,0.23132233949581588,0.04264900129431465
2005,related:94e409aee0c03f60f0f84c9a,4,A,0,0.07911943240556908,0.08242492801461457,0.006259884584179415
2009,related:1d9b7f7f8f080b9e77fc9b1e,4,A,0,0.056983900619674004,0.05867192398081194,0.0032471649298328833
2013,related:aeda1f2ffe071443b304c7c8,4,A,0,0.07330752809658685,0.07613351397551099,0.0053739936756318695
2016,related:2c70f2228d8b322053c9819a,4,A,0,0.20651634631262158,0.23132233949581588,0.04264900129431465
2019,related:ca0aa0518a39ea2855946450,4,A,0,0.07646328815382132,0.07954472718637678,0.005846634435294312
2022,related:bfa334630c362ce94b33be8f,4,A,1,0.27158633911054497,1.3034751823882553,0.530586461370378
2026,related:aeda1f2ffe071443b304c7c8,4,A,0,0.07567809997258003,0.07869489135645712,0.0057271748154598175
2034,related:5fcb33c5328805c3cd246ab5,4,A,0,0.059472694334219485,0.06131459752504606,0.0035370013713715022
2036,related:3b575a0e4a9c50ce306393e5,4,A,0,0.20651634631262158,0.23132233949581588,0.04264900129431465
2042,related:84313ad2dd8af6dfa5a48826,4,A,0,0.06319063525347117,0.06527547022155676,0.003993056383737233
2043,related:7eeee26138ca622cc5b07e14,4,A,0,0.2607044528639181,0.3020575095184038,0.06796681174307488
2052,related:202b696bb9c94dbb26ca2156,4,A,1,0.5509518964937051,0.5961077758295634,0.2016441992626001
2065,related:1da5c75cb9b3819ee4192185,4,A,0,0.2451040724513141,0.2811753835408881,0.06007600633221903
2067,related:e10d538a734636e0b662c8ed,4,A,0,0.07911943240556908,0.08242492801461457,0.006259884584179415
2074,related:2d5fdc4b30b2d9e2fc637f9e,4,A,0,0.06646574333907516,0.06877761966143993,0.004417695037615814
2075,related:444209b955a07664d7a14938,4,A,0,0.0584745194962974,0.06025386751912006,0.003419269430322865
2087,related:c06814414fd8a5da77542e53,4,A,0,0.07330752809658685,0.07613351397551099,0.0053739936756318695
2109,related:cc3c434c07dd8f232230c049,4,A,0,0.08166138425011144,0.08518909390203856,0.006668581677644348
2129,related:cf2a727ab26853fff51202d8,4,A,0,0.07926233580024662,0.08258012130331827,0.006282517876511057
2139,related:d3c3938ec96b17734a585789,4,A,0,0.04878830221076227,0.050018635753053355,0.0023802984326086706
2147,related:5ad72d42bba5575ca688bc0a,4,A,0,0.24852063166299532,0.28571152414201684,0.06176250436217419
2156,related:cf2a727ab26853fff51202d8,4,A,0,0.5607368296678626,0.8226565686828444,0.3144257921459656
2159,related:96329f105348c39e5b613f44,4,A,0,0.20651634631262158,0.23132233949581588,0.04264900129431465
2163,related:3b575a0e4a9c50ce306393e5,4,A,0,0.2607044528639181,0.3020575095184038,0.06796681174307488
2170,related:661a4c1db2d5b0716a06e587,4,A,0,0.10013503880468295,0.10551057003173521,0.010027025996415362
2171,related:1da5c75cb9b3819ee4192185,4,A,0,0.04509533563299805,0.04614377137249813,0.0020335892958527435
2172,related:e77cc5a46c91c635c67c71d6,4,A,0,0.07911943240556908,0.08242492801461457,0.006259884584179415
2194,related:c06814414fd8a5da77542e53,4,A,0,0.21270260191077045,0.23914921365018116,0.04524239685961169
2196,related:2e7054e424279aedf92e5697,4,A,0,0.056983900619674004,0.05867192398081194,0.0032471649298328833
2202,related:add052870444464d7953d5f4,4,A,0,0.033680493416443635,0.034260747299164944,0.001134375636775103
2238,related:f780c74702e02ef1fa73cc9c,4,A,0,0.08166138425011144,0.08518909390203856,0.006668581677644348
2248,related:7eeee26138ca622cc5b07e14,4,A,0,0.04878830221076227,0.050018635753053355,0.0023802984326086706
2267,related:444209b955a07664d7a14938,4,A,1,0.2920679763891215,1.2307687079534495,0.5011677500537934
2268,related:e10d538a734636e0b662c8ed,4,A,0,0.036474376864169496,0.03715619767143357,0.001330380167629463
2273,related:330d859e7d8c69ffa824e18a,4,A,0,0.033680493416443635,0.034260747299164944,0.001134375636775103
2281,related:c1b94258ac037e7456ee5f05,4,A,0,0.2451040724513141,0.2811753835408881,0.06007600633221903
2282,related:c06814414fd8a5da77542e53,4,A,1,0.0734027831798797,2.6117934260985236,0.858582402218793
2287,related:9917a1b6d4056ad6e12eaefa,4,A,0,0.06158765829440613,0.0635658298691753,0.003793039654188532
2290,related:f780c74702e02ef1fa73cc9c,4,A,1,0.036474376864169496,3.311145268635066,0.9283816264392903
2293,related:9d8aecc4f7be7deb45f39de1,4,A,0,0.20212637700322456,0.22580506124569358,0.04085507228044966
2296,related:dff5ff76b264137c0e33decd,4,A,1,0.14470595775296585,1.9330514730549992,0.7315278987032713
2303,related:db3fedad9c9934412991197f,4,A,0,0.08166138425011144,0.08518909390203856,0.006668581677644348
2309,related:dff5ff76b264137c0e33decd,4,A,0,0.30462995838297924,0.3633111411286999,0.09279941154441566
2316,related:2d5fdc4b30b2d9e2fc637f9e,4,A,1,0.3094322572114518,1.1730160889684342,0.4768838073800704
2322,related:452b06175c4f1ee01ec31ccc,4,A,0,0.3094322572114518,0.37024120408246547,0.09574832180297406
2324,related:273115ff412d898c5688a544,4,A,0,0.07330752809658685,0.07613351397551099,0.0053739936756318695
2326,related:84313ad2dd8af6dfa5a48826,4,A,0,0.05115968835960905,0.052514764667791335,0.002617313713052318
2341,related:a5adea06a8f1b7e6f21ebefa,4,A,0,0.41057952420771404,0.5286154692204005,0.16857554569863284
2369,related:82cb3788c0b00b292ea5cb56,4,A,0,0.07911943240556908,0.08242492801461457,0.006259884584179415
2382,related:24b250830c6c271c5d556d4c,4,A,1,0.44268597970657636,0.8148946097103608,0.31059891721561866
8,related:cf2a727ab26853fff51202d8,4,B,0,0.3261585037172995,0.3947603644463584,0.10637936954710767
20,related:e5962da8bd6af77a7c29f036,4,B,0,0.03603782759266682,0.03670322538286548,0.001298725017598778
23,related:9d8aecc4f7be7deb45f39de1,4,B,0,0.06282750671972245,0.06488792267221608,0.00394729560061677
32,related:202b696bb9c94dbb26ca2156,4,B,0,0.05736679284803454,0.05907803579841943,0.0032909489216693066
35,related:330d859e7d8c69ffa824e18a,4,B,0,0.21858685928712204,0.24665127961892697,0.04778021505300809
46,related:aad68fb7982844c540ce09ea,4,B,0,0.04867856170111453,0.049903273231699234,0.0023696023692892144
60,related:94e409aee0c03f60f0f84c9a,4,B,0,0.058004025383253235,0.05975427764553402,0.003364466960661086
89,related:9cbe55a1c3c42390af99d893,4,B,0,0.06921671040618697,0.07172880045063498,0.004790952999453952
103,related:2c70f2228d8b322053c9819a,4,B,0,0.32345371159383435,0.39075441034744557,0.10462230354382737
107,related:734061f3f5b8648086c12a2f,4,B,0,0.0491720888233877,0.05042218846144582,0.0024178943192551296
111,related:cc3c434c07dd8f232230c049,4,B,0,0.06801643080335912,0.07044009406928745,0.004626234859228139
114,related:2d5fdc4b30b2d9e2fc637f9e,4,B,0,0.3570503340948697,0.44168883789389723,0.12748494107725808
118,related:2e7054e424279aedf92e5697,4,B,0,0.06359834100470842,0.0657107716932092,0.004044748978551176
136,related:103b4242f58b5944e2b42226,4,B,0,0.019248623257141738,0.019436290128119284,0.0003705094972953778
146,related:aad68fb7982844c540ce09ea,4,B,0,0.049989160858665546,0.05128188483018248,0.0024989162033535396
154,related:ad7ded14496a37636b11e27a,4,B,0,0.14951940434003586,0.16195368262111337,0.022356052274199133
155,related:f6978a75956091e1b10be905,4,B,0,0.06985389176859476,0.07241359954946486,0.004879566195218551
188,related:2afa59460ce40cb5f40585b1,4,B,0,0.14869117176836796,0.1609803158514859,0.022109064561850307
205,related:734061f3f5b8648086c12a2f,4,B,0,0.2551202271863962,0.29453245239921905,0.06508633031963841
220,related:3a0e95f63bed1f95abafd231,4,B,0,0.09931218934926504,0.10459657347960119,0.009862910953344272
234,related:b767e132339c9bbb8b286bf8,4,B,0,0.04214180509059071,0.04305553398284662,0.0017759317362933374
238,related:7eeee26138ca622cc5b07e14,4,B,0,0.11993865515053606,0.1277636638833089,0.014385280999319211
241,related:db3fedad9c9934412991197f,4,B,0,0.6623356491966819,1.0857029218555323,0.43868851219679
248,related:82cb3788c0b00b292ea5cb56,4,B,1,0.24315536083557587,1.4140546949331632,0.5728138078319274
253,related:9cbe55a1c3c42390af99d893,4,B,0,0.0603695316374274,0.06226859977274627,0.0036444803501223476
259,related:3e58a45b553faba55103fe8d,4,B,0,0.04487271405440389,0.045910663670225546,0.0020135604666082964
282,related:c06814414fd8a5da77542e53,4,B,0,0.07938406909918412,0.08271234283799662,0.006301830426744039
287,related:f6978a75956091e1b10be905,4,B,0,0.09132706113209299,0.09577005277499435,0.008340632095025051
293,related:e5962da8bd6af77a7c29f036,4,B,0,0.20780923563456175,0.23295305207303535,0.04318467841502081
294,related:2c70f2228d8b322053c9819a,4,B,0,0.048446130012291214,0.04965897799178831,0.0023470275131678236
321,related:84a4c9cf7ac31b508374f791,4,B,0,0.052564372231494357,0.053996283364117006,0.002763013228091095
349,related:e77cc5a46c91c635c67c71d6,4,B,0,0.051537345693818605,0.05291286380743913,0.002656098001164163
368,related:db3fedad9c9934412991197f,4,B,0,0.0824466634807688,0.08604456829700831,0.006797452319111136
380,related:dff5ff76b264137c0e33decd,4,B,0,0.035122177622875166,0.03575379459436093,0.001233567360972793
389,related:737f7bd31a979e3beb0f04ad,4,B,0,0.042193482016193704,0.043109485935156074,0.0017802899246508615
397,related:2e7054e424279aedf92e5697,4,B,0,0.04702985308291638,0.04817170119415287,0.0022118070810006993
410,related:734061f3f5b8648086c12a2f,4,B,0,0.10942625002883036,0.115889361072855,0.011974104195372096
480,related:7290a29d986998625dafab55,4,B,0,0.020775456001111473,0.020994302179864272,0.0004316195720541187
487,related:a5adea06a8f1b7e6f21ebefa,4,B,0,0.07172451377019338,0.07442673008876625,0.005144405875570661
491,related:84313ad2dd8af6dfa5a48826,4,B,1,0.25592330543289604,1.36287746754082,0.5536501273979074
513,related:24b250830c6c271c5d556d4c,4,B,0,0.06964026221212335,0.07218395280272945,0.004849766120973296
520,related:1d9b7f7f8f080b9e77fc9b1e,4,B,0,0.05282225763583696,0.054268513477131734,0.0027901909017467356
521,related:103b4242f58b5944e2b42226,4,B,0,0.12104426277267895,0.129020738392706,0.01465171355018135
524,related:3a0e95f63bed1f95abafd231,4,B,0,0.0968402724072698,0.10185585572279333,0.009378038359914222
535,related:557ecb7d553ababd27549103,4,B,0,0.06707627451226854,0.06943183336548042,0.004499226602445206
542,related:3e58a45b553faba55103fe8d,4,B,0,0.054078849702337596,0.0555960640408366,0.002924521985128019
564,related:96329f105348c39e5b613f44,4,B,0,0.14935418265600794,0.1617594328777852,0.022306671876844184
566,related:9917a1b6d4056ad6e12eaefa,4,B,0,0.05749903296074095,0.059218333624148516,0.0033061387914203742
568,related:9cbe55a1c3c42390af99d893,4,B,0,0.30477811412143024,0.3635242241131214,0.09288969884741556
570,related:e77cc5a46c91c635c67c71d6,4,B,0,0.24559459533271397,0.28182538349543695,0.06031670525663953
571,related:0f1adf5e0081c3c51ae1e10a,4,B,0,0.08135581176095763,0.08485640435120687,0.006618768107284372
575,related:f8305cc21461b5dd32274b51,4,B,0,0.04910534332381089,0.05035199368042723,0.002411334742949339
576,related:3e58a45b553faba55103fe8d,4,B,0,0.28062551966258,0.3293732218869007,0.07875068228589306
583,related:63a309b86221fd9c041d3f2e,4,B,0,0.3439091346631051,0.4214559853971872,0.11827349290472575
615,related:ad7ded14496a37636b11e27a,4,B,0,0.2690295177764961,0.31338220004285916,0.07237688143505402
617,related:24b250830c6c271c5d556d4c,4,B,0,0.0474062403543356,0.0485667415021874,0.0022473516245330367
618,related:a5adea06a8f1b7e6f21ebefa,4,B,0,0.3549074315213467,0.43836145546277916,0.12595928494907938
630,related:557ecb7d553ababd27549103,4,B,0,0.13339766254662816,0.14317507241090058,0.01779493637290408
633,related:b711d27a6ccf5ad79a71a46c,4,B,0,0.06538640832924143,0.06762210605378555,0.004275382394198293
641,related:452b06175c4f1ee01ec31ccc,4,B,0,0.027521583744911787,0.027907397817999453,0.0007574375718281927
643,related:5ad72d42bba5575ca688bc0a,4,B,0,0.06763025038012993,0.07002581591197174,0.004573850766479064
661,related:e77cc5a46c91c635c67c71d6,4,B,0,0.07147282390158592,0.07415562979872964,0.005108364556467112
676,related:4743fb25e740c6c469fccb60,4,B,1,0.5932485971217707,0.5221417484026957,0.1654467037434076
688,related:24b250830c6c271c5d556d4c,4,B,1,0.07147282390158592,2.638437986825403,0.8621627167532953
710,related:2e7054e424279aedf92e5697,4,B,0,0.06195420939130469,0.06395651388737805,0.0038383240613016267
725,related:1da5c75cb9b3819ee4192185,4,B,0,0.041093704658229875,0.0419619196737841,0.0016886925625378237
730,related:202b696bb9c94dbb26ca2156,4,B,0,0.29924190827954666,0.35559254177529115,0.08954571967078462
741,related:452b06175c4f1ee01ec31ccc,4,B,0,0.12609677133175035,0.13478563180431366,0.015900395740291735
758,related:7290a29d986998625dafab55,4,B,0,0.015605758601114947,0.015728810341260707,0.00024353970151627313
759,related:cf2a727ab26853fff51202d8,4,B,0,0.06623804458459275,0.06853373895934407,0.004387478550390496
781,related:add052870444464d7953d5f4,4,B,0,0.14004006908576191,0.15086948278021103,0.01961122094954497
782,related:557ecb7d553ababd27549103,4,B,1,0.33532636768583785,1.0926509895149443,0.4417910374937021
784,related:e5962da8bd6af77a7c29f036,4,B,0,0.02717568952380022,0.02755177787257528,0.0007385181010939851
790,related:b711d27a6ccf5ad79a71a46c,4,B,0,0.07606168380180091,0.07910996693008109,0.005785379742765143
799,related:3b575a0e4a9c50ce306393e5,4,B,0,0.03811997047121453,0.03886554552283496,0.0014531321487262676
802,related:82311f72927e0ae820c7dd86,4,B,0,0.07780931713831317,0.08100326242508142,0.006054289833530595
806,related:f780c74702e02ef1fa73cc9c,4,B,1,0.2201833021249092,1.5132948880642518,0.6081140822848106
807,related:b767e132339c9bbb8b286bf8,4,B,0,0.043284419159822944,0.04424913040556905,0.0018735409420032477
816,related:1da5c75cb9b3819ee4192185,4,B,0,0.23118409134203513,0.2629037286968016,0.053446084089642444
828,related:9917a1b6d4056ad6e12eaefa,4,B,0,0.07745600756791662,0.08062021593124322,0.005999433108361157
834,related:0f1adf5e0081c3c51ae1e10a,4,B,0,0.07929148950688679,0.0826117852281652,0.006287140308220738
837,related:7e0ad279a3cc307c40a4f095,4,B,0,0.06963609818543855,0.07217947709597088,0.004849186170492037
838,related:f8305cc21461b5dd32274b51,4,B,0,0.029757038493422188,0.030208763068552417,0.0008854813398990098
851,related:b711d27a6ccf5ad79a71a46c,4,B,0,0.3231214392498625,0.3902634006680317,0.10440746450290257
897,related:cc3c434c07dd8f232230c049,4,B,1,0.3307389436977695,1.106425904519285,0.4479103614827774
900,related:e5962da8bd6af77a7c29f036,4,B,0,0.16388797378471404,0.178992672225125,0.026859267951259116
927,related:e10d538a734636e0b662c8ed,4,B,0,0.27272630947673976,0.31845240664992897,0.07437963988080243
935,related:dff5ff76b264137c0e33decd,4,B,1,0.2506467110368848,1.3837108570946628,0.561530351679838
960,related:734061f3f5b8648086c12a2f,4,B,1,0.3392002665046724,1.0811645893787531,0.436656287787496
965,related:202b696bb9c94dbb26ca2156,4,B,0,0.21996766748871566,0.24841990822006343,0.04838577474042618
969,related:82cb3788c0b00b292ea5cb56,4,B,0,0.07600828695646535,0.0790521759482739,0.00577725968605638
976,related:ca0aa0518a39ea2855946450,4,B,0,0.06136014681820934,0.06332341628266916,0.0037650676175522055
979,related:9cbe55a1c3c42390af99d893,4,B,0,0.32700008804883196,0.39601008016777733,0.10692905758394386
980,related:273115ff412d898c5688a544,4,B,0,0.09981908018439034,0.10515951384270061,0.00996384876885775
990,related:4743fb25e740c6c469fccb60,4,B,0,0.062178655674860694,0.06419581258870635,0.003866185221532886
1000,related:ad7ded14496a37636b11e27a,4,B,0,0.3100341566337517,0.3711131849838707,0.09612117827960169
1012,related:c1b94258ac037e7456ee5f05,4,B,0,0.03702293009543996,0.0377256785738763,0.0013706973528518336
1025,related:ad7ded14496a37636b11e27a,4,B,0,0.11663602069023357,0.12401795571356031,0.013603961322452594
1042,related:a5adea06a8f1b7e6f21ebefa,4,B,0,0.07461336886988189,0.07754364919872356,0.0055671548141130595
1047,related:63a309b86221fd9c041d3f2e,4,B,0,0.07134056879703989,0.07401320457958399,0.005089476756285181
1048,related:96329f105348c39e5b613f44,4,B,0,0.02441173943981718,0.024714645758912634,0.0005959330224775257
1050,related:273115ff412d898c5688a544,4,B,0,0.04924334716543665,0.05049713473880932,0.002424907240055718
1064,related:7e0ad279a3cc307c40a4f095,4,B,0,0.04728197158746493,0.04843629695465902,0.002235584837197841
1067,related:2afa59460ce40cb5f40585b1,4,B,0,0.049270534991484434,0.05052573113590583,0.002427585618347092
1072,related:9d8aecc4f7be7deb45f39de1,4,B,0,0.06120200012775055,0.06315494552282423,0.003745684819637179
1081,related:aad68fb7982844c540ce09ea,4,B,0,0.03682666984381501,0.037521893602258286,0.001356203611785354
1084,related:444209b955a07664d7a14938,4,B,0,0.06329903964741956,0.06539119351661112,0.004006768420285594
1125,related:c06814414fd8a5da77542e53,4,B,0,0.03905689096615288,0.039840071520881995,0.0015254407319419542
1139,related:3a0e95f63bed1f95abafd231,4,B,0,0.0894036168030063,0.09365552797931295,0.00799300669745879
1155,related:2afa59460ce40cb5f40585b1,4,B,0,0.05059622449841543,0.05192109614901717,0.0025599779334940535
1160,related:4743fb25e740c6c469fccb60,4,B,0,0.07533235905766367,0.07832091312533676,0.005674964321192761
1168,related:7e0ad279a3cc307c40a4f095,4,B,1,0.6136214929700742,0.48837700188597005,0.14928835069467444
1187,related:ca0aa0518a39ea2855946450,4,B,0,0.7054422431656278,1.2222801768360745,0.4976487584425527
1193,related:5fcb33c5328805c3cd246ab5,4,B,0,0.07660416732547147,0.07969728194246828,0.0058681984516288305
1196,related:5ad72d42bba5575ca688bc0a,4,B,0,0.051413515316440964,0.05278231328556974,0.0026433495571939096
1197,related:1d9b7f7f8f080b9e77fc9b1e,4,B,0,0.054238059170362805,0.055764389770603856,0.002941767062567777
1199,related:4743fb25e740c6c469fccb60,4,B,0,0.07730226100935361,0.0804535748280202,0.0059756395571582315
1205,related:273115ff412d898c5688a544,4,B,0,0.26655291550273724,0.30999982510942187,0.07105045676300938
1226,related:84a4c9cf7ac31b508374f791,4,B,0,0.08533299560560985,0.08919520956868973,0.00728172013902703
1256,related:94e409aee0c03f60f0f84c9a,4,B,0,0.295851114406438,0.35076545996581304,0.08752788189553128
1267,related:3b575a0e4a9c50ce306393e5,4,B,0,0.028761085179463967,0.029182790677601607,0.0008272000207003819
1277,related:96329f105348c39e5b613f44,4,B,0,0.018354160956881357,0.018524688384080994,0.00033687522443110796
1278,related:7eeee26138ca622cc5b07e14,4,B,0,0.01905265341725648,0.01923649406544467,0.000363003602238095
1282,related:3a0e95f63bed1f95abafd231,4,B,0,0.08049827954650672,0.08392336386447821,0.006479973009947542
1294,related:aeda1f2ffe071443b304c7c8,4,B,0,0.03387486595974179,0.03446191481503322,0.0011475065437904731
1300,related:7290a29d986998625dafab55,4,B,0,0.10010258300636032,0.10547450327234574,0.010020527124545259
1308,related:cc3c434c07dd8f232230c049,4,B,0,0.054309291822564595,0.05583971034738154,0.0029494991782684815
1314,related:f6978a75956091e1b10be905,4,B,0,0.3388147024342267,0.41372114926891995,0.11479540258559356
1317,related:661a4c1db2d5b0716a06e587,4,B,0,0.05759127923162119,0.05931621234115078,0.003316755443534562
1343,related:3e58a45b553faba55103fe8d,4,B,0,0.2348696910666332,0.26770912118656276,0.05516377178173572
1350,related:82311f72927e0ae820c7dd86,4,B,0,0.08308207075110816,0.08673730991428717,0.006902630480292141
1352,related:9d8aecc4f7be7deb45f39de1,4,B,0,0.06497238531107916,0.06717921570292937,0.004221410853011334
1368,related:444209b955a07664d7a14938,4,B,1,0.06421888228478337,2.7454579949446147,0.8756863002723402
1391,related:d3c3938ec96b17734a585789,4,B,0,0.2286285840173572,0.2595852886227838,0.052271029429781755
1408,related:aad68fb7982844c540ce09ea,4,B,0,0.03783086346103054,0.038565026162458424,0.0014311742302071356
1420,related:c06814414fd8a5da77542e53,4,B,0,0.26601413414459074,0.30926550688080723,0.07076351956469631
1425,related:661a4c1db2d5b0716a06e587,4,B,0,0.06195420939130469,0.06395651388737805,0.0038383240613016267
1427,related:c1b94258ac037e7456ee5f05,4,B,0,0.21245489278663163,0.2388346309216256,0.04513708146897914
1430,related:84313ad2dd8af6dfa5a48826,4,B,1,0.29505299493530646,1.2206002949278447,0.49695027994968105
1468,related:f8305cc21461b5dd32274b51,4,B,0,0.17709133092091978,0.19491005763548733,0.03136133948734272
1477,related:737f7bd31a979e3beb0f04ad,4,B,0,0.2361185058058503,0.26934261415809774,0.055751948783987364
1493,related:1d9b7f7f8f080b9e77fc9b1e,4,B,0,0.0400039138442256,0.04082607144963417,0.0016003131228562247
1517,related:aeda1f2ffe071443b304c7c8,4,B,0,0.03480147774616061,0.03542147625829296,0.0012111428533165122
1520,related:ca0aa0518a39ea2855946450,4,B,0,0.3144556561515354,0.3775420937445212,0.09888235968569267
1521,related:94e409aee0c03f60f0f84c9a,4,B,0,0.10070837602954463,0.10614791004871477,0.01014217700250816
1527,related:0f1adf5e0081c3c51ae1e10a,4,B,0,0.04680896537555644,0.047939939357339006,0.002191079239530042
1540,related:2afa59460ce40cb5f40585b1,4,B,0,0.024287535116621406,0.02458734162609084,0.0005898843620411179
1541,related:661a4c1db2d5b0716a06e587,4,B,0,0.06359834100470842,0.0657107716932092,0.004044748978551176
1590,related:e10d538a734636e0b662c8ed,4,B,0,0.10267146241901376,0.10833322134903368,0.010541429195258955
1591,related:330d859e7d8c69ffa824e18a,4,B,0,0.07663856251320308,0.07973453122074793,0.005873469264090137
1599,related:2c70f2228d8b322053c9819a,4,B,0,0.06378984024077958,0.06591529805026929,0.004069143717944181
1634,related:f6978a75956091e1b10be905,4,B,0,0.4068065078723801,0.5222346395681218,0.16549153484732085
1647,related:737f7bd31a979e3beb0f04ad,4,B,0,0.1876311166228317,0.2078007521055023,0.03520543592513067
1652,related:84a4c9cf7ac31b508374f791,4,B,0,0.05116334198106326,0.05251861529306918,0.00261768756267123
1653,related:7290a29d986998625dafab55,4,B,0,0.12957886217834952,0.138778117994215,0.0167906815234357
1669,related:82cb3788c0b00b292ea5cb56,4,B,0,0.04029223667869714,0.04112645407033687,0.0016234643365721473
1673,related:737f7bd31a979e3beb0f04ad,4,B,0,0.031867637083524886,0.03238646250334587,0.0010155462932872506
1677,related:82311f72927e0ae820c7dd86,4,B,0,0.0968402724072698,0.10185585572279333,0.009378038359914222
1680,related:452b06175c4f1ee01ec31ccc,4,B,0,0.02070870262547663,0.020926134872507777,0.00042885036443042273
1686,related:bfa334630c362ce94b33be8f,4,B,1,0.31292535878197597,1.1617905872256826,0.47207156260487637
1688,related:f780c74702e02ef1fa73cc9c,4,B,0,0.07730084651578874,0.0804520418314375,0.005975420872057528
1693,related:557ecb7d553ababd27549103,4,B,0,0.13019998708955363,0.13949196397559338,0.016952036638119932
1696,related:add052870444464d7953d5f4,4,B,0,0.0226816015231481,0.02294278599151581,0.0005144550476548742
1716,related:b711d27a6ccf5ad79a71a46c,4,B,0,0.07203339041877213,0.07475952789798147,0.005188809335223253
1733,related:103b4242f58b5944e2b42226,4,B,0,0.15562066132541783,0.1691534319542047,0.024217790231360396
1758,related:9917a1b6d4056ad6e12eaefa,4,B,0,0.07548250818818696,0.07848330803993311,0.005697609042379711
1763,related:d3c3938ec96b17734a585789,4,B,0,0.030597244858226107,0.031075113464549622,0.000936191392914244
1774,related:63a309b86221fd9c041d3f2e,4,B,0,0.04649446425732266,0.04761004825041213,0.002161735206575455
1783,related:b767e132339c9bbb8b286bf8,4,B,0,0.020694800281131916,0.020911938641313046,0.00042827475867593764
1810,related:f8305cc21461b5dd32274b51,4,B,0,0.07572282690659027,0.0787432814424085,0.005733946514725431
1819,related:b767e132339c9bbb8b286bf8,4,B,1,0.1291315061561566,2.0469239663167706,0.7584119335698443
1824,related:63a309b86221fd9c041d3f2e,4,B,0,0.25492589702053536,0.29427159846257045,0.0649872129717246
1828,related:c1b94258ac037e7456ee5f05,4,B,0,0.04893477519390479,0.05017263329325602,0.0023946122232779993
1851,related:bfa334630c362ce94b33be8f,4,B,0,0.04990277512898734,0.0511909576546456,0.002490286965574277
1870,related:82311f72927e0ae820c7dd86,4,B,0,0.09931218934926504,0.10459657347960119,0.009862910953344272
1873,related:db3fedad9c9934412991197f,4,B,0,0.13045173614467048,0.13978143913159022,0.017017655463158726
1876,related:add052870444464d7953d5f4,4,B,0,0.10848068139252323,0.11482817213529098,0.011768058235386136
1894,related:5fcb33c5328805c3cd246ab5,4,B,1,0.09169537574596649,2.389283329061414,0.8250172904412609
1897,related:5ad72d42bba5575ca688bc0a,4,B,0,0.3310767779305587,0.4020859906575166,0.10961183288488047
1911,related:c06814414fd8a5da77542e53,4,B,0,0.0677135832071361,0.0701151973524353,0.004585129350749743
1934,related:0f1adf5e0081c3c51ae1e10a,4,B,0,0.29971384197740514,0.356266230298397,0.08982838707285698
1943,related:2d5fdc4b30b2d9e2fc637f9e,4,B,0,0.057538371396573015,0.05926007284584839,0.0033106641829699717
1962,related:c06814414fd8a5da77542e53,4,B,0,0.04911439837785895,0.05036151639369401,0.002412224128019034
1963,related:330d859e7d8c69ffa824e18a,4,B,0,0.07863971611184858,0.08190413150293463,0.006184204950152138
1969,related:bfa334630c362ce94b33be8f,4,B,0,0.06257133786462975,0.06461461775511708,0.003915172322169648
1980,related:103b4242f58b5944e2b42226,4,B,0,0.025593711966310072,0.02592692881078106,0.0006550380922144434
1983,related:5fcb33c5328805c3cd246ab5,4,B,0,0.08939422755474596,0.0936452169347851,0.007991327920109703
1984,related:84a4c9cf7ac31b508374f791,4,B,0,0.051189895039703524,0.052546600542125996,0.0026204053541758637
1988,related:7e0ad279a3cc307c40a4f095,4,B,0,0.07146855871720155,0.07415103631487896,0.005107754885114085
1999,related:d3c3938ec96b17734a585789,4,B,0,0.18131418987088457,0.2000548949484054,0.03287483544853518
2005,related:94e409aee0c03f60f0f84c9a,4,B,0,0.09820549658944938,0.10336860814507642,0.009644319560380353
2009,related:1d9b7f7f8f080b9e77fc9b1e,4,B,0,0.04109104875506182,0.041959149956343596,0.0016884742877908672
2013,related:aeda1f2ffe071443b304c7c8,4,B,0,0.04482098846691682,0.04585650943583087,0.0020089210071514902
2016,related:2c70f2228d8b322053c9819a,4,B,0,0.26321156583374256,0.30545449154988935,0.06928032838865059
2019,related:ca0aa0518a39ea2855946450,4,B,0,0.11183504571114947,0.11859779390680461,0.012507077449214891
2022,related:bfa334630c362ce94b33be8f,4,B,1,0.27234113382672687,1.3006998300178565,0.5294874255205734
2026,related:aeda1f2ffe071443b304c7c8,4,B,0,0.046032753678571174,0.047125941119647186,0.002119014411232008
2034,related:5fcb33c5328805c3cd246ab5,4,B,0,0.07171037734859359,0.07441150151258284,0.005142378219477685
2036,related:3b575a0e4a9c50ce306393e5,4,B,0,0.17203854825504034,0.18878868154421055,0.02959726208570184
2042,related:84313ad2dd8af6dfa5a48826,4,B,0,0.05779488311243438,0.059532281943885476,0.0033402485139799524
2043,related:7eeee26138ca622cc5b07e14,4,B,0,0.15425466120349327,0.16753698266194947,0.023794500503004492
2052,related:202b696bb9c94dbb26ca2156,4,B,1,0.6040364046081691,0.5041208103335568,0.15678716887562558
2065,related:1da5c75cb9b3819ee4192185,4,B,0,0.2869508448984353,0.33820491970776273,0.08234078738792587
2067,related:e10d538a734636e0b662c8ed,4,B,0,0.10012522685826171,0.10549966629245099,0.010025061053418372
2074,related:2d5fdc4b30b2d9e2fc637f9e,4,B,0,0.05440334915931385,0.05593917417172143,0.002959724399750215
2075,related:444209b955a07664d7a14938,4,B,0,0.059437544070155036,0.06127722529030612,0.0035328216450916223
2087,related:c06814414fd8a5da77542e53,4,B,0,0.07736556437449399,0.0805221840096471,0.005985430550983974
2109,related:cc3c434c07dd8f232230c049,4,B,0,0.06980946816612764,0.07236584087878252,0.004873361845637588
2129,related:cf2a727ab26853fff51202d8,4,B,0,0.07029544741735376,0.07288842870253444,0.0049414499276059475
2139,related:d3c3938ec96b17734a585789,4,B,0,0.04052868581268241,0.04137286060733241,0.0016425743737031244
2147,related:5ad72d42bba5575ca688bc0a,4,B,0,0.26998143322321994,0.3146853112223429,0.07288997428526396
2156,related:cf2a727ab26853fff51202d8,4,B,0,0.5511477867942779,0.8010615919556329,0.3037638828882308
2159,related:96329f105348c39e5b613f44,4,B,0,0.11597885513429171,0.12327429709921686,0.013451094838261022
2163,related:3b575a0e4a9c50ce306393e5,4,B,0,0.2175757182510395,0.24535812578788838,0.04733919317245572
2170,related:661a4c1db2d5b0716a06e587,4,B,0,0.07844737100410334,0.08169539119068336,0.0061539900174554345
2171,related:1da5c75cb9b3819ee4192185,4,B,0,0.05424151675824463,0.05576804565275854,0.002942142140234933
2172,related:e77cc5a46c91c635c67c71d6,4,B,0,0.06964026221212338,0.07218395280272945,0.0048497661209733
2194,related:c06814414fd8a5da77542e53,4,B,0,0.22948190021630815,0.26069213353915743,0.05266194252688761
2196,related:2e7054e424279aedf92e5697,4,B,0,0.0482983167899876,0.0495036512703163,0.0023327274047459977
2202,related:add052870444464d7953d5f4,4,B,0,0.01704584173031932,0.017192794439503584,0.0002905607202950956
2238,related:f780c74702e02ef1fa73cc9c,4,B,0,0.07931780788056719,0.08264037055081817,0.006291314646978567
2248,related:7eeee26138ca622cc5b07e14,4,B,0,0.025334811637770058,0.025661263509946124,0.0006418526807212892
2267,related:444209b955a07664d7a14938,4,B,1,0.30128277028767037,1.1997060190555904,0.4882057670968724
2268,related:e10d538a734636e0b662c8ed,4,B,0,0.0507319509131974,0.052064066001158524,0.00257373084345907
2273,related:330d859e7d8c69ffa824e18a,4,B,0,0.038337990109732586,0.03909223112157294,0.0014698014856539536
2281,related:c1b94258ac037e7456ee5f05,4,B,0,0.26526254560124096,0.30824204848181475,0.07036421809885043
2282,related:c06814414fd8a5da77542e53,4,B,1,0.07445193802481335,2.5976014889644197,0.856639215026024
2287,related:9917a1b6d4056ad6e12eaefa,4,B,0,0.0590323741734776,0.0608465439986608,0.003484821200557465
2290,related:f780c74702e02ef1fa73cc9c,4,B,1,0.03868315982454479,3.2523509203027694,0.9241300672049219
2293,related:9d8aecc4f7be7deb45f39de1,4,B,0,0.1453492264782799,0.15706234550600506,0.021126397637834308
2296,related:dff5ff76b264137c0e33decd,4,B,1,0.08369793104530197,2.4805410204863416,0.8396094815706602
2303,related:db3fedad9c9934412991197f,4,B,0,0.08458558287944933,0.0883784013557563,0.007154720831056191
2309,related:dff5ff76b264137c0e33decd,4,B,0,0.21786425695320366,0.24572696904204608,0.04746483445777155
2316,related:2d5fdc4b30b2d9e2fc637f9e,4,B,1,0.2940721180474298,1.2239302422434004,0.498334174518042
2322,related:452b06175c4f1ee01ec31ccc,4,B,0,0.1618506630473253,0.1765589879894861,0.026195637128858827
2324,related:273115ff412d898c5688a544,4,B,0,0.09733591000975476,0.1024047881381317,0.009474279377427078
2326,related:84313ad2dd8af6dfa5a48826,4,B,0,0.046045887811040895,0.047139709121573836,0.0021202237843069645
2341,related:a5adea06a8f1b7e6f21ebefa,4,B,0,0.4378383765686237,0.5759658842565977,0.19170244399624792
2369,related:82cb3788c0b00b292ea5cb56,4,B,0,0.0740687124905323,0.0769552506426681,0.005486174170005136
2382,related:24b250830c6c271c5d556d4c,4,B,1,0.40407223237550705,0.9061616239938712,0.3551299042259117
8,related:cf2a727ab26853fff51202d8,4,C,0,0.37091525193133323,0.4634892967492154,0.1375781241152844
20,related:e5962da8bd6af77a7c29f036,4,C,0,0.040315613006791776,0.041150812123579815,0.0016253486521133982
23,related:9d8aecc4f7be7deb45f39de1,4,C,0,0.08493184887496774,0.08875673437640952,0.007213418953320359
32,related:202b696bb9c94dbb26ca2156,4,C,0,0.03387451766851272,0.034461554311870604,0.0011474829472743803
35,related:330d859e7d8c69ffa824e18a,4,C,0,0.3813938509486439,0.4802864785100318,0.14546126954143643
46,related:aad68fb7982844c540ce09ea,4,C,0,0.0498861124581935,0.05117341994982386,0.0024886242161915287
60,related:94e409aee0c03f60f0f84c9a,4,C,0,0.04226514822858273,0.043184312001096556,0.00178634275478407
89,related:9cbe55a1c3c42390af99d893,4,C,0,0.05522346573929937,0.056806851134029245,0.0030496311682595713
103,related:2c70f2228d8b322053c9819a,4,C,0,0.3884556885201639,0.4917678628991791,0.15089782194367457
107,related:734061f3f5b8648086c12a2f,4,C,0,0.037980056786337896,0.03872009753998182,0.0014424847134934513
111,related:cc3c434c07dd8f232230c049,4,C,0,0.05020738794801207,0.05151162132231194,0.002520781804562188
114,related:2d5fdc4b30b2d9e2fc637f9e,4,C,0,0.3086953604834187,0.3691746847608284,0.09529282558398783
118,related:2e7054e424279aedf92e5697,4,C,0,0.043575621866384175,0.04455355424810522,0.0018988348210420985
136,related:103b4242f58b5944e2b42226,4,C,0,0.021800948806534052,0.02204210082882687,0.0004752813688651185
146,related:aad68fb7982844c540ce09ea,4,C,0,0.04456531078933792,0.04558887011239712,0.001986066925750279
154,related:ad7ded14496a37636b11e27a,4,C,0,0.12516658632850225,0.1337217951253596,0.015666674333130407
155,related:f6978a75956091e1b10be905,4,C,0,0.0505623640461404,0.05188543182015405,0.0025565526579344315
188,related:2afa59460ce40cb5f40585b1,4,C,0,0.1456660032485806,0.1574330647534072,0.02121858450241549
205,related:734061f3f5b8648086c12a2f,4,C,0,0.39997772492926625,0.5107884993372211,0.15998218043959178
220,related:3a0e95f63bed1f95abafd231,4,C,0,0.14309494449694796,0.1544281535659751,0.020476163140584615
234,related:b767e132339c9bbb8b286bf8,4,C,0,0.04460387414736706,0.04562923303488136,0.0019895055889541592
238,related:7eeee26138ca622cc5b07e14,4,C,0,0.12379732665618026,0.13215785254123252,0.015325778087217
241,related:db3fedad9c9934412991197f,4,C,0,0.7826305937933111,1.5261570400180335,0.6125106463412707
248,related:82cb3788c0b00b292ea5cb56,4,C,1,0.229675595907492,1.4710874182595957,0.5933996875404776
253,related:9cbe55a1c3c42390af99d893,4,C,0,0.052845036331396346,0.05429256278535304,0.0027925978648665997
259,related:3e58a45b553faba55103fe8d,4,C,0,0.04515075147467061,0.04620180590910939,0.0020385903587274703
282,related:c06814414fd8a5da77542e53,4,C,0,0.045576406380789664,0.04664768761210681,0.0020772088185868846
287,related:f6978a75956091e1b10be905,4,C,0,0.08194308757599114,0.08549589417874082,0.006714669601486554
293,related:e5962da8bd6af77a7c29f036,4,C,0,0.1506899140621233,0.16333092267752403,0.022707450200050102
294,related:2c70f2228d8b322053c9819a,4,C,0,0.028886099858230325,0.029311515673365478,0.0008344067650196541
321,related:84a4c9cf7ac31b508374f791,4,C,0,0.0532889547132452,0.054761358769736035,0.002839712694430298
349,related:e77cc5a46c91c635c67c71d6,4,C,0,0.04246989372388566,0.04339811583562354,0.0018036918729181428
368,related:db3fedad9c9934412991197f,4,C,0,0.0586554407623011,0.060446043572423586,0.0034404607310198135
380,related:dff5ff76b264137c0e33decd,4,C,0,0.04697180328428503,0.04811078844588821,0.00220635030377757
389,related:737f7bd31a979e3beb0f04ad,4,C,0,0.042447136577903444,0.04337434961103342,0.0018017594036631884
397,related:2e7054e424279aedf92e5697,4,C,0,0.15738938845581896,0.17125033570667056,0.02477141959849668
410,related:734061f3f5b8648086c12a2f,4,C,0,0.09212228879080343,0.09664558873593883,0.008486516092056189
480,related:7290a29d986998625dafab55,4,C,0,0.042447136577903444,0.04337434961103342,0.0018017594036631884
487,related:a5adea06a8f1b7e6f21ebefa,4,C,0,0.06076131175675056,0.06268563799344828,0.0036919370064010344
491,related:84313ad2dd8af6dfa5a48826,4,C,1,0.35439697961831074,1.0373375828092246,0.4168032599259599
513,related:24b250830c6c271c5d556d4c,4,C,0,0.051339612334624446,0.052704407786890575,0.0026357557946695225
520,related:1d9b7f7f8f080b9e77fc9b1e,4,C,0,0.0521608425089185,0.05357045621566138,0.002720753491240199
521,related:103b4242f58b5944e2b42226,4,C,0,0.09371281306415842,0.09839903979487939,0.008782091332397901
524,related:3a0e95f63bed1f95abafd231,4,C,0,0.05737163316835177,0.059083170704242606,0.0032915042924039207
535,related:557ecb7d553ababd27549103,4,C,0,0.029359278444545084,0.029798887857671076,0.0008619672307843296
542,related:3e58a45b553faba55103fe8d,4,C,0,0.06591713817853784,0.06819012753482862,0.004345069105648451
564,related:96329f105348c39e5b613f44,4,C,0,0.18785370784270877,0.20807479229253445,0.03528901555025378
566,related:9917a1b6d4056ad6e12eaefa,4,C,0,0.08876288111816066,0.09295213141696798,0.007878849064396723
568,related:9cbe55a1c3c42390af99d893,4,C,0,0.37641351476554386,0.47226781420389263,0.1416871340981503
570,related:e77cc5a46c91c635c67c71d6,4,C,0,0.4609221848985623,0.617895349102975,0.21244926053166444
571,related:0f1adf5e0081c3c51ae1e10a,4,C,0,0.12666447938977185,0.13543546638271212,0.016043890339081938
575,related:f8305cc21461b5dd32274b51,4,C,0,0.052726101297639806,0.05416699983994479,0.002780041758048974
576,related:3e58a45b553faba55103fe8d,4,C,0,0.2297725603033963,0.2610694315200222,0.05279542946837789
583,related:63a309b86221fd9c041d3f2e,4,C,0,0.20964575682058265,0.23527402493851093,0.04395134335287487
615,related:ad7ded14496a37636b11e27a,4,C,0,0.1642715931649127,0.17945159088667617,0.026985156320938588
617,related:24b250830c6c271c5d556d4c,4,C,0,0.04430435512565138,0.0453157797211724,0.0019628758830998318
618,related:a5adea06a8f1b7e6f21ebefa,4,C,0,0.29303465919500304,0.3467736371938784,0.08586931148953159
630,related:557ecb7d553ababd27549103,4,C,0,0.08084704057714305,0.08430272931970618,0.006536243970082215
633,related:b711d27a6ccf5ad79a71a46c,4,C,0,0.04390611720731506,0.04489916699437052,0.0019277471282224878
641,related:452b06175c4f1ee01ec31ccc,4,C,0,0.05054205969024888,0.0518640463831177,0.0025544997977326807
643,related:5ad72d42bba5575ca688bc0a,4,C,0,0.06886987187506032,0.0713562390502629,0.0047430592520872235
661,related:e77cc5a46c91c635c67c71d6,4,C,0,0.051295538099358544,0.05265794942092687,0.002631232228902744
676,related:4743fb25e740c6c469fccb60,4,C,1,0.6153693610018209,0.48553260446097857,0.14794072845614756
688,related:24b250830c6c271c5d556d4c,4,C,1,0.20694369060857307,1.5753085487681047,0.6289383098655507
710,related:2e7054e424279aedf92e5697,4,C,0,0.2384213218391842,0.27236179200925414,0.05684472670754386
725,related:1da5c75cb9b3819ee4192185,4,C,0,0.09919328418884059,0.10446456623911221,0.009839307628168092
730,related:202b696bb9c94dbb26ca2156,4,C,0,0.20268107989667342,0.22650052953659827,0.04107962014808171
741,related:452b06175c4f1ee01ec31ccc,4,C,0,0.14516837372790778,0.15685075777504207,0.021073856730805505
758,related:7290a29d986998625dafab55,4,C,0,0.025767163413728658,0.026104951971339795,0.0006639467103897967
759,related:cf2a727ab26853fff51202d8,4,C,0,0.05524684334996061,0.05683159550377896,0.0030522137001350873
781,related:add052870444464d7953d5f4,4,C,0,0.14189004046521578,0.15302302973975637,0.02013278358322057
782,related:557ecb7d553ababd27549103,4,C,1,0.2642527923899326,1.3308490870598741,0.5413239535060116
784,related:e5962da8bd6af77a7c29f036,4,C,0,0.024451851868727566,0.024755762749746592,0.0005978930598101957
790,related:b711d27a6ccf5ad79a71a46c,4,C,0,0.1108446544199152,0.11748331679897249,0.012286537413470426
799,related:3b575a0e4a9c50ce306393e5,4,C,0,0.044398511741920235,0.04541430612474706,0.001971227844897429
802,related:82311f72927e0ae820c7dd86,4,C,0,0.038190546722146855,0.03893892145132526,0.001458517858936482
806,related:f780c74702e02ef1fa73cc9c,4,C,1,0.19152975273113232,1.6527121156873934,0.653624140718984
807,related:b767e132339c9bbb8b286bf8,4,C,0,0.04660932258434493,0.04773051451005293,0.0021724289517715263
816,related:1da5c75cb9b3819ee4192185,4,C,0,0.08789589844194215,0.09200114897677653,0.007725688962916208
828,related:9917a1b6d4056ad6e12eaefa,4,C,0,0.05016423431103007,0.051466187554849836,0.0025164504040119267
834,related:0f1adf5e0081c3c51ae1e10a,4,C,0,0.051339612334624446,0.052704407786890575,0.0026357557946695225
837,related:7e0ad279a3cc307c40a4f095,4,C,0,0.06694020376770175,0.06928598990735327,0.004480990880461432
838,related:f8305cc21461b5dd32274b51,4,C,0,0.040577885133828206,0.04142413945420492,0.001646564761934156
851,related:b711d27a6ccf5ad79a71a46c,4,C,0,0.3530795880803834,0.43553200299110867,0.12466519551901324
897,related:cc3c434c07dd8f232230c049,4,C,1,0.2091243092524328,1.5648264227173867,0.6254843582154415
900,related:e5962da8bd6af77a7c29f036,4,C,0,0.09572724469198401,0.10062424362495993,0.009163705376318982
927,related:e10d538a734636e0b662c8ed,4,C,0,0.24329683911896444,0.278784228098585,0.05919335192527926
935,related:dff5ff76b264137c0e33decd,4,C,1,0.3015629366154659,1.198776539605848,0.4878143315092116
960,related:734061f3f5b8648086c12a2f,4,C,1,0.3510845162033819,1.0467282975965633,0.42109130511099896
965,related:202b696bb9c94dbb26ca2156,4,C,0,0.18844617418920667,0.20880456543997195,0.035511960566548824
969,related:82cb3788c0b00b292ea5cb56,4,C,0,0.18832762904950237,0.20865850429316246,0.03546729586340697
976,related:ca0aa0518a39ea2855946450,4,C,0,0.028049496110789024,0.028450397742943237,0.0007867742320691685
979,related:9cbe55a1c3c42390af99d893,4,C,0,0.3810752033626927,0.4797715053788899,0.1452183106179176
980,related:273115ff412d898c5688a544,4,C,0,0.10890370735705977,0.11530278479974605,0.011860017476112115
990,related:4743fb25e740c6c469fccb60,4,C,0,0.05746350524657232,0.059180639185822476,0.0033020544352228448
1000,related:ad7ded14496a37636b11e27a,4,C,0,0.2363851797311084,0.2696917788996979,0.05587795319650842
1012,related:c1b94258ac037e7456ee5f05,4,C,0,0.02130552866076434,0.021535767550444982,0.0004539255515146507
1025,related:ad7ded14496a37636b11e27a,4,C,0,0.07929078752539022,0.08261102279225743,0.006287028986396577
1042,related:a5adea06a8f1b7e6f21ebefa,4,C,0,0.06591713817853784,0.06819012753482862,0.004345069105648451
1047,related:63a309b86221fd9c041d3f2e,4,C,0,0.11744514095251866,0.1249343288801308,0.013793361133356977
1048,related:96329f105348c39e5b613f44,4,C,0,0.040577885133828206,0.04142413945420492,0.001646564761934156
1050,related:273115ff412d898c5688a544,4,C,0,0.022307626439698552,0.02256020488929362,0.0004976301973731379
1064,related:7e0ad279a3cc307c40a4f095,4,C,0,0.057644753178460795,0.059372955729472494,0.003322917569005666
1067,related:2afa59460ce40cb5f40585b1,4,C,0,0.04909884088122949,0.05034515546727375,0.002410696175880292
1072,related:9d8aecc4f7be7deb45f39de1,4,C,0,0.05020738794801207,0.05151162132231194,0.002520781804562188
1081,related:aad68fb7982844c540ce09ea,4,C,0,0.03037565932663545,0.030846560152392725,0.0009226806795278153
1084,related:444209b955a07664d7a14938,4,C,0,0.02886571824015451,0.029290528017651345,0.0008332296895199887
1125,related:c06814414fd8a5da77542e53,4,C,0,0.023789405652285628,0.024076942947419692,0.0005659358212889994
1139,related:3a0e95f63bed1f95abafd231,4,C,0,0.1091179088177433,0.11554319339690915,0.011906718024757342
1155,related:2afa59460ce40cb5f40585b1,4,C,0,0.25701740754074875,0.29708266326124216,0.06605794777896734
1160,related:4743fb25e740c6c469fccb60,4,C,0,0.1490683341668819,0.16142345230136,0.02222136825128917
1168,related:7e0ad279a3cc307c40a4f095,4,C,1,0.7475467897323084,0.29095838071666846,0.06373262337446332
1187,related:ca0aa0518a39ea2855946450,4,C,0,0.5018647508124813,0.6968836541160437,0.2518682281080739
1193,related:5fcb33c5328805c3cd246ab5,4,C,0,0.030307303029207054,0.030776064925330984,0.0009185326169041831
1196,related:5ad72d42bba5575ca688bc0a,4,C,0,0.04226514822858273,0.043184312001096556,0.00178634275478407
1197,related:1d9b7f7f8f080b9e77fc9b1e,4,C,0,0.04456531078933792,0.04558887011239712,0.001986066925750279
1199,related:4743fb25e740c6c469fccb60,4,C,0,0.05016423431103007,0.051466187554849836,0.0025164504040119267
1205,related:273115ff412d898c5688a544,4,C,0,0.2552192596257705,0.2946654121422525,0.06513687048392645
1226,related:84a4c9cf7ac31b508374f791,4,C,0,0.07103505935851238,0.07368427969475531,0.005045979658067377
1256,related:94e409aee0c03f60f0f84c9a,4,C,0,0.19091045400313747,0.2118456807846744,0.036446801447684064
1267,related:3b575a0e4a9c50ce306393e5,4,C,0,0.026973328945057835,0.027343786015652474,0.0007275604743782948
1277,related:96329f105348c39e5b613f44,4,C,0,0.024613569589342327,0.024921547623072332,0.0006058278079293974
1278,related:7eeee26138ca622cc5b07e14,4,C,0,0.024613569589342327,0.024921547623072332,0.0006058278079293974
1282,related:3a0e95f63bed1f95abafd231,4,C,0,0.040600035619166155,0.04144722704067632,0.0016483628922775607
1294,related:aeda1f2ffe071443b304c7c8,4,C,0,0.02836713444593459,0.028777256207537502,0.0008046943166737287
1300,related:7290a29d986998625dafab55,4,C,0,0.10480899985745788,0.11071817549503149,0.010984926451120607
1308,related:cc3c434c07dd8f232230c049,4,C,0,0.03333681804302951,0.03390515655427836,0.0011113434372340576
1314,related:f6978a75956091e1b10be905,4,C,0,0.1982737350804477,0.22098804493869184,0.039312474022751565
1317,related:661a4c1db2d5b0716a06e587,4,C,0,0.03785975911715523,0.03859505839788371,0.0014333613604090186
1343,related:3e58a45b553faba55103fe8d,4,C,0,0.16291430617160024,0.17782883162056914,0.026541071155373904
1350,related:82311f72927e0ae820c7dd86,4,C,0,0.08669677883788628,0.09068733834217019,0.007516331460865366
1352,related:9d8aecc4f7be7deb45f39de1,4,C,0,0.05502658147787097,0.056598480432020946,0.0030279246691407727
1368,related:444209b955a07664d7a14938,4,C,1,0.14225736659891963,1.950117421032415,0.7357224251538201
1391,related:d3c3938ec96b17734a585789,4,C,0,0.23467512983493263,0.2674548684186205,0.05507241656304249
1408,related:aad68fb7982844c540ce09ea,4,C,0,0.02707651889028878,0.02744984211910701,0.0007331378752161652
1420,related:c06814414fd8a5da77542e53,4,C,0,0.21706906542479687,0.24471079304366347,0.047118979164394746
1425,related:661a4c1db2d5b0716a06e587,4,C,0,0.043613367917161604,0.04459302082434379,0.001902125861077701
1427,related:c1b94258ac037e7456ee5f05,4,C,0,0.15685849706219387,0.1706204786753603,0.024604588100610284
1430,related:84313ad2dd8af6dfa5a48826,4,C,1,0.4503176780117598,0.7978019941468195,0.30215065510638334
1468,related:f8305cc21461b5dd32274b51,4,C,0,0.21031003369323792,0.2361148582617866,0.04423031027205087
1477,related:737f7bd31a979e3beb0f04ad,4,C,0,0.24321896505819648,0.2786813210962501,0.0591554649639802
1493,related:1d9b7f7f8f080b9e77fc9b1e,4,C,0,0.031790509999251454,0.032306799829941356,0.0010106365260125066
1517,related:aeda1f2ffe071443b304c7c8,4,C,0,0.027702334197996958,0.028093280866719847,0.0007674193200175117
1520,related:ca0aa0518a39ea2855946450,4,C,0,0.1477610669928537,0.15988835366633664,0.0218333329188666
1521,related:94e409aee0c03f60f0f84c9a,4,C,0,0.06688368091503456,0.06922541378892536,0.0044734267727441586
1527,related:0f1adf5e0081c3c51ae1e10a,4,C,0,0.0343442739719406,0.03494789956738348,0.0011795291546597166
1540,related:2afa59460ce40cb5f40585b1,4,C,0,0.024613569589342327,0.024921547623072332,0.0006058278079293974
1541,related:661a4c1db2d5b0716a06e587,4,C,0,0.06086474000916222,0.06279576329902269,0.0037045165763829125
1590,related:e10d538a734636e0b662c8ed,4,C,0,0.1319539615768659,0.14151052607035122,0.017411847975829002
1591,related:330d859e7d8c69ffa824e18a,4,C,0,0.04878429460195631,0.050014422600110735,0.0023799073998104635
1599,related:2c70f2228d8b322053c9819a,4,C,0,0.04748665700198341,0.04865116368252988,0.00225498259322402
1634,related:f6978a75956091e1b10be905,4,C,0,0.29303465919500304,0.3467736371938784,0.08586931148953159
1647,related:737f7bd31a979e3beb0f04ad,4,C,0,0.16090095812958843,0.17542653196064245,0.02588911832701957
1652,related:84a4c9cf7ac31b508374f791,4,C,0,0.04301876583336277,0.04397149674271983,0.0018506142138256998
1653,related:7290a29d986998625dafab55,4,C,0,0.16404012540055815,0.1791746639399428,0.026909162741430844
1669,related:82cb3788c0b00b292ea5cb56,4,C,0,0.02990006440648563,0.0303561864064957,0.0008940138515119889
1673,related:737f7bd31a979e3beb0f04ad,4,C,0,0.025767163413728658,0.026104951971339795,0.0006639467103897967
1677,related:82311f72927e0ae820c7dd86,4,C,0,0.05737163316835177,0.059083170704242606,0.0032915042924039207
1680,related:452b06175c4f1ee01ec31ccc,4,C,0,0.03078337750840364,0.03126713945262853,0.000947616330824891
1686,related:bfa334630c362ce94b33be8f,4,C,1,0.3334227237399824,1.0983441533996368,0.44432526522622384
1688,related:f780c74702e02ef1fa73cc9c,4,C,0,0.05249595823967458,0.05392407632454776,0.0027558256315016573
1693,related:557ecb7d553ababd27549103,4,C,0,0.05828342373487038,0.06005092413072653,0.003396957482258452
1696,related:add052870444464d7953d5f4,4,C,0,0.03600834997879757,0.03667264621283696,0.001296601268195571
1716,related:b711d27a6ccf5ad79a71a46c,4,C,0,0.030014105583444847,0.030473749429045054,0.0009008465339741752
1733,related:103b4242f58b5944e2b42226,4,C,0,0.1477078028863828,0.1598258565895193,0.021817595033522513
1758,related:9917a1b6d4056ad6e12eaefa,4,C,0,0.14034750797733195,0.1512270504399289,0.019697422995447255
1763,related:d3c3938ec96b17734a585789,4,C,0,0.025767163413728658,0.026104951971339795,0.0006639467103897967
1774,related:63a309b86221fd9c041d3f2e,4,C,0,0.08413791697058282,0.0878894900223262,0.007079189072148688
1783,related:b767e132339c9bbb8b286bf8,4,C,0,0.022307626439698552,0.02256020488929362,0.0004976301973731379
1810,related:f8305cc21461b5dd32274b51,4,C,0,0.34328511755057506,0.420505323563814,0.11784467193171214
1819,related:b767e132339c9bbb8b286bf8,4,C,1,0.46139422262506974,0.7735024547229801,0.2900961834216529
1824,related:63a309b86221fd9c041d3f2e,4,C,0,0.11160825488363761,0.11834247885964652,0.012456402558171018
1828,related:c1b94258ac037e7456ee5f05,4,C,0,0.03520168929890581,0.03583620394245061,0.0012391589294966998
1851,related:bfa334630c362ce94b33be8f,4,C,0,0.03674844463091877,0.037440680767512426,0.0013504481827917023
1870,related:82311f72927e0ae820c7dd86,4,C,0,0.12408835829613485,0.13249005876788297,0.015397920664629939
1873,related:db3fedad9c9934412991197f,4,C,0,0.15901369867077988,0.1731799076921222,0.025285356364961584
1876,related:add052870444464d7953d5f4,4,C,0,0.08979768011697914,0.09408837464101,0.00806362335439131
1894,related:5fcb33c5328805c3cd246ab5,4,C,1,0.04456531078933792,3.110799507580221,0.9128554453470745
1897,related:5ad72d42bba5575ca688bc0a,4,C,0,0.2556624616348512,0.2952606664326537,0.06536329428919176
1911,related:c06814414fd8a5da77542e53,4,C,0,0.03385068190454453,0.034436883117106715,0.0011458686654026585
1934,related:0f1adf5e0081c3c51ae1e10a,4,C,0,0.37356945996259255,0.4677173806450325,0.13955414141674305
1943,related:2d5fdc4b30b2d9e2fc637f9e,4,C,0,0.056485953599362385,0.058144026737304864,0.0031906629540293203
1962,related:c06814414fd8a5da77542e53,4,C,0,0.03600834997879757,0.03667264621283696,0.001296601268195571
1963,related:330d859e7d8c69ffa824e18a,4,C,0,0.058233754275419145,0.05999818198847505,0.0033911701370098976
1969,related:bfa334630c362ce94b33be8f,4,C,0,0.05524684334996061,0.05683159550377896,0.0030522137001350873
1980,related:103b4242f58b5944e2b42226,4,C,0,0.03600834997879757,0.03667264621283696,0.001296601268195571
1983,related:5fcb33c5328805c3cd246ab5,4,C,0,0.0863129412654596,0.09026715266050825,0.007449923829894679
1984,related:84a4c9cf7ac31b508374f791,4,C,0,0.043613367917161604,0.04459302082434379,0.001902125861077701
1988,related:7e0ad279a3cc307c40a4f095,4,C,0,0.05991513638060737,0.061785127346959366,0.003589823567506781
1999,related:d3c3938ec96b17734a585789,4,C,0,0.15465785146670624,0.16801382407183932,0.02391905102029777
2005,related:94e409aee0c03f60f0f84c9a,4,C,0,0.18489911563597955,0.2044433889062123,0.034187682962967335
2009,related:1d9b7f7f8f080b9e77fc9b1e,4,C,0,0.02707651889028878,0.02744984211910701,0.0007331378752161652
2013,related:aeda1f2ffe071443b304c7c8,4,C,0,0.04664956831233433,0.04777272866047248,0.002176182223727147
2016,related:2c70f2228d8b322053c9819a,4,C,0,0.2748334211848152,0.32135388663612713,0.07553340940015002
2019,related:ca0aa0518a39ea2855946450,4,C,0,0.08314899739061593,0.08681030345057704,0.006913755767064655
2022,related:bfa334630c362ce94b33be8f,4,C,1,0.251030311288845,1.3821815850345571,0.5609555946080844
2026,related:aeda1f2ffe071443b304c7c8,4,C,0,0.045576406380789664,0.04664768761210681,0.0020772088185868846
2034,related:5fcb33c5328805c3cd246ab5,4,C,0,0.0580517872999852,0.05980498181932401,0.0033700100087227227
2036,related:3b575a0e4a9c50ce306393e5,4,C,0,0.13435623071733171,0.1442818069156788,0.01805159673256887
2042,related:84313ad2dd8af6dfa5a48826,4,C,0,0.05168142057641181,0.05306477893640415,0.0026709692327959622
2043,related:7eeee26138ca622cc5b07e14,4,C,0,0.19146425570412914,0.21253039031036183,0.03665856121233615
2052,related:202b696bb9c94dbb26ca2156,4,C,1,0.5891646730743092,0.5290495536346483,0.16878566585013924
2065,related:1da5c75cb9b3819ee4192185,4,C,0,0.1390535640438756,0.1497229879226904,0.01933589367330421
2067,related:e10d538a734636e0b662c8ed,4,C,0,0.0586554407623011,0.060446043572423586,0.0034404607310198135
2074,related:2d5fdc4b30b2d9e2fc637f9e,4,C,0,0.05061954936417502,0.05194566436002263,0.002562338777832152
2075,related:444209b955a07664d7a14938,4,C,0,0.0449029599286808,0.04594233102349657,0.0020162758103567133
2087,related:c06814414fd8a5da77542e53,4,C,0,0.06651935442954839,0.06883504940174233,0.0044248245137238785
2109,related:cc3c434c07dd8f232230c049,4,C,0,0.09861609116207863,0.10382402018521239,0.009725133436087403
2129,related:cf2a727ab26853fff51202d8,4,C,0,0.060518931328551344,0.0624276107611781,0.0036625410491499134
2139,related:d3c3938ec96b17734a585789,4,C,0,0.04244713657790343,0.04337434961103342,0.0018017594036631873
2147,related:5ad72d42bba5575ca688bc0a,4,C,0,0.17007942691833586,0.18642527785289237,0.028927011460869546
2156,related:cf2a727ab26853fff51202d8,4,C,0,0.5257211846703276,0.7459599122243646,0.2763827640111727
2159,related:96329f105348c39e5b613f44,4,C,0,0.12127142085464221,0.12927921266036815,0.01470675751610375
2163,related:3b575a0e4a9c50ce306393e5,4,C,0,0.2064348372772169,0.23121962175376085,0.04261534204167102
2170,related:661a4c1db2d5b0716a06e587,4,C,0,0.06316872145508534,0.06525207854453988,0.0039902873702701595
2171,related:1da5c75cb9b3819ee4192185,4,C,0,0.1558031314283762,0.16936955498482134,0.02427461576288787
2172,related:e77cc5a46c91c635c67c71d6,4,C,0,0.09260193664398923,0.09717404603269657,0.008575118670217395
2194,related:c06814414fd8a5da77542e53,4,C,0,0.15667104112184993,0.1703981730431417,0.024545815126204393
2196,related:2e7054e424279aedf92e5697,4,C,0,0.02646445638852815,0.02682094367926277,0.0007003674519403084
2202,related:add052870444464d7953d5f4,4,C,0,0.02180094880653404,0.02204210082882687,0.00047528136886511806
2238,related:f780c74702e02ef1fa73cc9c,4,C,0,0.18832762904950237,0.20865850429316246,0.03546729586340697
2248,related:7eeee26138ca622cc5b07e14,4,C,0,0.040577885133828186,0.04142413945420492,0.0016465647619341545
2267,related:444209b955a07664d7a14938,4,C,1,0.26797624955248467,1.316856923471178,0.5358587712192462
2268,related:e10d538a734636e0b662c8ed,4,C,0,0.029552469307761488,0.02999794203630569,0.0008733484421861847
2273,related:330d859e7d8c69ffa824e18a,4,C,0,0.024451851868727566,0.024755762749746592,0.0005978930598101957
2281,related:c1b94258ac037e7456ee5f05,4,C,0,0.23769420520171736,0.2714074982874531,0.05649853518647612
2282,related:c06814414fd8a5da77542e53,4,C,1,0.05361147416401039,2.9259921635910673,0.8956512418340177
2287,related:9917a1b6d4056ad6e12eaefa,4,C,0,0.030548505087177387,0.03102483658472992,0.0009332111630613027
2290,related:f780c74702e02ef1fa73cc9c,4,C,1,0.026363535836577735,3.635773441902585,0.9479679643486512
2293,related:9d8aecc4f7be7deb45f39de1,4,C,0,0.1485674307390386,0.16083497254835194,0.022072281476399034
2296,related:dff5ff76b264137c0e33decd,4,C,1,0.0871054381497753,2.4406359613692024,0.8333764810557137
2303,related:db3fedad9c9934412991197f,4,C,0,0.08135063748052418,0.08485077184851687,0.006617926218487665
2309,related:dff5ff76b264137c0e33decd,4,C,0,0.259971953420128,0.3010671927185274,0.06758541656507722
2316,related:2d5fdc4b30b2d9e2fc637f9e,4,C,1,0.2881914489312583,1.2441302664632174,0.5066714133745815
2322,related:452b06175c4f1ee01ec31ccc,4,C,0,0.22156278339242966,0.2504669375786041,0.0490900669846007
2324,related:273115ff412d898c5688a544,4,C,0,0.04460387414736704,0.04562923303488124,0.0019895055889541575
2326,related:84313ad2dd8af6dfa5a48826,4,C,0,0.03433345397483113,0.03493669481169233,0.0011787860618418476
2341,related:a5adea06a8f1b7e6f21ebefa,4,C,0,0.32583070889201526,0.3942740258579563,0.10616565085707319
2369,related:82cb3788c0b00b292ea5cb56,4,C,0,0.05133961233462442,0.05270440778689046,0.00263575579466952
2382,related:24b250830c6c271c5d556d4c,4,C,1,0.3626677489632454,1.0142681559651572,0.4061923982115768
8,related:cf2a727ab26853fff51202d8,4,D,0,0.3757698282013761,0.4712361135648043,0.14120296378649172
20,related:e5962da8bd6af77a7c29f036,4,D,0,0.03332423794836538,0.03389214270101351,0.0011105048348392752
23,related:9d8aecc4f7be7deb45f39de1,4,D,0,0.06965302886675426,0.07219767517452495,0.004851544430312902
32,related:202b696bb9c94dbb26ca2156,4,D,0,0.047920910632591115,0.049107170574874105,0.0022964136758567844
35,related:330d859e7d8c69ffa824e18a,4,D,0,0.39130252706202223,0.49643389506311575,0.15311766768512464
46,related:aad68fb7982844c540ce09ea,4,D,0,0.0369295233826056,0.03762868542012335,0.0013637896972664137
60,related:94e409aee0c03f60f0f84c9a,4,D,0,0.04922807269227482,0.050481069270930795,0.0024234031409958935
89,related:9cbe55a1c3c42390af99d893,4,D,0,0.049440354885945115,0.05070436771885169,0.002444348691248197
103,related:2c70f2228d8b322053c9819a,4,D,0,0.43100755710581395,0.5638881263250483,0.18576751428232147
107,related:734061f3f5b8648086c12a2f,4,D,0,0.03709130331263436,0.037796683010805125,0.0013757647814298408
111,related:cc3c434c07dd8f232230c049,4,D,0,0.04607491634239636,0.04717013927818006,0.0021228979159588234
114,related:2d5fdc4b30b2d9e2fc637f9e,4,D,0,0.28513486919432834,0.33566138232448983,0.08130189363046673
118,related:2e7054e424279aedf92e5697,4,D,0,0.03878687373951518,0.03955911909520943,0.001504421574485092
136,related:103b4242f58b5944e2b42226,4,D,0,0.01439386468155656,0.014498461264420415,0.00020718334047096135
146,related:aad68fb7982844c540ce09ea,4,D,0,0.03291463841892406,0.033468512780480734,0.0010833734222485117
154,related:ad7ded14496a37636b11e27a,4,D,0,0.1387854040716012,0.14941156527466057,0.019261388383317618
155,related:f6978a75956091e1b10be905,4,D,0,0.0669922656853007,0.069341788442787,0.004487963661649917
188,related:2afa59460ce40cb5f40585b1,4,D,0,0.11379038870786637,0.12080177476423802,0.012948252562287321
205,related:734061f3f5b8648086c12a2f,4,D,0,0.36782595206615404,0.4585905304483894,0.13529593101337264
220,related:3a0e95f63bed1f95abafd231,4,D,0,0.15937403660954566,0.17360847015190062,0.0254000835452208
234,related:b767e132339c9bbb8b286bf8,4,D,0,0.029719167439880897,0.030169731283771574,0.0008832289133196768
238,related:7eeee26138ca622cc5b07e14,4,D,0,0.08189069534825918,0.08543882720162416,0.006706085984621399
241,related:db3fedad9c9934412991197f,4,D,0,0.7559155566452275,1.4102410342377327,0.5714083287782641
248,related:82cb3788c0b00b292ea5cb56,4,D,1,0.22805552480092808,1.4781661498476395,0.5958982727903706
253,related:9cbe55a1c3c42390af99d893,4,D,0,0.050572448301356064,0.051896053169453955,0.0025575725271933317
259,related:3e58a45b553faba55103fe8d,4,D,0,0.03975247461291493,0.04056418881012296,0.001580259237850446
282,related:c06814414fd8a5da77542e53,4,D,0,0.048070626155144895,0.0492644340805308,0.0023107850989477004
287,related:f6978a75956091e1b10be905,4,D,0,0.10415390536911455,0.10998665014642942,0.010848036003638468
293,related:e5962da8bd6af77a7c29f036,4,D,0,0.13124306213895715,0.14069189610792357,0.017224741359610166
294,related:2c70f2228d8b322053c9819a,4,D,0,0.03630775111255219,0.036983279233460016,0.0013182527908510346
321,related:84a4c9cf7ac31b508374f791,4,D,0,0.04057529814474202,0.041421443054405184,0.0016463548195347051
349,related:e77cc5a46c91c635c67c71d6,4,D,0,0.03676351931286694,0.0374563306772615,0.0013515563522675407
368,related:db3fedad9c9934412991197f,4,D,0,0.06189779988984511,0.06389638056979796,0.0038313376312033094
380,related:dff5ff76b264137c0e33decd,4,D,0,0.03298056801813931,0.033536688609898266,0.0010877178667991136
389,related:737f7bd31a979e3beb0f04ad,4,D,0,0.037817866349246346,0.038551518117450535,0.001430191015209459
397,related:2e7054e424279aedf92e5697,4,D,0,0.13394527014804208,0.14380717397327003,0.017941335395031975
410,related:734061f3f5b8648086c12a2f,4,D,0,0.08126813017729967,0.08476096217611184,0.006604508982514525
480,related:7290a29d986998625dafab55,4,D,0,0.022155579523587304,0.022404700869240086,0.000490869704026001
487,related:a5adea06a8f1b7e6f21ebefa,4,D,0,0.06273342663189525,0.06478754054768597,0.003935482816979385
491,related:84313ad2dd8af6dfa5a48826,4,D,1,0.3334625345843981,1.098224760013845,0.4442721928026547
513,related:24b250830c6c271c5d556d4c,4,D,0,0.047922837602770656,0.049109194537117484,0.002296598363901529
520,related:1d9b7f7f8f080b9e77fc9b1e,4,D,0,0.04101599168673213,0.04188087961493165,0.0016823115740460793
521,related:103b4242f58b5944e2b42226,4,D,0,0.06535999824105648,0.06759384869129643,0.004271929370070907
524,related:3a0e95f63bed1f95abafd231,4,D,0,0.06867043127715017,0.07114207001454095,0.004715628131789804
535,related:557ecb7d553ababd27549103,4,D,0,0.04929089280594185,0.05054714420152447,0.00242959211360685
542,related:3e58a45b553faba55103fe8d,4,D,0,0.057386172108614256,0.05909859465380566,0.0032931727492794965
564,related:96329f105348c39e5b613f44,4,D,0,0.12069662585760427,0.12862530529941887,0.014567675493410507
566,related:9917a1b6d4056ad6e12eaefa,4,D,0,0.0859586514091684,0.08987946939278779,0.007388889752082929
568,related:9cbe55a1c3c42390af99d893,4,D,0,0.36353581723298545,0.4518271347329553,0.1321582904112546
570,related:e77cc5a46c91c635c67c71d6,4,D,0,0.4100771547911062,0.5277635214660061,0.16816327288156885
571,related:0f1adf5e0081c3c51ae1e10a,4,D,0,0.1233483973760569,0.13164562594476759,0.015214827135241643
575,related:f8305cc21461b5dd32274b51,4,D,0,0.03207493751736964,0.03260060949291075,0.0010288016167431663
576,related:3e58a45b553faba55103fe8d,4,D,0,0.21201350529912774,0.23827432797560408,0.04494972642922326
583,related:63a309b86221fd9c041d3f2e,4,D,0,0.23131809729729097,0.26307804563514786,0.05350806213723897
615,related:ad7ded14496a37636b11e27a,4,D,0,0.19554993490989409,0.2175963839725402,0.03823977704326381
617,related:24b250830c6c271c5d556d4c,4,D,0,0.03779821801482628,0.03853109772808741,0.001428705285096338
618,related:a5adea06a8f1b7e6f21ebefa,4,D,0,0.32226690381457235,0.3890017319908583,0.10385595729423082
630,related:557ecb7d553ababd27549103,4,D,0,0.1220925696139205,0.13021412326749876,0.014906595554930022
633,related:b711d27a6ccf5ad79a71a46c,4,D,0,0.04703809951467395,0.04818035463147647,0.0022125828059523698
641,related:452b06175c4f1ee01ec31ccc,4,D,0,0.026729025169843452,0.027092741395612952,0.0007144407865301248
643,related:5ad72d42bba5575ca688bc0a,4,D,0,0.07076062556165982,0.07338890442668525,0.005007066129877426
661,related:e77cc5a46c91c635c67c71d6,4,D,0,0.04753846899874097,0.04870556019712697,0.0022599060347442564
676,related:4743fb25e740c6c469fccb60,4,D,1,0.5844386525603861,0.5371034607034865,0.17269123348582752
688,related:24b250830c6c271c5d556d4c,4,D,1,0.18052056999245672,1.7119105465252376,0.6715465362054881
710,related:2e7054e424279aedf92e5697,4,D,0,0.20027452387931133,0.22348676505444706,0.04010988491508485
725,related:1da5c75cb9b3819ee4192185,4,D,0,0.1061369432927205,0.1122026959588545,0.011265050731522166
730,related:202b696bb9c94dbb26ca2156,4,D,0,0.2685754750162563,0.3127612422679878,0.07213278578020771
741,related:452b06175c4f1ee01ec31ccc,4,D,0,0.08554915609173122,0.08943156447313536,0.007318658108007393
758,related:7290a29d986998625dafab55,4,D,0,0.013799891320678404,0.013895994992034628,0.00019043700046253515
759,related:cf2a727ab26853fff51202d8,4,D,0,0.056600828191739644,0.05826578601209356,0.0032036537519908293
781,related:add052870444464d7953d5f4,4,D,0,0.08981028464201779,0.09410222278448119,0.008065887227480256
782,related:557ecb7d553ababd27549103,4,D,1,0.375923943400738,0.9783684342427614,0.3894709244204853
784,related:e5962da8bd6af77a7c29f036,4,D,0,0.020846231904123616,0.021066582293063837,0.00043456538460050133
790,related:b711d27a6ccf5ad79a71a46c,4,D,0,0.11758728627211035,0.1250954030234653,0.01382676989283923
799,related:3b575a0e4a9c50ce306393e5,4,D,0,0.03654966226854192,0.03723433606645208,0.001335877811944477
802,related:82311f72927e0ae820c7dd86,4,D,0,0.04638868443223125,0.04749911658397837,0.002151910043353134
806,related:f780c74702e02ef1fa73cc9c,4,D,1,0.20097065164017677,1.6045963933242273,0.6384478995403237
807,related:b767e132339c9bbb8b286bf8,4,D,0,0.030770919996890772,0.03125428635955809,0.0009468495174550524
816,related:1da5c75cb9b3819ee4192185,4,D,0,0.10546333760394522,0.1114493904048062,0.011122515578563726
828,related:9917a1b6d4056ad6e12eaefa,4,D,0,0.0495391272928976,0.0508082828592885,0.0024541251329419115
834,related:0f1adf5e0081c3c51ae1e10a,4,D,0,0.05298335410405136,0.054438608446899725,0.0028072358121152964
837,related:7e0ad279a3cc307c40a4f095,4,D,0,0.06161884409293742,0.06359906293245453,0.003796881947349729
838,related:f8305cc21461b5dd32274b51,4,D,0,0.027821093546516285,0.028215431321357887,0.0007740132461240101
851,related:b711d27a6ccf5ad79a71a46c,4,D,0,0.36642672764786394,0.4563796231593459,0.13426854673472186
897,related:cc3c434c07dd8f232230c049,4,D,1,0.21653832969793774,1.529987704725063,0.6138121888324973
900,related:e5962da8bd6af77a7c29f036,4,D,0,0.08533683405885929,0.08919940613562087,0.007282375247189287
927,related:e10d538a734636e0b662c8ed,4,D,0,0.2935462509108358,0.3474975438424185,0.08616940142380737
935,related:dff5ff76b264137c0e33decd,4,D,1,0.2101875282444358,1.5597551551043243,0.6238037405406339
960,related:734061f3f5b8648086c12a2f,4,D,1,0.34783988711623326,1.0560129995771934,0.42531281283656736
965,related:202b696bb9c94dbb26ca2156,4,D,0,0.21021130442631317,0.23598984325596714,0.04418879250861211
969,related:82cb3788c0b00b292ea5cb56,4,D,0,0.1717117912448778,0.18839410695537312,0.02948493925252449
976,related:ca0aa0518a39ea2855946450,4,D,0,0.044127262020074116,0.045130494059751856,0.0019472152533882756
979,related:9cbe55a1c3c42390af99d893,4,D,0,0.35111940761093097,0.43250656627959866,0.12328483840105109
980,related:273115ff412d898c5688a544,4,D,0,0.12900152952059926,0.13811505818238082,0.01664139461865404
990,related:4743fb25e740c6c469fccb60,4,D,0,0.047291065948792774,0.04844584270110537,0.002236444918573067
1000,related:ad7ded14496a37636b11e27a,4,D,0,0.2690619120261756,0.3134265177934288,0.07239431250318144
1012,related:c1b94258ac037e7456ee5f05,4,D,0,0.023165098596898248,0.023437626476800068,0.0005366217930040172
1025,related:ad7ded14496a37636b11e27a,4,D,0,0.09105246198289614,0.09546790042275352,0.008290550833146747
1042,related:a5adea06a8f1b7e6f21ebefa,4,D,0,0.07312633810835745,0.07593800976823947,0.00534746132513781
1047,related:63a309b86221fd9c041d3f2e,4,D,0,0.12155333535268804,0.1296000850394443,0.014775213335363042
1048,related:96329f105348c39e5b613f44,4,D,0,0.023958779264601594,0.024250459100850642,0.0005740231038499033
1050,related:273115ff412d898c5688a544,4,D,0,0.030099938877091743,0.03056224256283756,0.000906006320404659
1064,related:7e0ad279a3cc307c40a4f095,4,D,0,0.048589839658690674,0.04981001568286624,0.002360972518057269
1067,related:2afa59460ce40cb5f40585b1,4,D,0,0.035210021006164334,0.03584483967817009,0.0012397455792545337
1072,related:9d8aecc4f7be7deb45f39de1,4,D,0,0.0424763627430212,0.043404871801775886,0.0018042413918767193
1081,related:aad68fb7982844c540ce09ea,4,D,0,0.023133852416698672,0.02340563982232338,0.000535175127637595
1084,related:444209b955a07664d7a14938,4,D,0,0.030794769637699736,0.03127889347746011,0.0009483178370389935
1125,related:c06814414fd8a5da77542e53,4,D,0,0.025318502151818145,0.025644530225848804,0.00064102655121162
1139,related:3a0e95f63bed1f95abafd231,4,D,0,0.12225621141385587,0.13040054047684077,0.014946581229269422
1155,related:2afa59460ce40cb5f40585b1,4,D,0,0.17885599909370792,0.1970567879473608,0.03198946841180845
1160,related:4743fb25e740c6c469fccb60,4,D,0,0.13976811307874268,0.15055329012487423,0.0195351254335922
1168,related:7e0ad279a3cc307c40a4f095,4,D,1,0.7270401344191273,0.3187735974440136,0.07450708821792809
1187,related:ca0aa0518a39ea2855946450,4,D,0,0.59304522704183,0.8990532226670542,0.3517026413170958
1193,related:5fcb33c5328805c3cd246ab5,4,D,0,0.03644607345208284,0.037126823261754024,0.0013283162700746176
1196,related:5ad72d42bba5575ca688bc0a,4,D,0,0.0449161801858472,0.045956172914015186,0.0020174632424874925
1197,related:1d9b7f7f8f080b9e77fc9b1e,4,D,0,0.03504375450323734,0.03567252012523793,0.001228064729683167
1199,related:4743fb25e740c6c469fccb60,4,D,0,0.04946273257690423,0.050727909591769996,0.0024465619139743427
1205,related:273115ff412d898c5688a544,4,D,0,0.3103482756405262,0.3715685561237445,0.09631605219304802
1226,related:84a4c9cf7ac31b508374f791,4,D,0,0.05160934806049544,0.05298878150384118,0.0026635248072293645
1256,related:94e409aee0c03f60f0f84c9a,4,D,0,0.222147919216216,0.25121890040754496,0.04934969801209443
1267,related:3b575a0e4a9c50ce306393e5,4,D,0,0.022892521979657632,0.023158624780660737,0.0005240675625891078
1277,related:96329f105348c39e5b613f44,4,D,0,0.01493342339238651,0.015046049629598423,0.00022300713421627663
1278,related:7eeee26138ca622cc5b07e14,4,D,0,0.015361491305473785,0.015480701418864621,0.00023597541512814668
1282,related:3a0e95f63bed1f95abafd231,4,D,0,0.04851650922715268,0.04973294313440157,0.002353851667588391
1294,related:aeda1f2ffe071443b304c7c8,4,D,0,0.020335749150066196,0.020545367192246217,0.000413542693494418
1300,related:7290a29d986998625dafab55,4,D,0,0.06023853661331021,0.062129198275787216,0.0036286812933131146
1308,related:cc3c434c07dd8f232230c049,4,D,0,0.030881710917654532,0.03136860118532304,0.0009536800692015831
1314,related:f6978a75956091e1b10be905,4,D,0,0.2574669514748172,0.29768789949758795,0.06628923110173587
1317,related:661a4c1db2d5b0716a06e587,4,D,0,0.03195826771786716,0.032480080773142135,0.0010213308755268702
1343,related:3e58a45b553faba55103fe8d,4,D,0,0.150749193490494,0.16340072226923527,0.022725319338034403
1350,related:82311f72927e0ae820c7dd86,4,D,0,0.09942095286468307,0.10471733683576928,0.009884525868521532
1352,related:9d8aecc4f7be7deb45f39de1,4,D,0,0.04132622614944067,0.04220443522355025,0.0017078569677547138
1368,related:444209b955a07664d7a14938,4,D,1,0.140040790614978,1.965821537274805,0.7395298418061121
1391,related:d3c3938ec96b17734a585789,4,D,0,0.20995992987718953,0.2356716131329268,0.044083172154034345
1408,related:aad68fb7982844c540ce09ea,4,D,0,0.020586737523262594,0.020801598375404847,0.00042381376185170807
1420,related:c06814414fd8a5da77542e53,4,D,0,0.2270093698003826,0.2574883518140816,0.05153325397716686
1425,related:661a4c1db2d5b0716a06e587,4,D,0,0.03910338707066011,0.039888458599143466,0.0015290748803978686
1427,related:c1b94258ac037e7456ee5f05,4,D,0,0.16807662644764731,0.18401494149804054,0.028249752358021976
1430,related:84313ad2dd8af6dfa5a48826,4,D,1,0.42387155717454333,0.8583248008352161,0.33192398263248557
1468,related:f8305cc21461b5dd32274b51,4,D,0,0.15453473242421717,0.16786819064069433,0.023880983525424396
1477,related:737f7bd31a979e3beb0f04ad,4,D,0,0.2228407268724421,0.2521099649008351,0.049657989553038344
1493,related:1d9b7f7f8f080b9e77fc9b1e,4,D,0,0.0257345408933117,0.02607146718924676,0.0006622665949895321
1517,related:aeda1f2ffe071443b304c7c8,4,D,0,0.019734684004692245,0.019932013350980403,0.00038945775276505597
1520,related:ca0aa0518a39ea2855946450,4,D,0,0.22001330380767586,0.24847841560764472,0.04840585385236868
1521,related:94e409aee0c03f60f0f84c9a,4,D,0,0.07951614229415416,0.0828558149040018,0.0063228168853441714
1527,related:0f1adf5e0081c3c51ae1e10a,4,D,0,0.03465108695891769,0.035265675074859074,0.0012006978274344759
1540,related:2afa59460ce40cb5f40585b1,4,D,0,0.018462998587704,0.01863556713535293,0.00034088231684955997
1541,related:661a4c1db2d5b0716a06e587,4,D,0,0.05326590048516521,0.05473700714999732,0.0028372561544955234
1590,related:e10d538a734636e0b662c8ed,4,D,0,0.15140380118435576,0.16417182558330823,0.022923111013071925
1591,related:330d859e7d8c69ffa824e18a,4,D,0,0.05124188259962829,0.052601394419178896,0.002625730532354088
1599,related:2c70f2228d8b322053c9819a,4,D,0,0.05749715871872766,0.059216345042475534,0.0033059232607265602
1634,related:f6978a75956091e1b10be905,4,D,0,0.35956822507950986,0.44561268178802316,0.12928930848682907
1647,related:737f7bd31a979e3beb0f04ad,4,D,0,0.1504436881443749,0.16304105183212703,0.022633303302481925
1652,related:84a4c9cf7ac31b508374f791,4,D,0,0.030326793314793075,0.03079616457290128,0.000919714392758178
1653,related:7290a29d986998625dafab55,4,D,0,0.09403135225136827,0.09875057867188974,0.0088418952062209
1669,related:82cb3788c0b00b292ea5cb56,4,D,0,0.029637383228692027,0.03008544561937973,0.0008783744846443555
1673,related:737f7bd31a979e3beb0f04ad,4,D,0,0.023698505354460535,0.023983831823137083,0.0005616191560353946
1677,related:82311f72927e0ae820c7dd86,4,D,0,0.06867043127715017,0.07114207001454095,0.004715628131789804
1680,related:452b06175c4f1ee01ec31ccc,4,D,0,0.016677939662428528,0.0168185824455807,0.0002781536713836066
1686,related:bfa334630c362ce94b33be8f,4,D,1,0.32991952531498736,1.1089065169428063,0.4490078425540919
1688,related:f780c74702e02ef1fa73cc9c,4,D,0,0.05305170657825731,0.054510787686141815,0.00281448357086551
1693,related:557ecb7d553ababd27549103,4,D,0,0.09139684623869067,0.09584685465107148,0.008353383502378865
1696,related:add052870444464d7953d5f4,4,D,0,0.021085920419042618,0.021311403754588416,0.0004446160399181984
1716,related:b711d27a6ccf5ad79a71a46c,4,D,0,0.03397688516112772,0.03456751665126909,0.001154428725252461
1733,related:103b4242f58b5944e2b42226,4,D,0,0.10171490401587438,0.107267782241482,0.010345921698958538
1758,related:9917a1b6d4056ad6e12eaefa,4,D,0,0.1321510519240607,0.1417376024195251,0.01746390052463579
1763,related:d3c3938ec96b17734a585789,4,D,0,0.02297693393333752,0.023245018142647577,0.0005279394929769572
1774,related:63a309b86221fd9c041d3f2e,4,D,0,0.095553953883167,0.10043262643249119,0.009130558102706405
1783,related:b767e132339c9bbb8b286bf8,4,D,0,0.015541701767172235,0.015663740121245957,0.0002415444938197246
1810,related:f8305cc21461b5dd32274b51,4,D,0,0.2223999701486493,0.2515429874468258,0.049461746722120094
1819,related:b767e132339c9bbb8b286bf8,4,D,1,0.35202127888232065,1.0440636538409214,0.4198764230213032
1824,related:63a309b86221fd9c041d3f2e,4,D,0,0.13779554799719257,0.14826285314403512,0.018987613047846602
1828,related:c1b94258ac037e7456ee5f05,4,D,0,0.03697869759365845,0.03767974654981519,0.001367424075723241
1851,related:bfa334630c362ce94b33be8f,4,D,0,0.03642965965909144,0.03710978876815768,0.001327120102877234
1870,related:82311f72927e0ae820c7dd86,4,D,0,0.13967290368794788,0.15044261749833845,0.019508520024622764
1873,related:db3fedad9c9934412991197f,4,D,0,0.1357896496119186,0.1459390787126086,0.018438828941727627
1876,related:add052870444464d7953d5f4,4,D,0,0.05743825360130734,0.05915384838551811,0.0032991529767680953
1894,related:5fcb33c5328805c3cd246ab5,4,D,1,0.05269357694355816,2.9432617104916234,0.8973894591639904
1897,related:5ad72d42bba5575ca688bc0a,4,D,0,0.26886212322448944,0.3131532230977405,0.07228684130478054
1911,related:c06814414fd8a5da77542e53,4,D,0,0.03506389774240281,0.035693395112580725,0.0012294769248896809
1934,related:0f1adf5e0081c3c51ae1e10a,4,D,0,0.3719314814626034,0.46510601251429123,0.1383330269029669
1943,related:2d5fdc4b30b2d9e2fc637f9e,4,D,0,0.05193372800370644,0.05333087200142148,0.002697112104362963
1962,related:c06814414fd8a5da77542e53,4,D,0,0.03788170208583118,0.0386178650719709,0.0014350233529196663
1963,related:330d859e7d8c69ffa824e18a,4,D,0,0.060099229555075746,0.06198097264675429,0.00361191739311369
1969,related:bfa334630c362ce94b33be8f,4,D,0,0.054199697408284855,0.05572382884038163,0.00293760719914964
1980,related:103b4242f58b5944e2b42226,4,D,0,0.02310077314797716,0.02337177775356382,0.0005336457200343026
1983,related:5fcb33c5328805c3cd246ab5,4,D,0,0.09833280712517484,0.1035097927748349,0.009669340957116836
1984,related:84a4c9cf7ac31b508374f791,4,D,0,0.03375942367444309,0.03434243196060585,0.0011396986868305486
1988,related:7e0ad279a3cc307c40a4f095,4,D,0,0.05507329227475413,0.05664791245887136,0.003033067521980493
1999,related:d3c3938ec96b17734a585789,4,D,0,0.14098845982557612,0.1519729226592243,0.01987774580398809
2005,related:94e409aee0c03f60f0f84c9a,4,D,0,0.2051082894503061,0.22954938675069728,0.04206941040123055
2009,related:1d9b7f7f8f080b9e77fc9b1e,4,D,0,0.0219364995642674,0.02218068218421534,0.00048121001313310374
2013,related:aeda1f2ffe071443b304c7c8,4,D,0,0.03251834154657069,0.033058811928773246,0.0010574425369394254
2016,related:2c70f2228d8b322053c9819a,4,D,0,0.31871598892549946,0.3837760097378419,0.1015798815967591
2019,related:ca0aa0518a39ea2855946450,4,D,0,0.1063176503423648,0.11240488052951379,0.011303442774321344
2022,related:bfa334630c362ce94b33be8f,4,D,1,0.2508254470671216,1.3829980117854384,0.5612625107621781
2026,related:aeda1f2ffe071443b304c7c8,4,D,0,0.031568797983669294,0.03207783426346875,0.0009965890061337224
2034,related:5fcb33c5328805c3cd246ab5,4,D,0,0.06712004046527804,0.06947874714678437,0.004505099832060562
2036,related:3b575a0e4a9c50ce306393e5,4,D,0,0.11812502872898188,0.1257049889522179,0.013953522412222795
2042,related:84313ad2dd8af6dfa5a48826,4,D,0,0.04790089224240645,0.04908614482191088,0.0022944954776186344
2043,related:7eeee26138ca622cc5b07e14,4,D,0,0.12619887964465423,0.13490248030111707,0.015926157223565926
2052,related:202b696bb9c94dbb26ca2156,4,D,1,0.6182529360027188,0.4808576236994995,0.14573082087054431
2065,related:1da5c75cb9b3819ee4192185,4,D,0,0.16029898639609233,0.17470938669092137,0.025695765039614595
2067,related:e10d538a734636e0b662c8ed,4,D,0,0.07194179122300849,0.07466082318785909,0.005175621324374942
2074,related:2d5fdc4b30b2d9e2fc637f9e,4,D,0,0.043510518497890366,0.04448548702365489,0.0018931652199552598
2075,related:444209b955a07664d7a14938,4,D,0,0.044652756913323544,0.04568039926344107,0.0019938686999603633
2087,related:c06814414fd8a5da77542e53,4,D,0,0.06909649333555533,0.07159965190530468,0.004774325391270442
2109,related:cc3c434c07dd8f232230c049,4,D,0,0.08692052134332487,0.09093234997809954,0.007555177030595394
2129,related:cf2a727ab26853fff51202d8,4,D,0,0.05509024596042641,0.05666585441947568,0.0030349351999802783
2139,related:d3c3938ec96b17734a585789,4,D,0,0.03668254186317043,0.037372266122293885,0.001345608877543251
2147,related:5ad72d42bba5575ca688bc0a,4,D,0,0.1850741289020287,0.20465812558600624,0.03425243318884474
2156,related:cf2a727ab26853fff51202d8,4,D,0,0.5171470349767427,0.7280430919165154,0.2674410557852364
2159,related:96329f105348c39e5b613f44,4,D,0,0.07814750101205674,0.08137004762931473,0.006107031914429409
2163,related:3b575a0e4a9c50ce306393e5,4,D,0,0.17823240049472458,0.19629764956307394,0.0317667885861119
2170,related:661a4c1db2d5b0716a06e587,4,D,0,0.05339192861448497,0.054870134834409404,0.002850698041174259
2171,related:1da5c75cb9b3819ee4192185,4,D,0,0.1612596946814799,0.17585414925065182,0.02600468912876412
2172,related:e77cc5a46c91c635c67c71d6,4,D,0,0.08388096013385733,0.08760896656583514,0.007036015472977763
2194,related:c06814414fd8a5da77542e53,4,D,0,0.1664579651836307,0.18207114636961888,0.027708254173074813
2196,related:2e7054e424279aedf92e5697,4,D,0,0.024314874675349735,0.0246153621164997,0.0005912131304779639
2202,related:add052870444464d7953d5f4,4,D,0,0.01312822418745276,0.013215161045283913,0.0001723502703160197
2238,related:f780c74702e02ef1fa73cc9c,4,D,0,0.17672360107008453,0.1944632915165399,0.03123123117517838
2248,related:7eeee26138ca622cc5b07e14,4,D,0,0.024639088729688945,0.02494771107315399,0.0006070846934294848
2267,related:444209b955a07664d7a14938,4,D,1,0.2687468744548662,1.3139853295432742,0.5347311336195272
2268,related:e10d538a734636e0b662c8ed,4,D,0,0.03841967264802597,0.03917717365508597,0.0014760712463814747
2273,related:330d859e7d8c69ffa824e18a,4,D,0,0.027083646461473206,0.027457168077860132,0.0007335239056500702
2281,related:c1b94258ac037e7456ee5f05,4,D,0,0.2464970325505542,0.2830223227024448,0.06076078705622897
2282,related:c06814414fd8a5da77542e53,4,D,1,0.055252677788777085,2.8958384729935545,0.8925475028252763
2287,related:9917a1b6d4056ad6e12eaefa,4,D,0,0.0311854509466733,0.03168206925349218,0.0009725323507473665
2290,related:f780c74702e02ef1fa73cc9c,4,D,1,0.028065460295525063,3.573215629670446,0.9446567494705497
2293,related:9d8aecc4f7be7deb45f39de1,4,D,0,0.11754630234574644,0.1250489587984442,0.013817133195157634
2296,related:dff5ff76b264137c0e33decd,4,D,1,0.0578154670465374,2.8504989431403636,0.8877116941367345
2303,related:db3fedad9c9934412991197f,4,D,0,0.08359777741042146,0.08729990305700522,0.006988588387962373
2309,related:dff5ff76b264137c0e33decd,4,D,0,0.1982824862647053,0.2209989604249397,0.03931594435931304
2316,related:2d5fdc4b30b2d9e2fc637f9e,4,D,1,0.2738365358744399,1.2952239350212034,0.5273133766308337
2322,related:452b06175c4f1ee01ec31ccc,4,D,0,0.13155317355853388,0.14104891976771902,0.017306237473321738
2324,related:273115ff412d898c5688a544,4,D,0,0.05679161508572685,0.05846803994027037,0.0032252875440453577
2326,related:84313ad2dd8af6dfa5a48826,4,D,0,0.03212584896707099,0.03265320942100004,0.0010320701718550562
2341,related:a5adea06a8f1b7e6f21ebefa,4,D,0,0.34622953477496676,0.4249989597334602,0.11987489075048992
2369,related:82cb3788c0b00b292ea5cb56,4,D,0,0.05026014800601816,0.051567171894906345,0.0025260824775868514
2382,related:24b250830c6c271c5d556d4c,4,D,1,0.33713962887750426,1.0872581054269734,0.4393838716046528
4,related:8c29bd14709937d845774037,5,A,0,0.06018219041350971,0.06206924209237145,0.00362189604296794
15,related:0f7da56dd43a4c7e41f140f3,5,A,0,0.23863005635034415,0.2726359109249913,0.05694430379376843
24,related:a5c8944f8857ab7fe6a92b7c,5,A,0,0.06636911376395094,0.06867411561352205,0.004404859261812262
30,related:12c35ea88fda20302d734c2c,5,A,0,0.03560527753360491,0.036254605039332165,0.0012677357882450303
31,related:d4f3b2e89d25c02b736fcefb,5,A,0,0.06636911376395094,0.06867411561352205,0.004404859261812262
42,related:1ef35842584fa84d5aea4b52,5,A,0,0.06636911376395094,0.06867411561352205,0.004404859261812262
65,related:88f26cdceadf8acf59a3f3e3,5,A,0,0.27905687766033593,0.32719503199387756,0.0778727409695357
67,related:3848b370aa707308591385e6,5,A,0,0.4076559162690955,0.5236675904240986,0.16618334606919577
71,related:f7c3c4ca3021e9e5fe5b6472,5,A,0,0.07542509044174134,0.07842120433281545,0.005688944268144861
73,related:6f3eb0e506bb170f4cc09e6c,5,A,0,0.24897851047689049,0.2863210130826375,0.06199029867929107
80,related:354268dcd462e6cc195a8195,5,A,0,0.09389931224655128,0.09860484472842103,0.008817080840375335
99,related:3fe8883858afe25cf183466a,5,A,0,0.03758999750145301,0.0383147210895732,0.0014130079121592435
101,related:7fec8d14f641420b043ee54e,5,A,1,0.29693163690999086,1.2142533454288722,0.494305123178065
102,related:8c29bd14709937d845774037,5,A,1,0.054339833953155135,2.912497730690571,0.8942731496477463
108,related:a9fb3364a72862bcc06ee09f,5,A,0,0.052851747805968345,0.054299648741303295,0.00279330724614568
113,related:e52b73c21e573bc5b99b34ff,5,A,0,0.18626264754922814,0.20611762788333987,0.03469377387204799
119,related:2bb9796f552c2df5fb951952,5,A,0,0.06018219041350971,0.06206924209237145,0.00362189604296794
130,related:e52b73c21e573bc5b99b34ff,5,A,0,0.03128577514328684,0.03178562817664638,0.0009787997263163049
131,related:f32b624f7f062cdb1a9d1fcd,5,A,0,0.07542509044174134,0.07842120433281545,0.005688944268144861
153,related:cc891c9686e757e00e50b629,5,A,0,0.04768490812972504,0.04885932009685932,0.0022738504633403175
168,related:88f26cdceadf8acf59a3f3e3,5,A,0,0.2350672761875832,0.2679673917516566,0.055256624334249514
206,related:6161076bd0ce7fe9b9f20152,5,A,0,0.3245999938660799,0.3924501619487627,0.10536515601785912
208,related:abb169006b5a55833899b0e6,5,A,0,0.1943432887087106,0.216097543715757,0.03776931386611724
226,related:12c35ea88fda20302d734c2c,5,A,1,0.22576786632277432,1.4882479477445207,0.5994353968183894
256,related:3df3fe3e44b224af366e1959,5,A,0,0.06636911376395094,0.06867411561352205,0.004404859261812262
258,related:6b54e7e553cec0494a5fd2f9,5,A,0,0.06636911376395094,0.06867411561352205,0.004404859261812262
264,related:af894faf77e839b77ceb5215,5,A,0,0.1702153004264346,0.18658900994513897,0.028973248499261386
316,related:f0340cae0b51cbe2ee0eac9e,5,A,1,0.1779428092251941,1.7262930768045006,0.6757780249045656
326,related:46cbd2b81d1621813a5449e3,5,A,0,0.06018219041350971,0.06206924209237145,0.00362189604296794
334,related:abb169006b5a55833899b0e6,5,A,0,0.03758999750145301,0.0383147210895732,0.0014130079121592435
339,related:51d13e648d5782d8a591b9d8,5,A,0,0.07242080178778103,0.07517709923791929,0.005244772531585068
346,related:526604316d1f316c2c59b527,5,A,1,0.052851747805968345,2.9402644961442617,0.897089811634209
357,related:0f7da56dd43a4c7e41f140f3,5,A,0,0.0677483603666539,0.07015250113328546,0.00458984033237
361,related:12c35ea88fda20302d734c2c,5,A,0,0.039517557082270394,0.04031957604758733,0.001561637317750499
363,related:f7c3c4ca3021e9e5fe5b6472,5,A,0,0.06636911376395094,0.06867411561352205,0.004404859261812262
364,related:b479dc1f20eef780811da339,5,A,0,0.2350672761875832,0.2679673917516566,0.055256624334249514
371,related:6161076bd0ce7fe9b9f20152,5,A,0,0.03128577514328684,0.03178562817664638,0.0009787997263163049
378,related:f32b624f7f062cdb1a9d1fcd,5,A,0,0.06636911376395094,0.06867411561352205,0.004404859261812262
396,related:c59cffb20389eac54c5c00ad,5,A,0,0.058727632766174064,0.06052273682094725,0.0034489348503186014
401,related:51d13e648d5782d8a591b9d8,5,A,0,0.06018219041350971,0.06206924209237145,0.00362189604296794
408,related:f4d979be2d003e79724cc3f7,5,A,0,0.7638510797743114,1.4432926550591514,0.5834684720723815
439,related:f1ac5f7620de5ef1ce4cf2f9,5,A,0,0.06018219041350971,0.06206924209237145,0.00362189604296794
441,related:0f7da56dd43a4c7e41f140f3,5,A,0,0.434632668328476,0.5702796145367369,0.18890555637833104
450,related:f7c3c4ca3021e9e5fe5b6472,5,A,0,0.345421472496707,0.423763719922833,0.11931599366179332
459,related:5d6e1374973fcb92ba275840,5,A,0,0.047399357519700036,0.04855951616641283,0.0022466990932803444
468,related:6b54e7e553cec0494a5fd2f9,5,A,0,0.04588300267630273,0.04696897634927644,0.0021052499345936035
470,related:6933601c76aba1e2590ac876,5,A,0,0.1943432887087106,0.216097543715757,0.03776931386611724
472,related:3f09a539a28e6e2ba9e0fc5b,5,A,0,0.1779428092251941,0.19594531119436379,0.03166364335495382
485,related:b479dc1f20eef780811da339,5,A,0,0.047399357519700036,0.04855951616641283,0.0022466990932803444
498,related:13612884c6f143784b9eef6d,5,A,0,0.2350672761875832,0.2679673917516566,0.055256624334249514
516,related:80ba97a9d0f7952ba4c1ea66,5,A,1,0.18626264754922814,1.6805975177234163,0.6621684787735916
537,related:f7c3c4ca3021e9e5fe5b6472,5,A,0,0.09709690215625122,0.10214004268140213,0.009427808408340623
544,related:a38f18581c8c2962ed1a78b8,5,A,1,0.2350672761875832,1.44788352415946,0.5851220719590832
558,related:3fe8883858afe25cf183466a,5,A,0,0.1943432887087106,0.216097543715757,0.03776931386611724
560,related:3848b370aa707308591385e6,5,A,0,0.052851747805968345,0.054299648741303295,0.00279330724614568
563,related:e52b73c21e573bc5b99b34ff,5,A,0,0.04768490812972504,0.04885932009685932,0.0022738504633403175
578,related:662175087580f9c08c4fa534,5,A,1,0.6207689743448206,0.4767962882550227,0.14381617081947934
582,related:6b54e7e553cec0494a5fd2f9,5,A,1,0.23863005635034415,1.4328408076359673,0.5796841910930801
585,related:c59cffb20389eac54c5c00ad,5,A,0,0.06636911376395094,0.06867411561352205,0.004404859261812262
602,related:a38f18581c8c2962ed1a78b8,5,A,0,0.047399357519700036,0.04855951616641283,0.0022466990932803444
620,related:d927346cef7bbe5514293005,5,A,0,0.21615216479299412,0.24354036521535927,0.04672175834469769
627,related:3fe8883858afe25cf183466a,5,A,0,0.1779428092251941,0.19594531119436379,0.03166364335495382
629,related:ef85535adfdcad9ff7f49e10,5,A,0,0.06018219041350971,0.06206924209237145,0.00362189604296794
644,related:662175087580f9c08c4fa534,5,A,0,0.03128577514328684,0.03178562817664638,0.0009787997263163049
646,related:3df3fe3e44b224af366e1959,5,A,0,0.07316222363460897,0.07597672725739708,0.005352710967160536
647,related:bddcb4be5bc5918e60a93553,5,A,0,0.1943432887087106,0.216097543715757,0.03776931386611724
652,related:af894faf77e839b77ceb5215,5,A,0,0.2453529071461434,0.2815050656946526,0.060198049045064074
656,related:a197edd3174cb80d8bf4e7ef,5,A,0,0.06636911376395094,0.06867411561352205,0.004404859261812262
662,related:3df3fe3e44b224af366e1959,5,A,0,0.067745954032283,0.0701499199297102,0.004589514287744202
667,related:f1caf01bbd568cb929d5a08c,5,A,0,0.04274149513168703,0.04368180397544441,0.0018268354060920259
670,related:27520517d2e62a4d9db63007,5,A,0,0.21615216479299412,0.24354036521535927,0.04672175834469769
682,related:51d13e648d5782d8a591b9d8,5,A,0,0.052851747805968345,0.054299648741303295,0.00279330724614568
704,related:a9fb3364a72862bcc06ee09f,5,A,0,0.06018219041350971,0.06206924209237145,0.00362189604296794
706,related:27520517d2e62a4d9db63007,5,A,0,0.07542509044174134,0.07842120433281545,0.005688944268144861
714,related:c27962095d88d36523323e32,5,A,0,0.07542509044174134,0.07842120433281545,0.005688944268144861
743,related:c60d46cfcb5ed1589d935afb,5,A,0,0.06018219041350971,0.06206924209237145,0.00362189604296794
748,related:5887e34ecbea7c34c3e305c0,5,A,0,0.04768490812972504,0.04885932009685932,0.0022738504633403175
765,related:6f3eb0e506bb170f4cc09e6c,5,A,0,0.06018219041350971,0.06206924209237145,0.00362189604296794
767,related:526604316d1f316c2c59b527,5,A,0,0.03386182064176207,0.0344484121853559,0.0011466228971748636
772,related:54ed2017b3d80c167b08fd24,5,A,0,0.06018219041350971,0.06206924209237145,0.00362189604296794
775,related:2de7922e8bc2da3d77970230,5,A,0,0.7417018291189766,1.3536406602796958,0.5501216033184356
779,related:80ba97a9d0f7952ba4c1ea66,5,A,0,0.5441906758807722,0.7856807057777072,0.29614349171557164
791,related:d927346cef7bbe5514293005,5,A,1,0.06636911376395094,2.712523484874869,0.8716666317339103
793,related:7fec8d14f641420b043ee54e,5,A,0,0.05225816425801561,0.05367313898102998,0.0027309157316177403
804,related:a0ad4592449c37dbaca2c062,5,A,0,0.07542509044174134,0.07842120433281545,0.005688944268144861
808,related:d927346cef7bbe5514293005,5,A,0,0.04274149513168703,0.04368180397544441,0.0018268354060920259
833,related:a0ad4592449c37dbaca2c062,5,A,0,0.0682103838985494,0.07064822357498096,0.004652656471587488
840,related:c59cffb20389eac54c5c00ad,5,A,0,0.6293424342488149,0.9924766459706812,0.39607189954622385
844,related:f32b624f7f062cdb1a9d1fcd,5,A,0,0.3900588383430075,0.49439278276700044,0.15214589736949644
854,related:f1ac5f7620de5ef1ce4cf2f9,5,A,1,0.038276467608931934,3.262919994373836,0.9249121527547538
855,related:662175087580f9c08c4fa534,5,A,0,0.04625757019995152,0.047361633715051005,0.0021397628008034426
857,related:f0340cae0b51cbe2ee0eac9e,5,A,0,0.06018219041350971,0.06206924209237145,0.00362189604296794
859,related:a197edd3174cb80d8bf4e7ef,5,A,0,0.05996446593832253,0.061837602239298434,0.0035957371752682434
867,related:39ae8c37a88d926801eb872f,5,A,1,0.4439124665784379,0.8121278833318654,0.30923334482687687
869,related:54ed2017b3d80c167b08fd24,5,A,0,0.052851747805968345,0.054299648741303295,0.00279330724614568
873,related:a5c8944f8857ab7fe6a92b7c,5,A,0,0.19587967074176976,0.21800635774509333,0.03836884540990413
885,related:c27962095d88d36523323e32,5,A,0,0.2289904235863664,0.26005448472599196,0.052436614094263506
886,related:14eb3bc943eefc62c9bb2f5e,5,A,0,0.03128577514328684,0.03178562817664638,0.0009787997263163049
888,related:b479dc1f20eef780811da339,5,A,0,0.2585585795386597,0.2991591219256801,0.0668525390530494
895,related:2bb9796f552c2df5fb951952,5,A,0,0.052851747805968345,0.054299648741303295,0.00279330724614568
911,related:c60d46cfcb5ed1589d935afb,5,A,0,0.052851747805968345,0.054299648741303295,0.00279330724614568
916,related:3f09a539a28e6e2ba9e0fc5b,5,A,0,0.052851747805968345,0.054299648741303295,0.00279330724614568
930,related:27520517d2e62a4d9db63007,5,A,0,0.04274149513168703,0.04368180397544441,0.0018268354060920259
933,related:3c2f7b5aaffa64131d10f73b,5,A,0,0.03758999750145301,0.0383147210895732,0.0014130079121592435
946,related:1ef35842584fa84d5aea4b52,5,A,0,0.0682103838985494,0.07064822357498096,0.004652656471587488
952,related:14eb3bc943eefc62c9bb2f5e,5,A,0,0.07697783726351944,0.08010203313540294,0.0059255874297688815
966,related:6d9830e0bd056d7da234eed0,5,A,0,0.052851747805968345,0.054299648741303295,0.00279330724614568
968,related:88f26cdceadf8acf59a3f3e3,5,A,0,0.05047146003518476,0.05178969129335805,0.0025473682780832525
972,related:2de7922e8bc2da3d77970230,5,A,0,0.06636911376395094,0.06867411561352205,0.004404859261812262
997,related:abb169006b5a55833899b0e6,5,A,0,0.1779428092251941,0.19594531119436379,0.03166364335495382
1009,related:a9fb3364a72862bcc06ee09f,5,A,0,0.07733442392093509,0.08048843290861818,0.005980613123182898
1036,related:1ef35842584fa84d5aea4b52,5,A,0,0.05996446593832253,0.061837602239298434,0.0035957371752682434
1040,related:46cbd2b81d1621813a5449e3,5,A,0,0.1779428092251941,0.19594531119436379,0.03166364335495382
1043,related:3fe8883858afe25cf183466a,5,A,0,0.03386182064176207,0.0344484121853559,0.0011466228971748636
1054,related:88f26cdceadf8acf59a3f3e3,5,A,0,0.047399357519700036,0.04855951616641283,0.0022466990932803444
1075,related:e93e2c4db29aef6729faf8e6,5,A,0,0.04869612187903654,0.04992173212402126,0.002371312286057981
1076,related:b479dc1f20eef780811da339,5,A,0,0.048255984404713695,0.0494591715299092,0.0023286400308679713
1090,related:3f09a539a28e6e2ba9e0fc5b,5,A,0,0.03386182064176207,0.0344484121853559,0.0011466228971748636
1104,related:afcab309e278b891ca79abbb,5,A,1,0.47852062341524776,0.7370559688815533,0.2719407402032219
1124,related:13612884c6f143784b9eef6d,5,A,0,0.21615216479299412,0.24354036521535927,0.04672175834469769
1134,related:46cbd2b81d1621813a5449e3,5,A,0,0.03386182064176207,0.0344484121853559,0.0011466228971748636
1135,related:e9f7602384b7e0c13387683d,5,A,0,0.03386182064176207,0.0344484121853559,0.0011466228971748636
1138,related:a38f18581c8c2962ed1a78b8,5,A,0,0.08313547250008459,0.08679555209977101,0.00691150678781232
1141,related:a9fb3364a72862bcc06ee09f,5,A,0,0.06846245844687587,0.0709187874948258,0.0046871082165902056
1149,related:46cbd2b81d1621813a5449e3,5,A,1,0.052851747805968345,2.9402644961442617,0.897089811634209
1165,related:6933601c76aba1e2590ac876,5,A,0,0.1779428092251941,0.19594531119436379,0.03166364335495382
1178,related:cc891c9686e757e00e50b629,5,A,1,0.18626264754922814,1.6805975177234163,0.6621684787735916
1179,related:6f3eb0e506bb170f4cc09e6c,5,A,0,0.041487060219007554,0.04237221655522822,0.001721176165615559
1195,related:d4f3b2e89d25c02b736fcefb,5,A,0,0.10985231773381696,0.1163678948911198,0.012067531711491476
1201,related:f1caf01bbd568cb929d5a08c,5,A,0,0.2350672761875832,0.2679673917516566,0.055256624334249514
1203,related:3c2f7b5aaffa64131d10f73b,5,A,0,0.1779428092251941,0.19594531119436379,0.03166364335495382
1221,related:8cb077be511f327863ca6525,5,A,0,0.06977518458150195,0.07232898503938066,0.004868576383382667
1224,related:c27962095d88d36523323e32,5,A,0,0.06636911376395094,0.06867411561352205,0.004404859261812262
1233,related:13612884c6f143784b9eef6d,5,A,0,0.04274149513168703,0.04368180397544441,0.0018268354060920259
1246,related:f1caf01bbd568cb929d5a08c,5,A,0,0.047399357519700036,0.04855951616641283,0.0022466990932803444
1247,related:39ae8c37a88d926801eb872f,5,A,0,0.06636911376395094,0.06867411561352205,0.004404859261812262
1260,related:526604316d1f316c2c59b527,5,A,0,0.06018219041350971,0.06206924209237145,0.00362189604296794
1316,related:5d6e1374973fcb92ba275840,5,A,0,0.2350672761875832,0.2679673917516566,0.055256624334249514
1331,related:8cb077be511f327863ca6525,5,A,1,0.6005462849911949,0.5099155630116031,0.15956327043433569
1356,related:8c29bd14709937d845774037,5,A,0,0.052851747805968345,0.054299648741303295,0.00279330724614568
1369,related:afcab309e278b891ca79abbb,5,A,0,0.07542509044174134,0.07842120433281545,0.005688944268144861
1383,related:6f3eb0e506bb170f4cc09e6c,5,A,0,0.052851747805968345,0.054299648741303295,0.00279330724614568
1389,related:abb169006b5a55833899b0e6,5,A,0,0.03386182064176207,0.0344484121853559,0.0011466228971748636
1390,related:efdc58e5fbfc43d44000fe01,5,A,0,0.07308094580640905,0.0758890374084242,0.005340824639959296
1396,related:4ae949910e7e513afe417b66,5,A,0,0.047399357519700036,0.04855951616641283,0.0022466990932803444
1403,related:f32b624f7f062cdb1a9d1fcd,5,A,0,0.05996944054624974,0.06184289418934681,0.0035963337994301824
1405,related:6b54e7e553cec0494a5fd2f9,5,A,0,0.07542509044174134,0.07842120433281545,0.005688944268144861
1413,related:ef85535adfdcad9ff7f49e10,5,A,0,0.04963402676077311,0.050908133582837335,0.002463536612489141
1428,related:354268dcd462e6cc195a8195,5,A,0,0.22892257076072414,0.2599664834323718,0.052405543403698754
1439,related:f0340cae0b51cbe2ee0eac9e,5,A,0,0.03386182064176207,0.0344484121853559,0.0011466228971748636
1443,related:39ae8c37a88d926801eb872f,5,A,0,0.07542509044174134,0.07842120433281545,0.005688944268144861
1459,related:8cb077be511f327863ca6525,5,A,0,0.06636911376395094,0.06867411561352205,0.004404859261812262
1469,related:f1ac5f7620de5ef1ce4cf2f9,5,A,1,0.052851747805968345,2.9402644961442617,0.897089811634209
1471,related:5887e34ecbea7c34c3e305c0,5,A,0,0.052851747805968345,0.054299648741303295,0.00279330724614568
1475,related:6161076bd0ce7fe9b9f20152,5,A,0,0.07692794041705676,0.08004797647256133,0.005917908016810236
1487,related:e9f7602384b7e0c13387683d,5,A,0,0.1779428092251941,0.19594531119436379,0.03166364335495382
1489,related:f1ac5f7620de5ef1ce4cf2f9,5,A,1,0.2149082573314971,1.53754405200719,0.6163690444062668
1501,related:12c35ea88fda20302d734c2c,5,A,0,0.20739816188342008,0.2324342791311159,0.04301399755262132
1507,related:a197edd3174cb80d8bf4e7ef,5,A,1,0.0682103838985494,2.6851584691456063,0.8682318886744887
1531,related:af894faf77e839b77ceb5215,5,A,0,0.07542509044174134,0.07842120433281545,0.005688944268144861
1533,related:e52b73c21e573bc5b99b34ff,5,A,0,0.054339833953155135,0.05587200697833394,0.0029528175540564717
1548,related:80ba97a9d0f7952ba4c1ea66,5,A,0,0.03128577514328684,0.03178562817664638,0.0009787997263163049
1556,related:af894faf77e839b77ceb5215,5,A,0,0.06636911376395094,0.06867411561352205,0.004404859261812262
1576,related:3848b370aa707308591385e6,5,A,0,0.07242080178778103,0.07517709923791929,0.005244772531585068
1583,related:f4d979be2d003e79724cc3f7,5,A,1,0.06636911376395094,2.712523484874869,0.8716666317339103
1598,related:2de7922e8bc2da3d77970230,5,A,0,0.06750913939652449,0.06989592847361653,0.004557483902059375
1603,related:d927346cef7bbe5514293005,5,A,0,0.07542509044174134,0.07842120433281545,0.005688944268144861
1617,related:6933601c76aba1e2590ac876,5,A,0,0.03386182064176207,0.0344484121853559,0.0011466228971748636
1630,related:f0340cae0b51cbe2ee0eac9e,5,A,1,0.052851747805968345,2.9402644961442617,0.897089811634209
1639,related:f1caf01bbd568cb929d5a08c,5,A,0,0.21615216479299412,0.24354036521535927,0.04672175834469769
1654,related:c60d46cfcb5ed1589d935afb,5,A,0,0.054339833953155135,0.05587200697833394,0.0029528175540564717
1663,related:c27962095d88d36523323e32,5,A,0,0.04829735445351975,0.04950264009633366,0.002332634447208924
1671,related:efdc58e5fbfc43d44000fe01,5,A,0,0.06760099528883612,0.0699944392694489,0.004569894564041243
1681,related:4ae949910e7e513afe417b66,5,A,0,0.04588300267630273,0.04696897634927644,0.0021052499345936035
1705,related:2de7922e8bc2da3d77970230,5,A,0,0.07542509044174134,0.07842120433281545,0.005688944268144861
1721,related:354268dcd462e6cc195a8195,5,A,0,0.07542509044174134,0.07842120433281545,0.005688944268144861
1729,related:afcab309e278b891ca79abbb,5,A,0,0.06636911376395094,0.06867411561352205,0.004404859261812262
1751,related:6161076bd0ce7fe9b9f20152,5,A,1,0.18626264754922814,1.6805975177234163,0.6621684787735916
1753,related:27520517d2e62a4d9db63007,5,A,0,0.06636911376395094,0.06867411561352205,0.004404859261812262
1761,related:bddcb4be5bc5918e60a93553,5,A,0,0.03758999750145301,0.0383147210895732,0.0014130079121592435
1773,related:e93e2c4db29aef6729faf8e6,5,A,0,0.06018219041350971,0.06206924209237145,0.00362189604296794
1776,related:3c2f7b5aaffa64131d10f73b,5,A,0,0.1943432887087106,0.216097543715757,0.03776931386611724
1784,related:54ed2017b3d80c167b08fd24,5,A,0,0.051170334951068375,0.05252598536642727,0.0026184031790045296
1788,related:afcab309e278b891ca79abbb,5,A,1,0.06537158439425253,2.727667604321365,0.8735302752577099
1797,related:2bb9796f552c2df5fb951952,5,A,0,0.04768490812972504,0.04885932009685932,0.0022738504633403175
1817,related:d4f3b2e89d25c02b736fcefb,5,A,0,0.07542509044174134,0.07842120433281545,0.005688944268144861
1840,related:a38f18581c8c2962ed1a78b8,5,A,0,0.08960335969690643,0.09387490596936948,0.008028762068973195
1848,related:e93e2c4db29aef6729faf8e6,5,A,0,0.351282620756186,0.4327581282420613,0.12339947964533439
1852,related:54ed2017b3d80c167b08fd24,5,A,1,0.061306776730818975,2.7918648918921423,0.8811449674114845
1900,related:6933601c76aba1e2590ac876,5,A,0,0.03758999750145301,0.0383147210895732,0.0014130079121592435
1905,related:4ae949910e7e513afe417b66,5,A,0,0.23863005635034415,0.2726359109249913,0.05694430379376843
1912,related:cc891c9686e757e00e50b629,5,A,0,0.054339833953155135,0.05587200697833394,0.0029528175540564717
1913,related:2bb9796f552c2df5fb951952,5,A,0,0.054339833953155135,0.05587200697833394,0.0029528175540564717
1931,related:8c29bd14709937d845774037,5,A,0,0.04768490812972504,0.04885932009685932,0.0022738504633403175
1942,related:662175087580f9c08c4fa534,5,A,1,0.18626264754922817,1.680597517723416,0.6621684787735916
1945,related:f4d979be2d003e79724cc3f7,5,A,0,0.07542509044174134,0.07842120433281545,0.005688944268144861
1968,related:a5c8944f8857ab7fe6a92b7c,5,A,0,0.09084807242220584,0.0952430617212202,0.008253372262830358
1973,related:efdc58e5fbfc43d44000fe01,5,A,0,0.07542509044174134,0.07842120433281545,0.005688944268144861
1986,related:6d9830e0bd056d7da234eed0,5,A,1,0.6749827602983506,0.3930681287345061,0.10563620610327944
1990,related:bddcb4be5bc5918e60a93553,5,A,1,0.43518862084532145,0.8319757307369259,0.31901189402261
1996,related:4ae949910e7e513afe417b66,5,A,0,0.23506727618758322,0.2679673917516566,0.05525662433424953
2047,related:a0ad4592449c37dbaca2c062,5,A,0,0.05996446593832253,0.061837602239298434,0.0035957371752682434
2053,related:3f09a539a28e6e2ba9e0fc5b,5,A,0,0.06018219041350971,0.06206924209237145,0.00362189604296794
2056,related:526604316d1f316c2c59b527,5,A,0,0.17794280922519415,0.19594531119436379,0.03166364335495384
2081,related:3848b370aa707308591385e6,5,A,0,0.06018219041350971,0.06206924209237145,0.00362189604296794
2102,related:a197edd3174cb80d8bf4e7ef,5,A,0,0.07542509044174134,0.07842120433281545,0.005688944268144861
2122,related:c60d46cfcb5ed1589d935afb,5,A,0,0.04768490812972504,0.04885932009685932,0.0022738504633403175
2127,related:cc891c9686e757e00e50b629,5,A,0,0.03128577514328684,0.03178562817664638,0.0009787997263163049
2133,related:14eb3bc943eefc62c9bb2f5e,5,A,0,0.08267624744615867,0.08629481281524351,0.006835361891778458
2136,related:6d9830e0bd056d7da234eed0,5,A,0,0.05387130855420893,0.05537668171339247,0.002902117885342784
2167,related:d4f3b2e89d25c02b736fcefb,5,A,0,0.3149923815630093,0.3783253189759328,0.09922020044273644
2185,related:3df3fe3e44b224af366e1959,5,A,0,0.07542509044174134,0.07842120433281545,0.005688944268144861
2193,related:7fec8d14f641420b043ee54e,5,A,0,0.07648133801655445,0.0795642716602344,0.005849395064802457
2197,related:bddcb4be5bc5918e60a93553,5,A,0,0.052719045625843584,0.054159551470968056,0.0027792977716997774
2199,related:8cb077be511f327863ca6525,5,A,0,0.07542509044174134,0.07842120433281545,0.005688944268144861
2212,related:3c2f7b5aaffa64131d10f73b,5,A,0,0.03386182064176207,0.0344484121853559,0.0011466228971748636
2218,related:7fec8d14f641420b043ee54e,5,A,0,0.6000902053343838,0.9165162706420706,0.36010825453826295
2230,related:14eb3bc943eefc62c9bb2f5e,5,A,1,0.18626264754922817,1.680597517723416,0.6621684787735916
2237,related:e93e2c4db29aef6729faf8e6,5,A,0,0.052851747805968345,0.054299648741303295,0.00279330724614568
2240,related:5887e34ecbea7c34c3e305c0,5,A,0,0.06018219041350971,0.06206924209237145,0.00362189604296794
2243,related:0f7da56dd43a4c7e41f140f3,5,A,0,0.04588300267630273,0.04696897634927644,0.0021052499345936035
2251,related:5887e34ecbea7c34c3e305c0,5,A,0,0.054339833953155135,0.05587200697833394,0.0029528175540564717
2256,related:354268dcd462e6cc195a8195,5,A,0,0.06636911376395094,0.06867411561352205,0.004404859261812262
2285,related:39ae8c37a88d926801eb872f,5,A,0,0.06346146272904256,0.0655646076286198,0.004027357251709658
2302,related:6d9830e0bd056d7da234eed0,5,A,0,0.06018219041350971,0.06206924209237145,0.00362189604296794
2306,related:c59cffb20389eac54c5c00ad,5,A,1,0.07542509044174134,2.5846152948427186,0.8548387633846622
2320,related:e9f7602384b7e0c13387683d,5,A,0,0.0963141343779746,0.10127347276086035,0.00927641248097855
2329,related:51d13e648d5782d8a591b9d8,5,A,0,0.09021358070620517,0.0945454110913056,0.008138490143834992
2332,related:f4d979be2d003e79724cc3f7,5,A,0,0.06346146272904256,0.0655646076286198,0.004027357251709658
2342,related:a0ad4592449c37dbaca2c062,5,A,0,0.06636911376395094,0.06867411561352205,0.004404859261812262
2347,related:13612884c6f143784b9eef6d,5,A,0,0.047399357519700036,0.04855951616641283,0.0022466990932803444
2353,related:80ba97a9d0f7952ba4c1ea66,5,A,0,0.04658096526423554,0.047700771300826755,0.002169786324947918
2358,related:ef85535adfdcad9ff7f49e10,5,A,0,0.052851747805968345,0.054299648741303295,0.00279330724614568
2366,related:ef85535adfdcad9ff7f49e10,5,A,1,0.7245836477665657,0.32215806803144115,0.07585416707757116
2376,related:1ef35842584fa84d5aea4b52,5,A,0,0.07542509044174134,0.07842120433281545,0.005688944268144861
2383,related:efdc58e5fbfc43d44000fe01,5,A,0,0.06636911376395094,0.06867411561352205,0.004404859261812262
2386,related:a5c8944f8857ab7fe6a92b7c,5,A,0,0.07542509044174134,0.07842120433281545,0.005688944268144861
2387,related:e9f7602384b7e0c13387683d,5,A,1,0.3182012234316432,1.1450713182346692,0.4648495717301082
4,related:8c29bd14709937d845774037,5,B,0,0.07648651449647985,0.0795698768468387,0.005850186899820222
15,related:0f7da56dd43a4c7e41f140f3,5,B,0,0.22954350278211041,0.26077208627290777,0.05269021966948073
24,related:a5c8944f8857ab7fe6a92b7c,5,B,0,0.06066188647978268,0.06257978629021482,0.0036798644712860403
30,related:12c35ea88fda20302d734c2c,5,B,0,0.04791538456751542,0.04910136638370952,0.0022958840782528953
31,related:d4f3b2e89d25c02b736fcefb,5,B,0,0.03836919338178921,0.03912467888178037,0.0014721950007691366
42,related:1ef35842584fa84d5aea4b52,5,B,0,0.07083988232448796,0.07347420014831296,0.005018288927747301
65,related:88f26cdceadf8acf59a3f3e3,5,B,0,0.26935555538465744,0.31382833343624783,0.07255241521657727
67,related:3848b370aa707308591385e6,5,B,0,0.3568868419750674,0.4414345857412951,0.12736821797493675
71,related:f7c3c4ca3021e9e5fe5b6472,5,B,0,0.07405328704171805,0.07693859139318124,0.005483889321683087
73,related:6f3eb0e506bb170f4cc09e6c,5,B,0,0.3146370938316019,0.37780679098224246,0.09899650081479625
80,related:354268dcd462e6cc195a8195,5,B,0,0.09982118510582266,0.1051618521769698,0.009964268995930912
99,related:3fe8883858afe25cf183466a,5,B,0,0.03031368026159265,0.03078264149683216,0.0009189192110020717
101,related:7fec8d14f641420b043ee54e,5,B,1,0.32736959910771884,1.1166654738612711,0.4524316562045109
102,related:8c29bd14709937d845774037,5,B,1,0.07022340076528753,2.6560736792623523,0.8644845244844671
108,related:a9fb3364a72862bcc06ee09f,5,B,0,0.04697133264979699,0.04811029461540821,0.002206306090897885
113,related:e52b73c21e573bc5b99b34ff,5,B,0,0.21284718211725773,0.23933287167306042,0.04530392293525708
119,related:2bb9796f552c2df5fb951952,5,B,0,0.04643360295403431,0.04754622128902428,0.0021560794832929035
130,related:e52b73c21e573bc5b99b34ff,5,B,0,0.03627976376972757,0.03695423787044843,0.0013162212591872374
131,related:f32b624f7f062cdb1a9d1fcd,5,B,0,0.08958003669396496,0.09384928779025517,0.008024582974092108
153,related:cc891c9686e757e00e50b629,5,B,0,0.043564971334981537,0.04454241853016907,0.001897906727417763
168,related:88f26cdceadf8acf59a3f3e3,5,B,0,0.23325630921683885,0.2656027045404944,0.05440850578946154
206,related:6161076bd0ce7fe9b9f20152,5,B,0,0.20596548204532358,0.23062834518539166,0.04242177979416251
208,related:abb169006b5a55833899b0e6,5,B,0,0.1295292923556171,0.13872117037524026,0.01677783757814693
226,related:12c35ea88fda20302d734c2c,5,B,1,0.2838726033222845,1.259229721314082,0.5128384482724021
256,related:3df3fe3e44b224af366e1959,5,B,0,0.06793074347679841,0.07034815748311486,0.0046145859093105895
258,related:6b54e7e553cec0494a5fd2f9,5,B,0,0.06432284250709376,0.06648477921060039,0.004137428068192388
264,related:af894faf77e839b77ceb5215,5,B,0,0.12480383180193484,0.13330722552548419,0.015575996432445643
316,related:f0340cae0b51cbe2ee0eac9e,5,B,1,0.18028833548093753,1.7131978459242638,0.6719272129486121
326,related:46cbd2b81d1621813a5449e3,5,B,0,0.07726380480073965,0.08041189768325,0.0059696955322867985
334,related:abb169006b5a55833899b0e6,5,B,0,0.0231380571041476,0.02340994409318839,0.0005353696865547953
339,related:51d13e648d5782d8a591b9d8,5,B,0,0.07383253152752084,0.07670020920545653,0.0054512427117623585
346,related:526604316d1f316c2c59b527,5,B,1,0.051389534380257416,2.968320738531647,0.8998618154833049
357,related:0f7da56dd43a4c7e41f140f3,5,B,0,0.05690519089031306,0.058588461519455876,0.0032382007502629686
361,related:12c35ea88fda20302d734c2c,5,B,0,0.05230079950272962,0.05371812613062311,0.0027353736286247227
363,related:f7c3c4ca3021e9e5fe5b6472,5,B,0,0.0653762371474604,0.06761122334618662,0.00427405238356098
364,related:b479dc1f20eef780811da339,5,B,0,0.19030606823749968,0.21109896474509968,0.036216399608015884
371,related:6161076bd0ce7fe9b9f20152,5,B,0,0.01859767771043759,0.01877278902633938,0.0003458736162213072
378,related:f32b624f7f062cdb1a9d1fcd,5,B,0,0.07923936102132621,0.0825551690360455,0.006278876335068072
396,related:c59cffb20389eac54c5c00ad,5,B,0,0.04312479378220271,0.04408229705847092,0.0018597478387575093
401,related:51d13e648d5782d8a591b9d8,5,B,0,0.06649235407473292,0.06880612543372348,0.004421233150399651
408,related:f4d979be2d003e79724cc3f7,5,B,0,0.7302375551697039,1.3102135412267075,0.5332468869802264
439,related:f1ac5f7620de5ef1ce4cf2f9,5,B,0,0.0979543357147578,0.10309013460755055,0.009595051885319474
441,related:0f7da56dd43a4c7e41f140f3,5,B,0,0.3960889682140466,0.5043283902644189,0.156886470740868
450,related:f7c3c4ca3021e9e5fe5b6472,5,B,0,0.3123785852149201,0.37451686171018933,0.09758038050087511
459,related:5d6e1374973fcb92ba275840,5,B,0,0.05630206701918938,0.05794915029230136,0.003169922750633292
468,related:6b54e7e553cec0494a5fd2f9,5,B,0,0.047332908495001665,0.0484897632140692,0.0022404042265962007
470,related:6933601c76aba1e2590ac876,5,B,0,0.19426068624570927,0.21599502085757705,0.0377372142206539
472,related:3f09a539a28e6e2ba9e0fc5b,5,B,0,0.21926994236732472,0.24752582572259155,0.0480793076257699
485,related:b479dc1f20eef780811da339,5,B,0,0.036062873326944064,0.03672920779210288,0.0013005308325952137
498,related:13612884c6f143784b9eef6d,5,B,0,0.1925422483263162,0.21386454516281028,0.03707251739055281
516,related:80ba97a9d0f7952ba4c1ea66,5,B,1,0.10745536915057455,2.2306796883139626,0.7966359180581372
537,related:f7c3c4ca3021e9e5fe5b6472,5,B,0,0.08292457373984362,0.0865655568256747,0.0068764849299347616
544,related:a38f18581c8c2962ed1a78b8,5,B,1,0.25829168160680116,1.3536657837860568,0.5501312295736668
558,related:3fe8883858afe25cf183466a,5,B,0,0.16415473583901724,0.17931177374536378,0.026946777298377533
560,related:3848b370aa707308591385e6,5,B,0,0.044830715055783926,0.04586669248871722,0.0020097930124128916
563,related:e52b73c21e573bc5b99b34ff,5,B,0,0.0583002095358674,0.06006874897423317,0.003398914431926044
578,related:662175087580f9c08c4fa534,5,B,1,0.617407566163631,0.482225912108004,0.14637697042883638
582,related:6b54e7e553cec0494a5fd2f9,5,B,1,0.24796506105922625,1.394467425567773,0.5655565493876533
585,related:c59cffb20389eac54c5c00ad,5,B,0,0.05906308492925533,0.060879181951450624,0.0034884480013604277
602,related:a38f18581c8c2962ed1a78b8,5,B,0,0.052520283058644784,0.05394974917673958,0.0027583801325601703
620,related:d927346cef7bbe5514293005,5,B,0,0.2142709936929819,0.24114332169255034,0.045912058738177886
627,related:3fe8883858afe25cf183466a,5,B,0,0.1518936037488136,0.16474918378325215,0.023071666859801603
629,related:ef85535adfdcad9ff7f49e10,5,B,0,0.030394457582527797,0.030865947493787217,0.0009238230517360815
644,related:662175087580f9c08c4fa534,5,B,0,0.034392711807083275,0.03499806138873677,0.0011828586254450852
646,related:3df3fe3e44b224af366e1959,5,B,0,0.07400232899375499,0.07688355945116704,0.00547634469649995
647,related:bddcb4be5bc5918e60a93553,5,B,0,0.25671519361282635,0.29667598821431307,0.06590269063167092
652,related:af894faf77e839b77ceb5215,5,B,0,0.18470352825354433,0.20420346287512484,0.03411539334930785
656,related:a197edd3174cb80d8bf4e7ef,5,B,0,0.09970881781192871,0.10503703221971215,0.009941848349452392
662,related:3df3fe3e44b224af366e1959,5,B,0,0.06883113514566994,0.07131463807260896,0.004737725165441479
667,related:f1caf01bbd568cb929d5a08c,5,B,0,0.03973112089964319,0.04054195133980215,0.0015785619679420638
670,related:27520517d2e62a4d9db63007,5,B,0,0.25568015073551187,0.29528443160630413,0.06537233948013407
682,related:51d13e648d5782d8a591b9d8,5,B,0,0.058645130655038645,0.060435091099494485,0.0034392513495465535
704,related:a9fb3364a72862bcc06ee09f,5,B,0,0.05334502043467389,0.05482058210078683,0.0028456912051757744
706,related:27520517d2e62a4d9db63007,5,B,0,0.08332187858907875,0.08699888098306388,0.006942535451613179
714,related:c27962095d88d36523323e32,5,B,0,0.06526714292416996,0.06749450487497437,0.0042597999454840295
743,related:c60d46cfcb5ed1589d935afb,5,B,0,0.04759583427247146,0.04876579045256852,0.0022653634400925686
748,related:5887e34ecbea7c34c3e305c0,5,B,0,0.03840619745507965,0.03916316016276929,0.0014750360029585667
765,related:6f3eb0e506bb170f4cc09e6c,5,B,0,0.0781097922806775,0.08132914308092272,0.006101139650130588
767,related:526604316d1f316c2c59b527,5,B,0,0.035921104661473795,0.036582146082960225,0.0012903257601005545
772,related:54ed2017b3d80c167b08fd24,5,B,0,0.05729203166145729,0.05899872793882518,0.003282376891897425
775,related:2de7922e8bc2da3d77970230,5,B,0,0.7765341980643493,1.498496888109562,0.6030053607634421
779,related:80ba97a9d0f7952ba4c1ea66,5,B,0,0.3545055069521362,0.4377386000287117,0.12567415445939106
791,related:d927346cef7bbe5514293005,5,B,1,0.05936638727633018,2.824027083547678,0.8847915933855829
793,related:7fec8d14f641420b043ee54e,5,B,0,0.05857168639136619,0.06035707440126327,0.003430642446728551
804,related:a0ad4592449c37dbaca2c062,5,B,0,0.07978542382584793,0.08314840116219425,0.006365713855070182
808,related:d927346cef7bbe5514293005,5,B,0,0.041602197672040785,0.042492344687062825,0.0017307428511435558
833,related:a0ad4592449c37dbaca2c062,5,B,0,0.0732736110976904,0.07609691458654667,0.005369022083295578
840,related:c59cffb20389eac54c5c00ad,5,B,0,0.560391187849634,0.8218700108156287,0.31403828341952383
844,related:f32b624f7f062cdb1a9d1fcd,5,B,0,0.43599039288106656,0.5726839937303352,0.19008762268458676
854,related:f1ac5f7620de5ef1ce4cf2f9,5,B,1,0.06639269829643575,2.7121681939615128,0.8716225937942099
855,related:662175087580f9c08c4fa534,5,B,0,0.04381116600998243,0.04479986034208808,0.00191941826715424
857,related:f0340cae0b51cbe2ee0eac9e,5,B,0,0.05499765522605528,0.05656787024920301,0.0030247420803640452
859,related:a197edd3174cb80d8bf4e7ef,5,B,0,0.09173302420887489,0.0962169173963966,0.008414947730506026
867,related:39ae8c37a88d926801eb872f,5,B,1,0.4028263404542537,0.9092497268938233,0.35661637965525894
869,related:54ed2017b3d80c167b08fd24,5,B,0,0.05047189649564313,0.05179015095364236,0.0025474123358669135
873,related:a5c8944f8857ab7fe6a92b7c,5,B,0,0.16373780549388708,0.17881308527697667,0.026810068947954
885,related:c27962095d88d36523323e32,5,B,0,0.21709267323186243,0.24474094661399085,0.0471292287709562
886,related:14eb3bc943eefc62c9bb2f5e,5,B,0,0.029730407619391996,0.03018131581089008,0.0008838971372152017
888,related:b479dc1f20eef780811da339,5,B,0,0.20658555203057594,0.23140956087181466,0.0426775903077778
895,related:2bb9796f552c2df5fb951952,5,B,0,0.04085006050008564,0.041707866476564014,0.001668727442860657
911,related:c60d46cfcb5ed1589d935afb,5,B,0,0.0418786737525217,0.042780863677848356,0.00175382331527015
916,related:3f09a539a28e6e2ba9e0fc5b,5,B,0,0.06103212166096972,0.06297400873063358,0.003724919874439409
930,related:27520517d2e62a4d9db63007,5,B,0,0.05184383870953544,0.05323606319348802,0.0026877836121403254
933,related:3c2f7b5aaffa64131d10f73b,5,B,0,0.01917452015302916,0.019360735500831647,0.0003676622230989214
946,related:1ef35842584fa84d5aea4b52,5,B,0,0.0736384523042841,0.076490680261777,0.005422621657770325
952,related:14eb3bc943eefc62c9bb2f5e,5,B,0,0.07002793283882149,0.07260072859646513,0.004903911377678493
966,related:6d9830e0bd056d7da234eed0,5,B,0,0.0812847295522239,0.08477903004273048,0.006607207258378182
968,related:88f26cdceadf8acf59a3f3e3,5,B,0,0.04726950694351312,0.0484232137946455,0.002234406286682835
972,related:2de7922e8bc2da3d77970230,5,B,0,0.09226229882823325,0.09679981747485852,0.008512331785070212
997,related:abb169006b5a55833899b0e6,5,B,0,0.11948471405203766,0.12724799066509507,0.014276596892097206
1009,related:a9fb3364a72862bcc06ee09f,5,B,0,0.06514524748091706,0.06736410666009525,0.004243903269349931
1036,related:1ef35842584fa84d5aea4b52,5,B,0,0.06500659735066955,0.06721580570836451,0.004225857699112077
1040,related:46cbd2b81d1621813a5449e3,5,B,0,0.24037656080894118,0.27493244323854105,0.0577808909863346
1043,related:3fe8883858afe25cf183466a,5,B,0,0.02771796085157435,0.02810935287810401,0.0007682853537694083
1054,related:88f26cdceadf8acf59a3f3e3,5,B,0,0.04618766320215747,0.04728833883613128,0.0021333002320759313
1075,related:e93e2c4db29aef6729faf8e6,5,B,0,0.05646433240258807,0.05812111139319405,0.0031882208336699576
1076,related:b479dc1f20eef780811da339,5,B,0,0.035811382155972155,0.03646834184690897,0.0012824550919210808
1090,related:3f09a539a28e6e2ba9e0fc5b,5,B,0,0.042792170130683586,0.0437347430092513,0.0018311698244933684
1104,related:afcab309e278b891ca79abbb,5,B,1,0.46622747605021403,0.7630816179305038,0.28491310732372477
1124,related:13612884c6f143784b9eef6d,5,B,0,0.1786138809250175,0.19676197670767792,0.03190291845909633
1134,related:46cbd2b81d1621813a5449e3,5,B,0,0.04795470646986382,0.049142668084994554,0.002299653872610799
1135,related:e9f7602384b7e0c13387683d,5,B,0,0.04141942239523756,0.0423016536711699,0.001715568551555107
1138,related:a38f18581c8c2962ed1a78b8,5,B,0,0.08122897448361023,0.08471834380114791,0.006598146295659002
1141,related:a9fb3364a72862bcc06ee09f,5,B,0,0.05711138280534269,0.05880711870697436,0.0032617100459383925
1149,related:46cbd2b81d1621813a5449e3,5,B,1,0.06823829203554117,2.6847494048994363,0.8681798804288454
1165,related:6933601c76aba1e2590ac876,5,B,0,0.1802357561235758,0.19873848752980916,0.032484927785437094
1178,related:cc891c9686e757e00e50b629,5,B,1,0.16593342741962394,1.7961686107043169,0.6956670474959757
1179,related:6f3eb0e506bb170f4cc09e6c,5,B,0,0.05543207536969801,0.05702767865996253,0.003072714979791881
1195,related:d4f3b2e89d25c02b736fcefb,5,B,0,0.05568782126279146,0.057298469690267036,0.003101133436996609
1201,related:f1caf01bbd568cb929d5a08c,5,B,0,0.22181039894895543,0.25078508134409166,0.04919985308189477
1203,related:3c2f7b5aaffa64131d10f73b,5,B,0,0.10071869305375339,0.10615938250449512,0.01014425513045619
1221,related:8cb077be511f327863ca6525,5,B,0,0.06869397240154738,0.07116734723403029,0.004718861844304554
1224,related:c27962095d88d36523323e32,5,B,0,0.057555600087572614,0.05927835353543128,0.0033126471014405887
1233,related:13612884c6f143784b9eef6d,5,B,0,0.033455652118858696,0.0340280963568032,0.0011192806586980944
1246,related:f1caf01bbd568cb929d5a08c,5,B,0,0.04340162450981522,0.04437164594960832,0.001883701010090993
1247,related:39ae8c37a88d926801eb872f,5,B,0,0.05766267843144885,0.05939197766789295,0.0033249844838886765
1260,related:526604316d1f316c2c59b527,5,B,0,0.05832605080428157,0.06009619044043998,0.0034019282024236345
1316,related:5d6e1374973fcb92ba275840,5,B,0,0.2726268998557313,0.3183157279430414,0.07432542652494695
1331,related:8cb077be511f327863ca6525,5,B,1,0.6059013241837272,0.5010381375512791,0.15531376628013968
1356,related:8c29bd14709937d845774037,5,B,0,0.06754515376780468,0.06993455090766668,0.004562347797516378
1369,related:afcab309e278b891ca79abbb,5,B,0,0.07363006803891904,0.07648162955425979,0.0054213869194158475
1383,related:6f3eb0e506bb170f4cc09e6c,5,B,0,0.0689928451391128,0.07148831659938336,0.004760012680389601
1389,related:abb169006b5a55833899b0e6,5,B,0,0.02114337915228903,0.02137010187817386,0.00044704248197745033
1390,related:efdc58e5fbfc43d44000fe01,5,B,0,0.05099342912969517,0.052339556402181166,0.002600329814405244
1396,related:4ae949910e7e513afe417b66,5,B,0,0.07230656496660706,0.07505395095311063,0.0052282393372701675
1403,related:f32b624f7f062cdb1a9d1fcd,5,B,0,0.06987454701570292,0.07243580625039997,0.004882452320649678
1405,related:6b54e7e553cec0494a5fd2f9,5,B,0,0.07287098164584709,0.07566254472512392,0.005310179966029383
1413,related:ef85535adfdcad9ff7f49e10,5,B,0,0.024023669281145774,0.024316944175761728,0.0005771366857298671
1428,related:354268dcd462e6cc195a8195,5,B,0,0.24356551621918657,0.2791393538916595,0.05932416069111884
1439,related:f0340cae0b51cbe2ee0eac9e,5,B,0,0.03382532891438052,0.03441064218617852,0.0011441528761660267
1443,related:39ae8c37a88d926801eb872f,5,B,0,0.06538757268411573,0.06762335186875117,0.004275534661520517
1459,related:8cb077be511f327863ca6525,5,B,0,0.0704878515730927,0.07309540205461473,0.004968537219390347
1469,related:f1ac5f7620de5ef1ce4cf2f9,5,B,1,0.08673907234527531,2.44485083529114,0.8340455219807682
1471,related:5887e34ecbea7c34c3e305c0,5,B,0,0.04195964828903933,0.04286538111444801,0.0017606120845398811
1475,related:6161076bd0ce7fe9b9f20152,5,B,0,0.04196172338655232,0.0428675470981215,0.0017607862295695316
1487,related:e9f7602384b7e0c13387683d,5,B,0,0.2134986058451225,0.2401607838790469,0.04558165469781098
1489,related:f1ac5f7620de5ef1ce4cf2f9,5,B,1,0.3326821907460395,1.1005676268583295,0.44531305854750514
1501,related:12c35ea88fda20302d734c2c,5,B,0,0.26550991624417286,0.3085787841321417,0.07049551562398769
1507,related:a197edd3174cb80d8bf4e7ef,5,B,1,0.10352080648894214,2.2679826576016424,0.8036749443982367
1531,related:af894faf77e839b77ceb5215,5,B,0,0.06581009804854662,0.06807554027307124,0.00433096900515932
1533,related:e52b73c21e573bc5b99b34ff,5,B,0,0.06610452055943844,0.06839075339583563,0.004369807638393219
1548,related:80ba97a9d0f7952ba4c1ea66,5,B,0,0.01648480724670026,0.016622193632987902,0.0002717488699608615
1556,related:af894faf77e839b77ceb5215,5,B,0,0.05803838640941322,0.059790755139909516,0.0033684542970083614
1576,related:3848b370aa707308591385e6,5,B,0,0.05665589563118247,0.05832415901933178,0.003209890509771441
1583,related:f4d979be2d003e79724cc3f7,5,B,1,0.055741259696082,2.887034657684561,0.891624568640342
1598,related:2de7922e8bc2da3d77970230,5,B,0,0.07723518325534906,0.08038088004066113,0.005965273532487352
1603,related:d927346cef7bbe5514293005,5,B,0,0.06730322092671419,0.06967512659152533,0.004529723547110099
1617,related:6933601c76aba1e2590ac876,5,B,0,0.03381370207760446,0.034398608371624576,0.001143366448192992
1630,related:f0340cae0b51cbe2ee0eac9e,5,B,1,0.048436612997266815,3.027499284350735,0.9054728794841133
1639,related:f1caf01bbd568cb929d5a08c,5,B,0,0.20630574943822705,0.2310569667545917,0.04256206225126852
1654,related:c60d46cfcb5ed1589d935afb,5,B,0,0.04358678561199756,0.04456522669291409,0.0018998078799862374
1663,related:c27962095d88d36523323e32,5,B,0,0.0445485537715127,0.045571331633766844,0.001984573643133358
1671,related:efdc58e5fbfc43d44000fe01,5,B,0,0.04729741539314622,0.048452507344717906,0.002237045502871825
1681,related:4ae949910e7e513afe417b66,5,B,0,0.06949984025142408,0.07203303121948533,0.004830227794973468
1705,related:2de7922e8bc2da3d77970230,5,B,0,0.1041102974839461,0.10993797345509301,0.010838954042195753
1721,related:354268dcd462e6cc195a8195,5,B,0,0.09135075938527248,0.09579613318434432,0.00834496124026595
1729,related:afcab309e278b891ca79abbb,5,B,0,0.06499912692474573,0.06720781592356061,0.004224886500979205
1751,related:6161076bd0ce7fe9b9f20152,5,B,1,0.11980766318234479,2.1218676288829093,0.7747385497925245
1753,related:27520517d2e62a4d9db63007,5,B,0,0.07364517684280217,0.07649793937453041,0.005423612072207605
1761,related:bddcb4be5bc5918e60a93553,5,B,0,0.05211148454133715,0.05351838336965426,0.0027156068211020208
1773,related:e93e2c4db29aef6729faf8e6,5,B,0,0.07170088549654997,0.07440127646720385,0.0051410169809893705
1776,related:3c2f7b5aaffa64131d10f73b,5,B,0,0.10938166508338341,0.11583929915551942,0.011964348656413458
1784,related:54ed2017b3d80c167b08fd24,5,B,0,0.048468446742371,0.04968243120078065,0.0023491903296180543
1788,related:afcab309e278b891ca79abbb,5,B,1,0.060620331134646946,2.8031249449020916,0.8824341622775804
1797,related:2bb9796f552c2df5fb951952,5,B,0,0.03738691065775937,0.038103724301734275,0.0013977810885312811
1817,related:d4f3b2e89d25c02b736fcefb,5,B,0,0.043629065895012045,0.04460943479977721,0.0019034953908713033
1840,related:a38f18581c8c2962ed1a78b8,5,B,0,0.08818970190743472,0.09232331702160369,0.007777423522522195
1848,related:e93e2c4db29aef6729faf8e6,5,B,0,0.39411849997706544,0.5010708565507541,0.15532939202417212
1852,related:54ed2017b3d80c167b08fd24,5,B,1,0.05795527698183339,2.8480836523959536,0.8874482601663741
1900,related:6933601c76aba1e2590ac876,5,B,0,0.03695857347149312,0.03765884990728766,0.0013659361530477547
1905,related:4ae949910e7e513afe417b66,5,B,0,0.33140595300742953,0.402578208726219,0.1098299056887626
1912,related:cc891c9686e757e00e50b629,5,B,0,0.04950044701216827,0.050767587345366384,0.0024502942544044784
1913,related:2bb9796f552c2df5fb951952,5,B,0,0.04251807993500931,0.043448440544263535,0.0018077871213598416
1931,related:8c29bd14709937d845774037,5,B,0,0.06196507901179918,0.06396810147039342,0.003839671016938515
1942,related:662175087580f9c08c4fa534,5,B,1,0.2037175362883152,1.5910208706560067,0.6340657620147505
1945,related:f4d979be2d003e79724cc3f7,5,B,0,0.06322601797484287,0.06531324032816758,0.0039975293489551535
1968,related:a5c8944f8857ab7fe6a92b7c,5,B,0,0.07363260258074177,0.07648436555118991,0.005421760162813459
1973,related:efdc58e5fbfc43d44000fe01,5,B,0,0.053095425499681756,0.05455695697645225,0.0028191242089922555
1986,related:6d9830e0bd056d7da234eed0,5,B,1,0.7634802783578842,0.26986798522958066,0.055941578725663924
1990,related:bddcb4be5bc5918e60a93553,5,B,1,0.49400075134499233,0.7052182408540911,0.2560352396394323
1996,related:4ae949910e7e513afe417b66,5,B,0,0.3287052452632105,0.3985469616583201,0.10804713826354737
2047,related:a0ad4592449c37dbaca2c062,5,B,0,0.06468153651827806,0.06686820503111822,0.004183701166365338
2053,related:3f09a539a28e6e2ba9e0fc5b,5,B,0,0.06917527398814613,0.07168428364827889,0.004785218531335087
2056,related:526604316d1f316c2c59b527,5,B,0,0.1896772603043791,0.21032266660474364,0.035977463076575185
2081,related:3848b370aa707308591385e6,5,B,0,0.050929458153571895,0.0522721503144949,0.0025938097078164308
2102,related:a197edd3174cb80d8bf4e7ef,5,B,0,0.1123946700531673,0.11922808304443964,0.012632561856360344
2122,related:c60d46cfcb5ed1589d935afb,5,B,0,0.03833180606268103,0.039085800559582835,0.00146932735602699
2127,related:cc891c9686e757e00e50b629,5,B,0,0.02695085604876296,0.027320690413597734,0.0007263486417611431
2133,related:14eb3bc943eefc62c9bb2f5e,5,B,0,0.0757942196718167,0.07882052615286658,0.005744763735659605
2136,related:6d9830e0bd056d7da234eed0,5,B,0,0.07762103423493218,0.08079911409793626,0.006025024955700513
2167,related:d4f3b2e89d25c02b736fcefb,5,B,0,0.18476878938145014,0.20428351196432035,0.034139505529486684
2185,related:3df3fe3e44b224af366e1959,5,B,0,0.07691893648408354,0.08003822220801998,0.005916522789842478
2193,related:7fec8d14f641420b043ee54e,5,B,0,0.0768753787408275,0.07999103597777128,0.005909823856545674
2197,related:bddcb4be5bc5918e60a93553,5,B,0,0.06391712389701883,0.06605126357916603,0.004085398727266855
2199,related:8cb077be511f327863ca6525,5,B,0,0.0797854238258479,0.08314840116219414,0.006365713855070177
2212,related:3c2f7b5aaffa64131d10f73b,5,B,0,0.017515402933180012,0.01767061264729006,0.000306789339911651
2218,related:7fec8d14f641420b043ee54e,5,B,0,0.6103220931076007,0.9424347608481027,0.3724930573352428
2230,related:14eb3bc943eefc62c9bb2f5e,5,B,1,0.18038952708199307,1.712636726908023,0.671761327316879
2237,related:e93e2c4db29aef6729faf8e6,5,B,0,0.06328063614439149,0.06537154656094309,0.004004438910838866
2240,related:5887e34ecbea7c34c3e305c0,5,B,0,0.047687313031300395,0.04886184542133693,0.0022740798241452326
2243,related:0f7da56dd43a4c7e41f140f3,5,B,0,0.04296494714388007,0.043915260346131454,0.0018459866830764084
2251,related:5887e34ecbea7c34c3e305c0,5,B,0,0.04367091233217269,0.04465319120349027,0.0019071485839243128
2256,related:354268dcd462e6cc195a8195,5,B,0,0.0808238264643372,0.08427747365423152,0.0065324909243372935
2285,related:39ae8c37a88d926801eb872f,5,B,0,0.05268279008710061,0.054121278934415644,0.0027754763713615065
2302,related:6d9830e0bd056d7da234eed0,5,B,0,0.09186569332734787,0.09636299648144211,0.008439305610514328
2306,related:c59cffb20389eac54c5c00ad,5,B,1,0.06696225600269573,2.703626161571942,0.8705594317235792
2320,related:e9f7602384b7e0c13387683d,5,B,0,0.09169519575387093,0.0961752692155484,0.00840800892434071
2329,related:51d13e648d5782d8a591b9d8,5,B,0,0.0928407634846653,0.0974372803125643,0.008619407364415561
2332,related:f4d979be2d003e79724cc3f7,5,B,0,0.05091834339055076,0.05226043917454496,0.0025926776936380444
2342,related:a0ad4592449c37dbaca2c062,5,B,0,0.0704878515730927,0.07309540205461473,0.004968537219390347
2347,related:13612884c6f143784b9eef6d,5,B,0,0.03656848315476046,0.03725387113672576,0.0013372539602399995
2353,related:80ba97a9d0f7952ba4c1ea66,5,B,0,0.021207454473673695,0.021435563374041577,0.0004497561252529424
2358,related:ef85535adfdcad9ff7f49e10,5,B,0,0.02668561436374118,0.027048139389463006,0.0007121220139703095
2366,related:ef85535adfdcad9ff7f49e10,5,B,1,0.5674675613208641,0.5665716919283935,0.1870843105097205
2376,related:1ef35842584fa84d5aea4b52,5,B,0,0.08017988315200898,0.08357715322181533,0.006428813662269814
2383,related:efdc58e5fbfc43d44000fe01,5,B,0,0.046750086702624705,0.04787817119922779,0.0021855706067029274
2386,related:a5c8944f8857ab7fe6a92b7c,5,B,0,0.06875925789689268,0.07123745070357423,0.004727835546531398
2387,related:e9f7602384b7e0c13387683d,5,B,1,0.31382323454411665,1.1589253988999448,0.47083855345149833
4,related:8c29bd14709937d845774037,5,C,0,0.09058347886676375,0.09495207068648993,0.008205366643605435
15,related:0f7da56dd43a4c7e41f140f3,5,C,0,0.16482010268380307,0.18010813144875296,0.027165666248699386
24,related:a5c8944f8857ab7fe6a92b7c,5,C,0,0.04162230637237817,0.042513326487362946,0.0017324163877561122
30,related:12c35ea88fda20302d734c2c,5,C,0,0.031217076454471387,0.03171471329669316,0.0009745058623643119
31,related:d4f3b2e89d25c02b736fcefb,5,C,0,0.049541098870533894,0.0508103571999982,0.0024543204773000145
42,related:1ef35842584fa84d5aea4b52,5,C,0,0.04641676122457438,0.047528559613040366,0.002154515722579152
65,related:88f26cdceadf8acf59a3f3e3,5,C,0,0.43266783913498724,0.5668103251494749,0.1872014590217392
67,related:3848b370aa707308591385e6,5,C,0,0.23032547002799186,0.2617875418403499,0.05304982214361538
71,related:f7c3c4ca3021e9e5fe5b6472,5,C,0,0.14238124888215795,0.15359562426162124,0.020272420033243005
73,related:6f3eb0e506bb170f4cc09e6c,5,C,0,0.38840497678540814,0.4916849422811491,0.15085842599167343
80,related:354268dcd462e6cc195a8195,5,C,0,0.05786267981550171,0.059604239887158184,0.0033480897154312688
99,related:3fe8883858afe25cf183466a,5,C,0,0.02951643970015181,0.029960815929375904,0.0008712202125726979
101,related:7fec8d14f641420b043ee54e,5,C,1,0.28416745900250595,1.2581915702178488,0.512416226750929
102,related:8c29bd14709937d845774037,5,C,1,0.06874192554507472,2.6773959959499454,0.8672416012374952
108,related:a9fb3364a72862bcc06ee09f,5,C,0,0.03312468935143624,0.03368573636351868,0.0010972450446291534
113,related:e52b73c21e573bc5b99b34ff,5,C,0,0.2161369298561477,0.24352092931452463,0.04671517244764132
119,related:2bb9796f552c2df5fb951952,5,C,0,0.20609959336009648,0.23079725804575452,0.042477042383197126
130,related:e52b73c21e573bc5b99b34ff,5,C,0,0.022746180937475376,0.023008866347893786,0.0005173887472403682
131,related:f32b624f7f062cdb1a9d1fcd,5,C,0,0.05736741887634354,0.05907869992579379,0.0032910207485338573
153,related:cc891c9686e757e00e50b629,5,C,0,0.022150925573823445,0.022399941483604323,0.0004906635037770655
168,related:88f26cdceadf8acf59a3f3e3,5,C,0,0.431153206379218,0.5641441366110809,0.18589308737108054
206,related:6161076bd0ce7fe9b9f20152,5,C,0,0.5759400522887009,0.8578804476326991,0.3317069438303116
208,related:abb169006b5a55833899b0e6,5,C,0,0.11481611497259828,0.1219598758654387,0.013182740257400906
226,related:12c35ea88fda20302d734c2c,5,C,1,0.2546535376163682,1.3678513336751008,0.5555413489877946
256,related:3df3fe3e44b224af366e1959,5,C,0,0.04443896593626287,0.04545664077067713,0.0019748216934843315
258,related:6b54e7e553cec0494a5fd2f9,5,C,0,0.13745935703831894,0.14787300891242885,0.018895074837388042
264,related:af894faf77e839b77ceb5215,5,C,0,0.09422070457011492,0.09895960589352838,0.008877541169688873
316,related:f0340cae0b51cbe2ee0eac9e,5,C,1,0.3369019770220341,1.0879632603112943,0.439698988077287
326,related:46cbd2b81d1621813a5449e3,5,C,0,0.037627866695364345,0.03835407016000754,0.0014158563520441092
334,related:abb169006b5a55833899b0e6,5,C,0,0.030176835641773772,0.030641528889579606,0.0009106414093506278
339,related:51d13e648d5782d8a591b9d8,5,C,0,0.03708471242997423,0.037789838270357416,0.001375275896013885
346,related:526604316d1f316c2c59b527,5,C,1,0.15630205348191117,1.855964903560964,0.7118262249588398
357,related:0f7da56dd43a4c7e41f140f3,5,C,0,0.06899801184273575,0.07149386620008465,0.004760725638250304
361,related:12c35ea88fda20302d734c2c,5,C,0,0.04166925066681784,0.04256231077041489,0.001736326451134099
363,related:f7c3c4ca3021e9e5fe5b6472,5,C,0,0.042541683909470905,0.0434730929840808,0.0018097948698533356
364,related:b479dc1f20eef780811da339,5,C,0,0.191490871081432,0.21256330884929187,0.03666875370752561
371,related:6161076bd0ce7fe9b9f20152,5,C,0,0.02224466908981178,0.022495813139246274,0.0004948253029152277
378,related:f32b624f7f062cdb1a9d1fcd,5,C,0,0.10810464820916685,0.11440647190463751,0.011686614964427721
396,related:c59cffb20389eac54c5c00ad,5,C,0,0.03982187953767568,0.04063646958281617,0.0015857820899131529
401,related:51d13e648d5782d8a591b9d8,5,C,0,0.036810599990087796,0.037505209461233466,0.0013550202716302517
408,related:f4d979be2d003e79724cc3f7,5,C,0,0.5921799742847248,0.8969293153400834,0.3506771219438573
439,related:f1ac5f7620de5ef1ce4cf2f9,5,C,0,0.0458089262185832,0.046891340605993315,0.0020984577212995992
441,related:0f7da56dd43a4c7e41f140f3,5,C,0,0.34692318931194416,0.42606052922961185,0.12035569928237104
450,related:f7c3c4ca3021e9e5fe5b6472,5,C,0,0.39744509260373745,0.5065764851617461,0.15796260163479345
459,related:5d6e1374973fcb92ba275840,5,C,0,0.07564809244437623,0.07866242751336769,0.005722633890472892
468,related:6b54e7e553cec0494a5fd2f9,5,C,0,0.03409044557567942,0.03468507811341444,0.0011621584795483604
470,related:6933601c76aba1e2590ac876,5,C,0,0.13206666469751596,0.14164036991816895,0.01744160392432611
472,related:3f09a539a28e6e2ba9e0fc5b,5,C,0,0.16313786995626883,0.17809594124347325,0.02661396461386848
485,related:b479dc1f20eef780811da339,5,C,0,0.043272276249358865,0.04423643819730235,0.0018724898918008274
498,related:13612884c6f143784b9eef6d,5,C,0,0.21743171154728264,0.24517409078746047,0.047276549186380724
516,related:80ba97a9d0f7952ba4c1ea66,5,C,1,0.1081858173819679,2.223904998961868,0.7953325363186687
537,related:f7c3c4ca3021e9e5fe5b6472,5,C,0,0.05265975811361043,0.054096966388135104,0.0027730501245839595
544,related:a38f18581c8c2962ed1a78b8,5,C,1,0.2766008996531722,1.2851796072145698,0.5233062583825999
558,related:3fe8883858afe25cf183466a,5,C,0,0.14010907748376414,0.15094973206217818,0.019630553593351422
560,related:3848b370aa707308591385e6,5,C,0,0.04502446628905376,0.046069557980424496,0.0020272025646141385
563,related:e52b73c21e573bc5b99b34ff,5,C,0,0.02265037290957537,0.02291083313490085,0.0005130393929428257
578,related:662175087580f9c08c4fa534,5,C,1,0.5759879478736075,0.5516685423356947,0.17978622034843458
582,related:6b54e7e553cec0494a5fd2f9,5,C,1,0.2675715646708685,1.3183682169463584,0.5364514128786797
585,related:c59cffb20389eac54c5c00ad,5,C,0,0.042541683909470905,0.0434730929840808,0.0018097948698533356
602,related:a38f18581c8c2962ed1a78b8,5,C,0,0.044226417417768796,0.045234232284461155,0.001955975997610723
620,related:d927346cef7bbe5514293005,5,C,0,0.18750526278315255,0.20764584207079456,0.03515822357137909
627,related:3fe8883858afe25cf183466a,5,C,0,0.10774063034443385,0.11399841551198453,0.01160804342701594
629,related:ef85535adfdcad9ff7f49e10,5,C,0,0.03601041988174079,0.03667479343596436,0.0012967503400592726
644,related:662175087580f9c08c4fa534,5,C,0,0.02224466908981178,0.022495813139246274,0.0004948253029152277
646,related:3df3fe3e44b224af366e1959,5,C,0,0.08613191143950831,0.09006904118156174,0.007418706168223302
647,related:bddcb4be5bc5918e60a93553,5,C,0,0.24836738460693059,0.2855076177687665,0.06168635773648698
652,related:af894faf77e839b77ceb5215,5,C,0,0.1914084137271644,0.21246132713156157,0.036637180845549344
656,related:a197edd3174cb80d8bf4e7ef,5,C,0,0.08440525495347893,0.08818143027524031,0.00712424706376178
662,related:3df3fe3e44b224af366e1959,5,C,0,0.037379139506011544,0.038095651358964415,0.001397200070209873
667,related:f1caf01bbd568cb929d5a08c,5,C,0,0.03243161220322206,0.03296917151500226,0.0010518094701001822
670,related:27520517d2e62a4d9db63007,5,C,0,0.2452360850757567,0.2813502740971115,0.060140737423283776
682,related:51d13e648d5782d8a591b9d8,5,C,0,0.058371416717967466,0.06014436741988147,0.0034072222896626117
704,related:a9fb3364a72862bcc06ee09f,5,C,0,0.04482224507902894,0.045857825014296846,0.002009033653924534
706,related:27520517d2e62a4d9db63007,5,C,0,0.054949909257922216,0.05651734681689392,0.0030194925274538856
714,related:c27962095d88d36523323e32,5,C,0,0.10765104823904917,0.11389802137576442,0.011588748186966091
743,related:c60d46cfcb5ed1589d935afb,5,C,0,0.051059942616935396,0.052409646347048186,0.0026071177400447355
748,related:5887e34ecbea7c34c3e305c0,5,C,0,0.029570169611171336,0.030016181523009267,0.0008743949308334407
765,related:6f3eb0e506bb170f4cc09e6c,5,C,0,0.04290933410338816,0.043857152312826476,0.0018412109531961902
767,related:526604316d1f316c2c59b527,5,C,0,0.02304758352547102,0.023317331836238384,0.0005311911063635632
772,related:54ed2017b3d80c167b08fd24,5,C,0,0.18119769702631885,0.19991261257843873,0.032832605407641643
775,related:2de7922e8bc2da3d77970230,5,C,0,0.7511884253843002,1.3910593974319343,0.5642840504313443
779,related:80ba97a9d0f7952ba4c1ea66,5,C,0,0.2888308604462217,0.34084498780239525,0.08342326594610479
791,related:d927346cef7bbe5514293005,5,C,1,0.1798678562169475,1.7155328298269463,0.6726167332661854
793,related:7fec8d14f641420b043ee54e,5,C,0,0.042466098104144125,0.04339415187439267,0.001803369488190793
804,related:a0ad4592449c37dbaca2c062,5,C,0,0.08581418945382294,0.08972143437517618,0.0073640751116166156
808,related:d927346cef7bbe5514293005,5,C,0,0.03243161220322206,0.03296917151500226,0.0010518094701001822
833,related:a0ad4592449c37dbaca2c062,5,C,0,0.06504036583318,0.06725192263948448,0.004230249187713888
840,related:c59cffb20389eac54c5c00ad,5,C,0,0.7261311860478931,1.295106068443071,0.5272664993513199
844,related:f32b624f7f062cdb1a9d1fcd,5,C,0,0.44483006993565305,0.5884810318032033,0.19787379111895798
854,related:f1ac5f7620de5ef1ce4cf2f9,5,C,1,0.03185635731702319,3.4465183150913847,0.9373021128674635
855,related:662175087580f9c08c4fa534,5,C,0,0.027478420041427292,0.0278630135469706,0.000755063567973113
857,related:f0340cae0b51cbe2ee0eac9e,5,C,0,0.03601041988174079,0.03667479343596436,0.0012967503400592726
859,related:a197edd3174cb80d8bf4e7ef,5,C,0,0.06394864635590906,0.06608493900520361,0.004089429370753121
867,related:39ae8c37a88d926801eb872f,5,C,1,0.3801600918091731,0.9671628207465385,0.38420151178601275
869,related:54ed2017b3d80c167b08fd24,5,C,0,0.03032400528319834,0.0307932893489935,0.0009195452964154409
873,related:a5c8944f8857ab7fe6a92b7c,5,C,0,0.277906068947622,0.32560005014087934,0.07723178315792043
885,related:c27962095d88d36523323e32,5,C,0,0.3663280993655137,0.45622396538348414,0.13419627638474968
886,related:14eb3bc943eefc62c9bb2f5e,5,C,0,0.02224466908981178,0.022495813139246274,0.0004948253029152277
888,related:b479dc1f20eef780811da339,5,C,0,0.1784418404709956,0.19655254726214982,0.03184149043067624
895,related:2bb9796f552c2df5fb951952,5,C,0,0.029660487151181508,0.030109255478850655,0.0008797444980454033
911,related:c60d46cfcb5ed1589d935afb,5,C,0,0.029660487151181508,0.030109255478850655,0.0008797444980454033
916,related:3f09a539a28e6e2ba9e0fc5b,5,C,0,0.11628165904241333,0.12361688594051574,0.013521424229656066
930,related:27520517d2e62a4d9db63007,5,C,0,0.033893964858151195,0.03448168356601363,0.001148800853805588
933,related:3c2f7b5aaffa64131d10f73b,5,C,0,0.02951643970015181,0.029960815929375904,0.0008712202125726979
946,related:1ef35842584fa84d5aea4b52,5,C,0,0.07387411220698331,0.07674510563541867,0.005457384454369961
952,related:14eb3bc943eefc62c9bb2f5e,5,C,0,0.1704508993550503,0.18687297804145309,0.029053509090945492
966,related:6d9830e0bd056d7da234eed0,5,C,0,0.046015384513624996,0.04710773398843557,0.002117415611936759
968,related:88f26cdceadf8acf59a3f3e3,5,C,0,0.037555556235895286,0.03827893525067168,0.0014104198041874933
972,related:2de7922e8bc2da3d77970230,5,C,0,0.07599964317921462,0.07904282117084628,0.005775945763367944
997,related:abb169006b5a55833899b0e6,5,C,0,0.08769501049515385,0.09178092649643015,0.007690414865745144
1009,related:a9fb3364a72862bcc06ee09f,5,C,0,0.03868968497450209,0.03945801368030654,0.001496891723426213
1036,related:1ef35842584fa84d5aea4b52,5,C,0,0.03481700210029738,0.035437560492393855,0.0012122236352521123
1040,related:46cbd2b81d1621813a5449e3,5,C,0,0.21535479189005496,0.24252362755748133,0.04637768639000888
1043,related:3fe8883858afe25cf183466a,5,C,0,0.022042520161506835,0.022289086540214102,0.00048587269507043533
1054,related:88f26cdceadf8acf59a3f3e3,5,C,0,0.04233780789573603,0.04326018104080347,0.0017924899774162484
1075,related:e93e2c4db29aef6729faf8e6,5,C,0,0.03561684737606372,0.03626660211023227,0.0012685598170098173
1076,related:b479dc1f20eef780811da339,5,C,0,0.036678718016672156,0.03736829667392901,0.0013453283553465506
1090,related:3f09a539a28e6e2ba9e0fc5b,5,C,0,0.022539579570216815,0.022797478551300487,0.0005080326472021353
1104,related:afcab309e278b891ca79abbb,5,C,1,0.4983583838395959,0.6964358145144425,0.25164431106402213
1124,related:13612884c6f143784b9eef6d,5,C,0,0.17074703073887598,0.18723002050280996,0.029154548506142658
1134,related:46cbd2b81d1621813a5449e3,5,C,0,0.02304758352547102,0.023317331836238384,0.0005311911063635632
1135,related:e9f7602384b7e0c13387683d,5,C,0,0.022042520161506835,0.022289086540214102,0.00048587269507043533
1138,related:a38f18581c8c2962ed1a78b8,5,C,0,0.04960984437977412,0.05088268857110423,0.002461136659385406
1141,related:a9fb3364a72862bcc06ee09f,5,C,0,0.04261027706569873,0.04354473643030658,0.0018156357116156114
1149,related:46cbd2b81d1621813a5449e3,5,C,1,0.08370421763334024,2.480465912871644,0.8395979607829291
1165,related:6933601c76aba1e2590ac876,5,C,0,0.10133724002991366,0.10684744284179383,0.010269236216880336
1178,related:cc891c9686e757e00e50b629,5,C,1,0.15165582357514568,1.8861416441661638,0.7196878416739643
1179,related:6f3eb0e506bb170f4cc09e6c,5,C,0,0.03234375869277762,0.032878377393034605,0.0010461187263766279
1195,related:d4f3b2e89d25c02b736fcefb,5,C,0,0.06498289680583533,0.0671904576744777,0.004222776877277843
1201,related:f1caf01bbd568cb929d5a08c,5,C,0,0.22529345547205257,0.2552709735576479,0.05075714107853773
1203,related:3c2f7b5aaffa64131d10f73b,5,C,0,0.08411351336039366,0.08786284486960741,0.0070750831298291225
1221,related:8cb077be511f327863ca6525,5,C,0,0.059441028809979424,0.061280930250309375,0.003533235905988804
1224,related:c27962095d88d36523323e32,5,C,0,0.04162230637237817,0.042513326487362946,0.0017324163877561122
1233,related:13612884c6f143784b9eef6d,5,C,0,0.031030326162441342,0.031521963930380495,0.0009628811417474916
1246,related:f1caf01bbd568cb929d5a08c,5,C,0,0.043272276249358865,0.04423643819730235,0.0018724898918008274
1247,related:39ae8c37a88d926801eb872f,5,C,0,0.17652786764961054,0.19422557043444652,0.031162088056918415
1260,related:526604316d1f316c2c59b527,5,C,0,0.037627866695364345,0.03835407016000754,0.0014158563520441092
1316,related:5d6e1374973fcb92ba275840,5,C,0,0.16481698075654064,0.1801043934260376,0.027164637145701886
1331,related:8cb077be511f327863ca6525,5,C,1,0.48610479070854534,0.7213310595821604,0.2640882861327079
1356,related:8c29bd14709937d845774037,5,C,0,0.03100189237438492,0.031492620008019646,0.0009611173307929457
1369,related:afcab309e278b891ca79abbb,5,C,0,0.051502945767039704,0.0528765953230556,0.002652553422682633
1383,related:6f3eb0e506bb170f4cc09e6c,5,C,0,0.04805981101573386,0.04925307286165079,0.0023097454348680537
1389,related:abb169006b5a55833899b0e6,5,C,0,0.022539579570216815,0.022797478551300487,0.0005080326472021353
1390,related:efdc58e5fbfc43d44000fe01,5,C,0,0.04154768073137371,0.042435462889088615,0.0017262097741561622
1396,related:4ae949910e7e513afe417b66,5,C,0,0.09516731889349532,0.10000523513037775,0.009056818585376231
1403,related:f32b624f7f062cdb1a9d1fcd,5,C,0,0.04989489407129379,0.05118266268777195,0.0024895004543856285
1405,related:6b54e7e553cec0494a5fd2f9,5,C,0,0.051502945767039704,0.0528765953230556,0.002652553422682633
1413,related:ef85535adfdcad9ff7f49e10,5,C,0,0.032527755270111,0.033068542107383525,0.001058054862912234
1428,related:354268dcd462e6cc195a8195,5,C,0,0.30246175082282856,0.3601979292601438,0.09148311071081083
1439,related:f0340cae0b51cbe2ee0eac9e,5,C,0,0.022042520161506835,0.022289086540214102,0.00048587269507043533
1443,related:39ae8c37a88d926801eb872f,5,C,0,0.051502945767039704,0.0528765953230556,0.002652553422682633
1459,related:8cb077be511f327863ca6525,5,C,0,0.16999442084824112,0.1863228563444961,0.028898103119528916
1469,related:f1ac5f7620de5ef1ce4cf2f9,5,C,1,0.09287630819593076,2.376486690488305,0.8228733922322441
1471,related:5887e34ecbea7c34c3e305c0,5,C,0,0.03949340187459048,0.04029442732766751,0.001559728791627907
1475,related:6161076bd0ce7fe9b9f20152,5,C,0,0.03637957659256358,0.037057813564165286,0.0013234735930541999
1487,related:e9f7602384b7e0c13387683d,5,C,0,0.18269173462120908,0.20173894148195792,0.03337626989890628
1489,related:f1ac5f7620de5ef1ce4cf2f9,5,C,1,0.19794338812521597,1.6197742077296213,0.643294808652058
1501,related:12c35ea88fda20302d734c2c,5,C,0,0.2020402845999332,0.2256971647613885,0.040820276601222005
1507,related:a197edd3174cb80d8bf4e7ef,5,C,1,0.05844014278475649,2.839752248831636,0.8865349647191897
1531,related:af894faf77e839b77ceb5215,5,C,0,0.0772801098455274,0.08042956816039382,0.0059722153777367806
1533,related:e52b73c21e573bc5b99b34ff,5,C,0,0.09414370567979098,0.09887460106054113,0.008863037319123109
1548,related:80ba97a9d0f7952ba4c1ea66,5,C,0,0.02224466908981178,0.022495813139246274,0.0004948253029152277
1556,related:af894faf77e839b77ceb5215,5,C,0,0.04541761105386613,0.04648132320179062,0.002062759393840263
1576,related:3848b370aa707308591385e6,5,C,0,0.036278798162309084,0.03695323591272417,0.001316151196101561
1583,related:f4d979be2d003e79724cc3f7,5,C,1,0.20463266794454432,1.5865387708369498,0.6326091929010136
1598,related:2de7922e8bc2da3d77970230,5,C,0,0.0801662639834808,0.08356234699236385,0.0064266298810691305
1603,related:d927346cef7bbe5514293005,5,C,0,0.05262858757863626,0.05406406371937694,0.002769768230522187
1617,related:6933601c76aba1e2590ac876,5,C,0,0.024639573447541908,0.02494820803583499,0.0006071085796768122
1630,related:f0340cae0b51cbe2ee0eac9e,5,C,1,0.04911409677196237,3.0136091820893047,0.904184000957801
1639,related:f1caf01bbd568cb929d5a08c,5,C,0,0.1773032238935561,0.19516758348948512,0.03143643320304848
1654,related:c60d46cfcb5ed1589d935afb,5,C,0,0.03834649270564819,0.03910107272435693,0.0014704535028243297
1663,related:c27962095d88d36523323e32,5,C,0,0.07564967834281534,0.07866414320171822,0.005722873833371425
1671,related:efdc58e5fbfc43d44000fe01,5,C,0,0.19018684356423513,0.21095172899127207,0.036171035464926844
1681,related:4ae949910e7e513afe417b66,5,C,0,0.07746122730296379,0.08062587392680401,0.0060002417352814225
1705,related:2de7922e8bc2da3d77970230,5,C,0,0.07253990970626699,0.07530551475923758,0.005262038500193368
1721,related:354268dcd462e6cc195a8195,5,C,0,0.1480427213556017,0.16021889584614754,0.021916647346372328
1729,related:afcab309e278b891ca79abbb,5,C,0,0.12954612705926188,0.13874051033267798,0.016782199036054424
1751,related:6161076bd0ce7fe9b9f20152,5,C,1,0.11496659930760766,2.1631136336083974,0.7832841203411407
1753,related:27520517d2e62a4d9db63007,5,C,0,0.12954612705926188,0.13874051033267798,0.016782199036054424
1761,related:bddcb4be5bc5918e60a93553,5,C,0,0.030851537459064698,0.031337466710600115,0.0009518173635880722
1773,related:e93e2c4db29aef6729faf8e6,5,C,0,0.04018554939965095,0.0410152938259986,0.001614878380551787
1776,related:3c2f7b5aaffa64131d10f73b,5,C,0,0.11026085024968343,0.11682694938345271,0.012157455097783116
1784,related:54ed2017b3d80c167b08fd24,5,C,0,0.024357396482671174,0.024658944551884263,0.000593282763414042
1788,related:afcab309e278b891ca79abbb,5,C,1,0.04887241773842983,3.0185420960686926,0.9046436777387399
1797,related:2bb9796f552c2df5fb951952,5,C,0,0.022150925573823445,0.022399941483604323,0.0004906635037770655
1817,related:d4f3b2e89d25c02b736fcefb,5,C,0,0.05262858757863626,0.05406406371937694,0.002769768230522187
1840,related:a38f18581c8c2962ed1a78b8,5,C,0,0.16034044209282108,0.1747587575019794,0.025709057370521312
1848,related:e93e2c4db29aef6729faf8e6,5,C,0,0.5041474169466991,0.7014766080194131,0.25416461801402884
1852,related:54ed2017b3d80c167b08fd24,5,C,1,0.15568450158378,1.8599237453421156,0.71286866086583
1900,related:6933601c76aba1e2590ac876,5,C,0,0.032964389398019725,0.03351995835169593,0.0010866509683842753
1905,related:4ae949910e7e513afe417b66,5,C,0,0.16170444411341955,0.1763845486924939,0.02614832724603003
1912,related:cc891c9686e757e00e50b629,5,C,0,0.1408921485120224,0.15186081017842457,0.019850597512333774
1913,related:2bb9796f552c2df5fb951952,5,C,0,0.16134637880111888,0.17595750496017928,0.026032653952234145
1931,related:8c29bd14709937d845774037,5,C,0,0.023160814790714943,0.0234332410921418,0.0005364233417698
1942,related:662175087580f9c08c4fa534,5,C,1,0.2402198339905465,1.4262007999286046,0.5772659006613527
1945,related:f4d979be2d003e79724cc3f7,5,C,0,0.054949909257922216,0.05651734681689392,0.0030194925274538856
1968,related:a5c8944f8857ab7fe6a92b7c,5,C,0,0.04805202362198661,0.04924489234570556,0.0023089969741679588
1973,related:efdc58e5fbfc43d44000fe01,5,C,0,0.051502945767039704,0.0528765953230556,0.002652553422682633
1986,related:6d9830e0bd056d7da234eed0,5,C,1,0.7161021561835336,0.3339324459647919,0.08059798572363877
1990,related:bddcb4be5bc5918e60a93553,5,C,1,0.4252153575288258,0.8551595148015313,0.3303773852207156
1996,related:4ae949910e7e513afe417b66,5,C,0,0.18798452405529867,0.20823587995688167,0.035338181284297165
2047,related:a0ad4592449c37dbaca2c062,5,C,0,0.036382868375576215,0.0370612296277471,0.0013237131112345038
2053,related:3f09a539a28e6e2ba9e0fc5b,5,C,0,0.036810599990087796,0.037505209461233466,0.0013550202716302517
2056,related:526604316d1f316c2c59b527,5,C,0,0.11920392265215635,0.12692914709420636,0.014209575175661272
2081,related:3848b370aa707308591385e6,5,C,0,0.036010419881740814,0.03667479343596436,0.001296750340059274
2102,related:a197edd3174cb80d8bf4e7ef,5,C,0,0.07728010984552743,0.08042956816039394,0.005972215377736785
2122,related:c60d46cfcb5ed1589d935afb,5,C,0,0.022150925573823456,0.022399941483604323,0.000490663503777066
2127,related:cc891c9686e757e00e50b629,5,C,0,0.02224466908981178,0.022495813139246274,0.0004948253029152277
2133,related:14eb3bc943eefc62c9bb2f5e,5,C,0,0.03718438907060687,0.03789335911098918,0.001382678790554268
2136,related:6d9830e0bd056d7da234eed0,5,C,0,0.050161295732013673,0.05146309378371912,0.002516155589514533
2167,related:d4f3b2e89d25c02b736fcefb,5,C,0,0.17155976983974358,0.18821058695053702,0.02943275462746579
2185,related:3df3fe3e44b224af366e1959,5,C,0,0.10547959225065293,0.11146756159339423,0.011125944381364002
2193,related:7fec8d14f641420b043ee54e,5,C,0,0.07468901999917253,0.0776254033749626,0.0055784497084367946
2197,related:bddcb4be5bc5918e60a93553,5,C,0,0.036150025527400924,0.03681962462336442,0.0013068243456317383
2199,related:8cb077be511f327863ca6525,5,C,0,0.058613313275845756,0.06040129211195596,0.0034355204931724365
2212,related:3c2f7b5aaffa64131d10f73b,5,C,0,0.022042520161506835,0.022289086540214102,0.00048587269507043533
2218,related:7fec8d14f641420b043ee54e,5,C,0,0.5889772923616825,0.889106816283846,0.3468942509176988
2230,related:14eb3bc943eefc62c9bb2f5e,5,C,1,0.17011319608496372,1.7712912041945206,0.6887121073123138
2237,related:e93e2c4db29aef6729faf8e6,5,C,0,0.04911409677196237,0.05036119920953616,0.0024121945017256848
2240,related:5887e34ecbea7c34c3e305c0,5,C,0,0.036810599990087796,0.037505209461233466,0.0013550202716302517
2243,related:0f7da56dd43a4c7e41f140f3,5,C,0,0.038895465914549184,0.03967209956393172,0.0015128572687098574
2251,related:5887e34ecbea7c34c3e305c0,5,C,0,0.027542127466421606,0.027928523159357958,0.0007585687853766155
2256,related:354268dcd462e6cc195a8195,5,C,0,0.048478114369042924,0.04969259132185176,0.002350127572778006
2285,related:39ae8c37a88d926801eb872f,5,C,0,0.04741615756049745,0.048577152296594255,0.002248291997801919
2302,related:6d9830e0bd056d7da234eed0,5,C,0,0.051059942616935396,0.052409646347048186,0.0026071177400447355
2306,related:c59cffb20389eac54c5c00ad,5,C,1,0.09717617009638786,2.3312297611906647,0.8150908678418263
2320,related:e9f7602384b7e0c13387683d,5,C,0,0.05860813249785196,0.0603957887796792,0.003434913194885771
2329,related:51d13e648d5782d8a591b9d8,5,C,0,0.07773715223133629,0.08092501170657285,0.006043064837037953
2332,related:f4d979be2d003e79724cc3f7,5,C,0,0.05060419528138846,0.05192949175122414,0.002560784580076898
2342,related:a0ad4592449c37dbaca2c062,5,C,0,0.048478114369042924,0.04969259132185176,0.002350127572778006
2347,related:13612884c6f143784b9eef6d,5,C,0,0.0414226457495604,0.04230501630944747,0.0017158355808935743
2353,related:80ba97a9d0f7952ba4c1ea66,5,C,0,0.02767485457504302,0.028065018704209885,0.0007658975757497795
2358,related:ef85535adfdcad9ff7f49e10,5,C,0,0.03169443817778486,0.03220757847717673,0.0010045374114054267
2366,related:ef85535adfdcad9ff7f49e10,5,C,1,0.8638966290574485,0.14630215963041152,0.018524127581925783
2376,related:1ef35842584fa84d5aea4b52,5,C,0,0.09717617009638786,0.10222783883592533,0.009443208034602106
2383,related:efdc58e5fbfc43d44000fe01,5,C,0,0.21988170831769652,0.24830971479415548,0.04834796565270857
2386,related:a5c8944f8857ab7fe6a92b7c,5,C,0,0.1538889154360936,0.1671046223646486,0.023681798294097164
2387,related:e9f7602384b7e0c13387683d,5,C,1,0.41400211321169345,0.8818842007937788,0.34339352332036094
4,related:8c29bd14709937d845774037,5,D,0,0.10338410172116626,0.10912771567716723,0.010688272488692451
15,related:0f7da56dd43a4c7e41f140f3,5,D,0,0.1620161958147824,0.17675650543476842,0.026249247706293916
24,related:a5c8944f8857ab7fe6a92b7c,5,D,0,0.0398376743229382,0.040652919567291154,0.0015870402954604897
30,related:12c35ea88fda20302d734c2c,5,D,0,0.03876217508744542,0.03953342413320682,0.0015025062175097745
31,related:d4f3b2e89d25c02b736fcefb,5,D,0,0.03392425227995422,0.03451303405495222,0.0011508548927539792
42,related:1ef35842584fa84d5aea4b52,5,D,0,0.049403893232631405,0.05066601036356177,0.002440744666541243
65,related:88f26cdceadf8acf59a3f3e3,5,D,0,0.4135566857085095,0.533679266383997,0.1710291322942069
67,related:3848b370aa707308591385e6,5,D,0,0.21122858277089293,0.2372787121145592,0.044617514179399964
71,related:f7c3c4ca3021e9e5fe5b6472,5,D,0,0.13579012729901582,0.14593963145677447,0.018438958671882923
73,related:6f3eb0e506bb170f4cc09e6c,5,D,0,0.4317374100629988,0.5651716608644703,0.186397191247906
80,related:354268dcd462e6cc195a8195,5,D,0,0.06261679692423885,0.06466311228458055,0.003920863257051368
99,related:3fe8883858afe25cf183466a,5,D,0,0.024992347751907194,0.025309959555506488,0.0006246174461522606
101,related:7fec8d14f641420b043ee54e,5,D,1,0.30385509645243647,1.1912043476191512,0.48461772673524656
102,related:8c29bd14709937d845774037,5,D,1,0.08106060892154862,2.51255814582464,0.844449604475635
108,related:a9fb3364a72862bcc06ee09f,5,D,0,0.030837517021774938,0.03132300005619427,0.000950952456068259
113,related:e52b73c21e573bc5b99b34ff,5,D,0,0.23120282563278344,0.2629280967136402,0.05345474658058326
119,related:2bb9796f552c2df5fb951952,5,D,0,0.16424720800843384,0.17942241298566516,0.026977145338565735
130,related:e52b73c21e573bc5b99b34ff,5,D,0,0.025207583206121976,0.02553073650439107,0.0006354222510935627
131,related:f32b624f7f062cdb1a9d1fcd,5,D,0,0.06563965725599234,0.06789310922149967,0.004308564604684148
153,related:cc891c9686e757e00e50b629,5,D,0,0.02157882669167938,0.021815054094844164,0.0004656457613895344
168,related:88f26cdceadf8acf59a3f3e3,5,D,0,0.4131599525428283,0.5330029878416838,0.17070114638519213
206,related:6161076bd0ce7fe9b9f20152,5,D,0,0.4540081707076095,0.6051512680151553,0.2061234190692699
208,related:abb169006b5a55833899b0e6,5,D,0,0.0848117862051384,0.08862553672311595,0.007193039079306105
226,related:12c35ea88fda20302d734c2c,5,D,1,0.2934845817676401,1.225930173401726,0.49916403620004635
256,related:3df3fe3e44b224af366e1959,5,D,0,0.045996899405939325,0.04708835744053598,0.0021157147549601013
258,related:6b54e7e553cec0494a5fd2f9,5,D,0,0.12944040186238323,0.1386190578582831,0.016754817634295264
264,related:af894faf77e839b77ceb5215,5,D,0,0.0776481933711409,0.080828559192708,0.00602924193380209
316,related:f0340cae0b51cbe2ee0eac9e,5,D,1,0.32572006314634,1.1217169685162844,0.4546534332433758
326,related:46cbd2b81d1621813a5449e3,5,D,0,0.04570277456919282,0.04678009900231808,0.002088743603322458
334,related:abb169006b5a55833899b0e6,5,D,0,0.021081247735630505,0.021306630432437305,0.0004444190060910263
339,related:51d13e648d5782d8a591b9d8,5,D,0,0.03895758665389954,0.03973673639042935,0.0015176935578960916
346,related:526604316d1f316c2c59b527,5,D,1,0.14415505637516912,1.9368657783351901,0.73247056752819
357,related:0f7da56dd43a4c7e41f140f3,5,D,0,0.059996683667030204,0.0618718757105133,0.003599602051041689
361,related:12c35ea88fda20302d734c2c,5,D,0,0.05007171166019328,0.05136878319485707,0.0025071763085815356
363,related:f7c3c4ca3021e9e5fe5b6472,5,D,0,0.042929884725446184,0.043878624513344865,0.0018429750025400976
364,related:b479dc1f20eef780811da339,5,D,0,0.16307390739832484,0.17801951274778927,0.026593099274157424
371,related:6161076bd0ce7fe9b9f20152,5,D,0,0.015351865600564788,0.01547092558969027,0.00023567977741780445
378,related:f32b624f7f062cdb1a9d1fcd,5,D,0,0.11848710143572098,0.12611564473364975,0.014039193206638833
396,related:c59cffb20389eac54c5c00ad,5,D,0,0.03260964649335888,0.0331531902093949,0.001063389044421833
401,related:51d13e648d5782d8a591b9d8,5,D,0,0.04013411378038537,0.040961706134036206,0.001610747088936919
408,related:f4d979be2d003e79724cc3f7,5,D,0,0.5694107264212594,0.8426006047691559,0.3242285753635864
439,related:f1ac5f7620de5ef1ce4cf2f9,5,D,0,0.06532551369486532,0.0675569532984503,0.0042674227394980365
441,related:0f7da56dd43a4c7e41f140f3,5,D,0,0.322151104738067,0.38883088422581324,0.10378133428395703
450,related:f7c3c4ca3021e9e5fe5b6472,5,D,0,0.3713613200379701,0.46419862300552667,0.13790923002034366
459,related:5d6e1374973fcb92ba275840,5,D,0,0.08168331917658345,0.08521297963227212,0.006672164631703605
468,related:6b54e7e553cec0494a5fd2f9,5,D,0,0.0351294906917689,0.03576137389242134,0.0012340811162630777
470,related:6933601c76aba1e2590ac876,5,D,0,0.13160417315278128,0.14110764655470281,0.017319658391227236
472,related:3f09a539a28e6e2ba9e0fc5b,5,D,0,0.18799529135906254,0.2082491400183837,0.03534222957317881
485,related:b479dc1f20eef780811da339,5,D,0,0.0351927157175529,0.03582690299372174,0.0012385272395764948
498,related:13612884c6f143784b9eef6d,5,D,0,0.18633442778478895,0.20620584234396222,0.03472051897788473
516,related:80ba97a9d0f7952ba4c1ea66,5,D,1,0.07237472782314505,2.6258981037434403,0.8604886455811843
537,related:f7c3c4ca3021e9e5fe5b6472,5,D,0,0.04886485081979764,0.05009911383116897,0.002387773645641078
544,related:a38f18581c8c2962ed1a78b8,5,D,1,0.28820556270056225,1.244081294074319,0.5066513209704233
558,related:3fe8883858afe25cf183466a,5,D,0,0.12274379456859467,0.13095619081182175,0.015066039105097372
560,related:3848b370aa707308591385e6,5,D,0,0.039943186068250904,0.040762815092486665,0.0015954581132829131
563,related:e52b73c21e573bc5b99b34ff,5,D,0,0.027223715138221256,0.027601146293355895,0.0007411306659270172
578,related:662175087580f9c08c4fa534,5,D,1,0.5734234657701475,0.5561308024599603,0.18196753955555256
582,related:6b54e7e553cec0494a5fd2f9,5,D,1,0.2712977591147694,1.3045383191568578,0.5310069558711566
585,related:c59cffb20389eac54c5c00ad,5,D,0,0.03989783588461715,0.04071557922903928,0.001591837308275844
602,related:a38f18581c8c2962ed1a78b8,5,D,0,0.046884580493476415,0.048019270902165685,0.002198163888049269
620,related:d927346cef7bbe5514293005,5,D,0,0.18633436624381614,0.20620576670973048,0.03472049604348461
627,related:3fe8883858afe25cf183466a,5,D,0,0.09669080930720725,0.10169038030399068,0.009349112604482715
629,related:ef85535adfdcad9ff7f49e10,5,D,0,0.02241522399766291,0.022670263515097218,0.0005024422668654031
644,related:662175087580f9c08c4fa534,5,D,0,0.02375848266038872,0.02404526689071708,0.0005644654983239914
646,related:3df3fe3e44b224af366e1959,5,D,0,0.08662295152254333,0.09060650611705641,0.007503535730476892
647,related:bddcb4be5bc5918e60a93553,5,D,0,0.2894258621101202,0.3416819908085993,0.08376732965818633
652,related:af894faf77e839b77ceb5215,5,D,0,0.15836851842447933,0.17241303088328924,0.025080587627964647
656,related:a197edd3174cb80d8bf4e7ef,5,D,0,0.11024353608533183,0.11680748975206134,0.012153637248597861
662,related:3df3fe3e44b224af366e1959,5,D,0,0.03928830707840701,0.04008092238872506,0.0015435710730872065
667,related:f1caf01bbd568cb929d5a08c,5,D,0,0.03098319655350123,0.03147332622366596,0.0009599584686728904
670,related:27520517d2e62a4d9db63007,5,D,0,0.27153533249120515,0.3168161548541549,0.07373143679110933
682,related:51d13e648d5782d8a591b9d8,5,D,0,0.061786709485270895,0.06377796721633036,0.0038175974690172645
704,related:a9fb3364a72862bcc06ee09f,5,D,0,0.04127600529950649,0.04215205084012244,0.0017037086134848876
706,related:27520517d2e62a4d9db63007,5,D,0,0.059812971957298476,0.06167645750632357,0.0035775916143645737
714,related:c27962095d88d36523323e32,5,D,0,0.09542278802054423,0.10028761352315953,0.00910550847361372
743,related:c60d46cfcb5ed1589d935afb,5,D,0,0.04309286899953681,0.04404893403484175,0.0018569953586112403
748,related:5887e34ecbea7c34c3e305c0,5,D,0,0.02593426683560702,0.02627648976835164,0.0006725861963004661
765,related:6f3eb0e506bb170f4cc09e6c,5,D,0,0.05211540202784653,0.05352251623395279,0.0027160151285240703
767,related:526604316d1f316c2c59b527,5,D,0,0.024137027511103065,0.024433099465696138,0.0005825960970717462
772,related:54ed2017b3d80c167b08fd24,5,D,0,0.1649388596472178,0.18025033483249994,0.02720482742172461
775,related:2de7922e8bc2da3d77970230,5,D,0,0.77466145331517,1.4901513556996389,0.6001003672523713
779,related:80ba97a9d0f7952ba4c1ea66,5,D,0,0.19741374716648838,0.21991594958717578,0.0389721875703142
791,related:d927346cef7bbe5514293005,5,D,1,0.1592842348222387,1.8370650322978719,0.7068029978184286
793,related:7fec8d14f641420b043ee54e,5,D,0,0.04624053293141909,0.0473437702795694,0.002138186885781653
804,related:a0ad4592449c37dbaca2c062,5,D,0,0.08833122836353766,0.09247854387200917,0.007802405904211439
808,related:d927346cef7bbe5514293005,5,D,0,0.032015721110299135,0.03253943265386827,0.0010250063982124536
833,related:a0ad4592449c37dbaca2c062,5,D,0,0.06900790675310046,0.0715044944941953,0.004762091194444608
840,related:c59cffb20389eac54c5c00ad,5,D,0,0.6787052568994223,1.1353963743369122,0.4606408257429108
844,related:f32b624f7f062cdb1a9d1fcd,5,D,0,0.47311341187158956,0.6407699563926085,0.22383630049277634
854,related:f1ac5f7620de5ef1ce4cf2f9,5,D,1,0.046949326852361084,3.0586864109735434,0.9083055855871677
855,related:662175087580f9c08c4fa534,5,D,0,0.02696959553546323,0.02733994911935414,0.0007273590833464781
857,related:f0340cae0b51cbe2ee0eac9e,5,D,0,0.03426557489281927,0.03486640481696374,0.0011741296227354063
859,related:a197edd3174cb80d8bf4e7ef,5,D,0,0.08658192812988795,0.09056159315204432,0.007496430278689082
867,related:39ae8c37a88d926801eb872f,5,D,1,0.35388940968970467,1.0387708166625187,0.4174588949111182
869,related:54ed2017b3d80c167b08fd24,5,D,0,0.029861802351821565,0.030316745830606083,0.0008917272396992559
873,related:a5c8944f8857ab7fe6a92b7c,5,D,0,0.2450305154185837,0.28107794832289107,0.06003995348629679
885,related:c27962095d88d36523323e32,5,D,0,0.3452501681050476,0.42350205234127136,0.11919767857656363
886,related:14eb3bc943eefc62c9bb2f5e,5,D,0,0.02141614018833706,0.021648793404693785,0.0004586510605665058
888,related:b479dc1f20eef780811da339,5,D,0,0.15224498717584548,0.16516358490138586,0.023178536120173353
895,related:2bb9796f552c2df5fb951952,5,D,0,0.025115385433996384,0.025436159022365786,0.0006307825854981978
911,related:c60d46cfcb5ed1589d935afb,5,D,0,0.025567495518685635,0.025900024125050526,0.00065369682709801
916,related:3f09a539a28e6e2ba9e0fc5b,5,D,0,0.12164679667409874,0.12970648454823597,0.01479794314106952
930,related:27520517d2e62a4d9db63007,5,D,0,0.03905776520924084,0.039840981297410386,0.0015255090231401842
933,related:3c2f7b5aaffa64131d10f73b,5,D,0,0.018072493628994407,0.018237795785465624,0.00032661502597004343
946,related:1ef35842584fa84d5aea4b52,5,D,0,0.07809367061904872,0.08131165561817419,0.0060986213907564734
952,related:14eb3bc943eefc62c9bb2f5e,5,D,0,0.15422427840503028,0.16750105901999462,0.02378512804955229
966,related:6d9830e0bd056d7da234eed0,5,D,0,0.062353019064639914,0.06438175376183433,0.0038878989864753488
968,related:88f26cdceadf8acf59a3f3e3,5,D,0,0.03613195335800175,0.036800874817426346,0.0013055180534648138
972,related:2de7922e8bc2da3d77970230,5,D,0,0.09475318519479278,0.09954764892285044,0.008978166104558698
997,related:abb169006b5a55833899b0e6,5,D,0,0.06620246846951788,0.06849563991583008,0.004382766831457509
1009,related:a9fb3364a72862bcc06ee09f,5,D,0,0.035390225776501125,0.03603163846941101,0.0012524680805117245
1036,related:1ef35842584fa84d5aea4b52,5,D,0,0.038239122716056013,0.03898942752656225,0.001462230506093591
1040,related:46cbd2b81d1621813a5449e3,5,D,0,0.25833906047172284,0.2988630950640662,0.06673907016541247
1043,related:3fe8883858afe25cf183466a,5,D,0,0.019232718294835943,0.019420073140085453,0.0003698974530085172
1054,related:88f26cdceadf8acf59a3f3e3,5,D,0,0.04106569619737657,0.0419327113434694,0.0016863914041752286
1075,related:e93e2c4db29aef6729faf8e6,5,D,0,0.03968637303764464,0.040495353120912486,0.0015750082048830876
1076,related:b479dc1f20eef780811da339,5,D,0,0.029866299730532276,0.030321381653776538,0.0008919958595939923
1090,related:3f09a539a28e6e2ba9e0fc5b,5,D,0,0.02678820741955757,0.027153550821438072,0.0007176080567532393
1104,related:afcab309e278b891ca79abbb,5,D,1,0.4866221057896544,0.7202674205859684,0.2635568622638487
1124,related:13612884c6f143784b9eef6d,5,D,0,0.14907771611899773,0.16143447786805745,0.022224165443256474
1134,related:46cbd2b81d1621813a5449e3,5,D,0,0.02968921703944077,0.030138863995463186,0.0008814496084150202
1135,related:e9f7602384b7e0c13387683d,5,D,0,0.025623766054414285,0.02595777277388891,0.0006565773868113538
1138,related:a38f18581c8c2962ed1a78b8,5,D,0,0.05048157914286234,0.051800348331215905,0.002548389832757074
1141,related:a9fb3364a72862bcc06ee09f,5,D,0,0.038308452971385354,0.03906151691591546,0.0014675375690608432
1149,related:46cbd2b81d1621813a5449e3,5,D,1,0.09633401501213675,2.3399338033122965,0.816612212424085
1165,related:6933601c76aba1e2590ac876,5,D,0,0.10389325426044324,0.10969573723327976,0.010793808280825108
1178,related:cc891c9686e757e00e50b629,5,D,1,0.13837755926730583,1.9777693929676878,0.7423932303741652
1179,related:6f3eb0e506bb170f4cc09e6c,5,D,0,0.03970617308569123,0.04051597164762633,0.0015765801811108706
1195,related:d4f3b2e89d25c02b736fcefb,5,D,0,0.04113743088592819,0.04200752081844362,0.0016922882198945183
1201,related:f1caf01bbd568cb929d5a08c,5,D,0,0.21334746354390685,0.23996863192399703,0.045517140200618665
1203,related:3c2f7b5aaffa64131d10f73b,5,D,0,0.05597633135487137,0.057604040433654385,0.003133349671950356
1221,related:8cb077be511f327863ca6525,5,D,0,0.058939972223121286,0.060748349957512,0.003473920325662309
1224,related:c27962095d88d36523323e32,5,D,0,0.038356867506610465,0.039111861284735816,0.0014712492849196697
1233,related:13612884c6f143784b9eef6d,5,D,0,0.02628861987544073,0.02664034355975871,0.0006910915349554173
1246,related:f1caf01bbd568cb929d5a08c,5,D,0,0.04011780648927345,0.040944717143361356,0.0016094383975107907
1247,related:39ae8c37a88d926801eb872f,5,D,0,0.1535524990930236,0.166707098343456,0.023578369977713013
1260,related:526604316d1f316c2c59b527,5,D,0,0.03727091514781291,0.0379832309041019,0.0013891211159554697
1316,related:5d6e1374973fcb92ba275840,5,D,0,0.18555237241946482,0.2052451530926615,0.03442968291049177
1331,related:8cb077be511f327863ca6525,5,D,1,0.4940403447972087,0.7051380954990201,0.25599517269292743
1356,related:8c29bd14709937d845774037,5,D,0,0.03765781097936382,0.03838518572209858,0.0014181107277574942
1369,related:afcab309e278b891ca79abbb,5,D,0,0.051446752697457285,0.05281735275099155,0.0026467683631133283
1383,related:6f3eb0e506bb170f4cc09e6c,5,D,0,0.057736556588870606,0.0594703795860417,0.003333509966739858
1389,related:abb169006b5a55833899b0e6,5,D,0,0.016207970358445883,0.016340756258153583,0.00026269830314026036
1390,related:efdc58e5fbfc43d44000fe01,5,D,0,0.03321165228284925,0.03377568264874308,0.001103013847356886
1396,related:4ae949910e7e513afe417b66,5,D,0,0.11991038543155558,0.127731541957821,0.014378500534344215
1403,related:f32b624f7f062cdb1a9d1fcd,5,D,0,0.055831094210497784,0.05745020321744411,0.003117111080741479
1405,related:6b54e7e553cec0494a5fd2f9,5,D,0,0.051063060657782454,0.05241293216678514,0.00260743616374037
1413,related:ef85535adfdcad9ff7f49e10,5,D,0,0.019547525254751008,0.01974110494856418,0.00038210574358512846
1428,related:354268dcd462e6cc195a8195,5,D,0,0.31205185292155124,0.37404181150760885,0.09737635891177344
1439,related:f0340cae0b51cbe2ee0eac9e,5,D,0,0.02216635417122059,0.02241571970492585,0.0004913472572439884
1443,related:39ae8c37a88d926801eb872f,5,D,0,0.0472268285391711,0.04837841891427463,0.0022303733338682663
1459,related:8cb077be511f327863ca6525,5,D,0,0.16814080522714636,0.18409208953499284,0.02827133038243317
1469,related:f1ac5f7620de5ef1ce4cf2f9,5,D,1,0.12486851865456472,2.0804939460265577,0.765855109641856
1471,related:5887e34ecbea7c34c3e305c0,5,D,0,0.033631991424627874,0.034210556058785445,0.0011311108471862429
1475,related:6161076bd0ce7fe9b9f20152,5,D,0,0.024402135201467067,0.024704801246156597,0.0005954642023906782
1487,related:e9f7602384b7e0c13387683d,5,D,0,0.20466396959293043,0.2289905738744098,0.04188734044953595
1489,related:f1ac5f7620de5ef1ce4cf2f9,5,D,1,0.27139196355323353,1.3041911430985118,0.5308696707748125
1501,related:12c35ea88fda20302d734c2c,5,D,0,0.24115336629047607,0.2759555856279274,0.05815494607322852
1507,related:a197edd3174cb80d8bf4e7ef,5,D,1,0.0799621292401004,2.5262021408888153,0.8464696836324097
1531,related:af894faf77e839b77ceb5215,5,D,0,0.06986308529813327,0.07242348356111811,0.004880850687374245
1533,related:e52b73c21e573bc5b99b34ff,5,D,0,0.10437680147745333,0.1102354918210714,0.010894516686663703
1548,related:80ba97a9d0f7952ba4c1ea66,5,D,0,0.014096077998613562,0.014196371316563436,0.00019869941494299732
1556,related:af894faf77e839b77ceb5215,5,D,0,0.041927601304559935,0.04283193111577175,0.0017579237511541358
1576,related:3848b370aa707308591385e6,5,D,0,0.03146270510627849,0.03196828898416641,0.0009899018126046423
1583,related:f4d979be2d003e79724cc3f7,5,D,1,0.17373182760805456,1.7502423893132393,0.6827190927079256
1598,related:2de7922e8bc2da3d77970230,5,D,0,0.08735163900078173,0.09140461934498512,0.007630308836122892
1603,related:d927346cef7bbe5514293005,5,D,0,0.049220477448321864,0.05047308080030215,0.0024226554002407612
1617,related:6933601c76aba1e2590ac876,5,D,0,0.02462832659943733,0.024936677136123145,0.0006065544710885522
1630,related:f0340cae0b51cbe2ee0eac9e,5,D,1,0.045834456004872196,3.0827191561918528,0.9104318853475181
1639,related:f1caf01bbd568cb929d5a08c,5,D,0,0.1718302329880806,0.18853711299010184,0.02952562896873806
1654,related:c60d46cfcb5ed1589d935afb,5,D,0,0.033304356717470215,0.033871576315433395,0.0011091801763645035
1663,related:c27962095d88d36523323e32,5,D,0,0.06940924885829856,0.07193567821790228,0.004817643827073221
1671,related:efdc58e5fbfc43d44000fe01,5,D,0,0.145514718891822,0.1572560017261884,0.021174533414165975
1681,related:4ae949910e7e513afe417b66,5,D,0,0.09941143664639268,0.1047067701142326,0.009882633736099745
1705,related:2de7922e8bc2da3d77970230,5,D,0,0.09108538508897532,0.09550412220780992,0.008296547376806927
1721,related:354268dcd462e6cc195a8195,5,D,0,0.16164571288708796,0.17631449086068024,0.026129336494774873
1729,related:afcab309e278b891ca79abbb,5,D,0,0.12315554162313344,0.13142565880826765,0.015167287432487353
1751,related:6161076bd0ce7fe9b9f20152,5,D,1,0.08322613090420862,2.486193907097798,0.8404743270568673
1753,related:27520517d2e62a4d9db63007,5,D,0,0.13374973813123345,0.14358142617646338,0.017888992450173523
1761,related:bddcb4be5bc5918e60a93553,5,D,0,0.038335340945169945,0.03908947634818433,0.0014695983653824232
1773,related:e93e2c4db29aef6729faf8e6,5,D,0,0.046048055272635176,0.04714198120576421,0.002120423394391664
1776,related:3c2f7b5aaffa64131d10f73b,5,D,0,0.07193254434723183,0.07465085955667408,0.005174290936266474
1784,related:54ed2017b3d80c167b08fd24,5,D,0,0.024331272182618286,0.024632168404341903,0.0005920108060246544
1788,related:afcab309e278b891ca79abbb,5,D,1,0.04672693592322475,3.06343449422005,0.9087295346943237
1797,related:2bb9796f552c2df5fb951952,5,D,0,0.01932796332670601,0.019517190630341217,0.00037357016635849245
1817,related:d4f3b2e89d25c02b736fcefb,5,D,0,0.03610538457523246,0.036773310446257854,0.0013035987953254342
1840,related:a38f18581c8c2962ed1a78b8,5,D,0,0.1551116846104338,0.16855083149694564,0.024059634702686683
1848,related:e93e2c4db29aef6729faf8e6,5,D,0,0.5242171801329739,0.7427937896528983,0.2748036519465668
1852,related:54ed2017b3d80c167b08fd24,5,D,1,0.14326781526572702,1.9430395662632227,0.7339900363595605
1900,related:6933601c76aba1e2590ac876,5,D,0,0.03195114107019562,0.032472718878296995,0.0010208754156875415
1905,related:4ae949910e7e513afe417b66,5,D,0,0.21320491611531767,0.23978744072686226,0.045456336255739645
1912,related:cc891c9686e757e00e50b629,5,D,0,0.1263437536933942,0.13506829155561267,0.015962744097337063
1913,related:2bb9796f552c2df5fb951952,5,D,0,0.1306973634537065,0.14006395594842955,0.017081800813750256
1931,related:8c29bd14709937d845774037,5,D,0,0.029066367529478478,0.029497162696662978,0.0008448537213587208
1942,related:662175087580f9c08c4fa534,5,D,1,0.24770476212434944,1.395517717300819,0.5659481249303816
1945,related:f4d979be2d003e79724cc3f7,5,D,0,0.04903656774065282,0.05027966905895501,0.0024045849757836327
1968,related:a5c8944f8857ab7fe6a92b7c,5,D,0,0.04297094045052162,0.04392152273473454,0.0018465017232022752
1973,related:efdc58e5fbfc43d44000fe01,5,D,0,0.04067655043773085,0.041526983005553054,0.0016545817555132618
1986,related:6d9830e0bd056d7da234eed0,5,D,1,0.7701476180349767,0.26117307077501767,0.05283211749499498
1990,related:bddcb4be5bc5918e60a93553,5,D,1,0.46297356524082467,0.7700853210381144,0.2883973916301508
1996,related:4ae949910e7e513afe417b66,5,D,0,0.24246093172462757,0.2776801676475522,0.058787303412774515
2047,related:a0ad4592449c37dbaca2c062,5,D,0,0.03971688285884763,0.040527124310048616,0.0015774307840234244
2053,related:3f09a539a28e6e2ba9e0fc5b,5,D,0,0.041303645502032714,0.04218088145364929,0.0017059911317575873
2056,related:526604316d1f316c2c59b527,5,D,0,0.12591802056710377,0.13458110974721474,0.01585534790353757
2081,related:3848b370aa707308591385e6,5,D,0,0.032420521026271756,0.03295770864217391,0.001051090183614929
2102,related:a197edd3174cb80d8bf4e7ef,5,D,0,0.10201669256230955,0.10760379945216152,0.010407405561352785
2122,related:c60d46cfcb5ed1589d935afb,5,D,0,0.01967799506813168,0.019874184825853035,0.00038722348990141475
2127,related:cc891c9686e757e00e50b629,5,D,0,0.019972160503351773,0.020174300071368088,0.00039888719517164453
2133,related:14eb3bc943eefc62c9bb2f5e,5,D,0,0.03638307962867024,0.03706144885705533,0.0013237284832661594
2136,related:6d9830e0bd056d7da234eed0,5,D,0,0.06441545404424542,0.0665837621984493,0.004149350719726294
2167,related:d4f3b2e89d25c02b736fcefb,5,D,0,0.11662479771360366,0.12400525097847889,0.013601343441738975
2185,related:3df3fe3e44b224af366e1959,5,D,0,0.10470481784622243,0.11060180262113489,0.010963098880210619
2193,related:7fec8d14f641420b043ee54e,5,D,0,0.07391087392610493,0.07678480050761365,0.005462817284520578
2197,related:bddcb4be5bc5918e60a93553,5,D,0,0.04177287660313213,0.04267044832043593,0.0017449732197005036
2199,related:8cb077be511f327863ca6525,5,D,0,0.061611210321227405,0.06359092792184444,0.003795941237246518
2212,related:3c2f7b5aaffa64131d10f73b,5,D,0,0.013884874061907138,0.013982170609187205,0.0001927897277150216
2218,related:7fec8d14f641420b043ee54e,5,D,0,0.5923770659916214,0.8974127132488747,0.35091058831284183
2230,related:14eb3bc943eefc62c9bb2f5e,5,D,1,0.16412664266614096,1.8071169377808334,0.6986842695005772
2237,related:e93e2c4db29aef6729faf8e6,5,D,0,0.055405602973270435,0.05699965312067905,0.0030697808408316736
2240,related:5887e34ecbea7c34c3e305c0,5,D,0,0.031577997313003786,0.03208733351649655,0.0009971699143000742
2243,related:0f7da56dd43a4c7e41f140f3,5,D,0,0.037155201970570075,0.03786304525097192,0.0013805090334738544
2251,related:5887e34ecbea7c34c3e305c0,5,D,0,0.02433855273812357,0.02463963055052123,0.0005923651493864223
2256,related:354268dcd462e6cc195a8195,5,D,0,0.05661704947411135,0.0582829806655516,0.003205490291153972
2285,related:39ae8c37a88d926801eb872f,5,D,0,0.0418827120659262,0.04278507851140256,0.0017541615699972798
2302,related:6d9830e0bd056d7da234eed0,5,D,0,0.06896152823807969,0.07145467950629779,0.004755692376931462
2306,related:c59cffb20389eac54c5c00ad,5,D,1,0.08803472889634763,2.430023895806993,0.8316806556991581
2320,related:e9f7602384b7e0c13387683d,5,D,0,0.057507781047347745,0.05922761544720428,0.0033071448809896885
2329,related:51d13e648d5782d8a591b9d8,5,D,0,0.07994400061595991,0.08332074189579143,0.006391043234484598
2332,related:f4d979be2d003e79724cc3f7,5,D,0,0.043497013086811864,0.044471367353764196,0.0018919901474742826
2342,related:a0ad4592449c37dbaca2c062,5,D,0,0.05129010885794434,0.05265222664202471,0.0026306752666597805
2347,related:13612884c6f143784b9eef6d,5,D,0,0.034087841633732185,0.03468238227256128,0.0011619809472464054
2353,related:80ba97a9d0f7952ba4c1ea66,5,D,0,0.016111937565426074,0.016243146089221335,0.0002595945321121879
2358,related:ef85535adfdcad9ff7f49e10,5,D,0,0.019747698915489716,0.019945290365870984,0.0003899716124568337
2366,related:ef85535adfdcad9ff7f49e10,5,D,1,0.7846971808351826,0.24245739252091747,0.04635530394031807
2376,related:1ef35842584fa84d5aea4b52,5,D,0,0.09968872853893693,0.10501471827367491,0.009937842597709858
2383,related:efdc58e5fbfc43d44000fe01,5,D,0,0.16745920313223683,0.18327305308169367,0.028042584713683757
2386,related:a5c8944f8857ab7fe6a92b7c,5,D,0,0.13936282446859413,0.15008226228610969,0.01942199684386418
2387,related:e9f7602384b7e0c13387683d,5,D,1,0.40258534352958086,0.9098481709856031,0.3569042717656689
